airline,origin,destination,departure_hour,month,day_of_week,distance,weather,delay_minutes,delayed
AI,DEL,BOM,12,12,Saturday,1072,Cloudy,5,0
SG,HYD,BLR,8,7,Sunday,1191,Clear,17,1
SG,HYD,CCU,3,3,Sunday,988,Clear,3,0
UK,MAA,DEL,8,10,Friday,1872,Clear,0,0
UK,HYD,DEL,21,5,Sunday,967,Clear,0,0
QP,BOM,MAA,9,7,Saturday,1155,Clear,10,0
AI,BLR,HYD,0,3,Sunday,1069,Clear,10,0
SG,BLR,MAA,8,5,Thursday,1330,Clear,2,0
6E,CCU,HYD,11,6,Sunday,1020,Clear,0,0
AI,HYD,BLR,14,9,Monday,1444,Rain,26,1
UK,HYD,CCU,15,11,Sunday,680,Clear,0,0
QP,MAA,BOM,10,3,Sunday,1145,Cloudy,22,1
SG,BLR,CCU,3,7,Saturday,1673,Rain,32,1
SG,CCU,BOM,10,12,Sunday,1299,Clear,14,0
SG,MAA,BOM,0,1,Wednesday,676,Clear,0,0
SG,CCU,HYD,12,7,Wednesday,1275,Clear,13,0
UK,MAA,HYD,10,10,Monday,637,Clear,0,0
AI,HYD,BLR,8,2,Tuesday,1727,Clear,1,0
QP,DEL,BOM,15,9,Sunday,1621,Cloudy,13,0
UK,HYD,BLR,18,6,Monday,1735,Cloudy,18,1
UK,DEL,MAA,6,8,Tuesday,1622,Clear,1,0
6E,HYD,DEL,12,9,Thursday,1529,Fog,35,1
AI,MAA,BOM,12,2,Wednesday,1330,Fog,19,1
QP,HYD,BOM,12,1,Sunday,859,Clear,0,0
SG,BOM,BLR,9,4,Monday,1120,Cloudy,20,1
SG,DEL,MAA,5,4,Monday,1570,Clear,6,0
UK,MAA,BOM,4,4,Tuesday,1474,Rain,18,1
QP,MAA,BOM,0,12,Friday,1508,Cloudy,5,0
UK,BLR,CCU,1,9,Wednesday,721,Clear,0,0
UK,MAA,BLR,19,5,Saturday,736,Clear,2,0
UK,MAA,CCU,1,8,Monday,926,Cloudy,14,0
6E,HYD,CCU,20,2,Wednesday,1487,Clear,0,0
AI,DEL,MAA,21,3,Friday,1114,Cloudy,14,0
UK,CCU,BLR,5,2,Friday,1206,Rain,18,1
QP,BLR,BOM,10,6,Thursday,1373,Clear,16,1
AI,MAA,CCU,8,8,Thursday,1642,Clear,16,1
QP,CCU,BLR,9,7,Monday,1735,Cloudy,20,1
QP,BLR,DEL,8,7,Monday,801,Cloudy,12,0
6E,HYD,MAA,8,2,Monday,1103,Clear,0,0
SG,DEL,BLR,16,8,Thursday,1062,Clear,30,1
AI,CCU,BOM,9,7,Sunday,1650,Cloudy,20,1
SG,DEL,CCU,4,12,Monday,1621,Clear,0,0
SG,HYD,DEL,9,3,Monday,1683,Clear,4,0
6E,BLR,CCU,23,1,Friday,698,Clear,0,0
AI,DEL,CCU,23,6,Thursday,1343,Rain,30,1
QP,BLR,MAA,1,3,Wednesday,1180,Rain,22,1
UK,CCU,BOM,13,3,Monday,844,Rain,13,0
QP,BOM,MAA,23,3,Saturday,1055,Rain,20,1
SG,BOM,CCU,4,9,Friday,1642,Clear,9,0
SG,BOM,MAA,1,6,Friday,942,Cloudy,21,1
SG,DEL,BLR,5,11,Tuesday,1148,Cloudy,2,0
AI,BOM,MAA,7,2,Sunday,639,Rain,22,1
6E,HYD,BLR,22,12,Monday,1285,Rain,6,0
UK,MAA,BOM,6,5,Saturday,529,Clear,0,0
UK,MAA,BOM,7,7,Saturday,1538,Clear,0,0
AI,MAA,BLR,6,10,Saturday,1348,Rain,17,1
UK,MAA,BOM,9,6,Friday,1779,Clear,0,0
AI,BLR,HYD,23,2,Wednesday,1260,Clear,0,0
SG,CCU,BOM,2,3,Thursday,1468,Storm,58,1
SG,BOM,HYD,11,11,Thursday,1733,Fog,30,1
QP,MAA,BLR,14,1,Sunday,812,Clear,0,0
SG,DEL,CCU,2,11,Saturday,921,Clear,3,0
6E,MAA,CCU,1,9,Thursday,1228,Clear,5,0
QP,DEL,BLR,23,7,Saturday,562,Clear,9,0
UK,BOM,MAA,6,4,Sunday,583,Clear,0,0
6E,BLR,BOM,5,11,Friday,1179,Clear,1,0
QP,MAA,CCU,8,1,Wednesday,705,Rain,11,0
6E,DEL,BOM,1,9,Monday,609,Clear,3,0
AI,BOM,CCU,3,3,Sunday,1372,Clear,0,0
UK,BLR,CCU,0,5,Monday,954,Cloudy,0,0
SG,MAA,BOM,12,1,Thursday,280,Clear,0,0
AI,CCU,DEL,11,7,Monday,1414,Rain,29,1
UK,HYD,MAA,6,2,Sunday,734,Clear,0,0
AI,HYD,CCU,22,2,Monday,1131,Clear,0,0
SG,BLR,MAA,7,4,Friday,1669,Clear,1,0
UK,MAA,DEL,0,6,Saturday,929,Clear,0,0
6E,DEL,HYD,2,12,Saturday,1354,Clear,0,0
6E,DEL,BLR,17,10,Thursday,1707,Fog,40,1
UK,BOM,CCU,12,5,Friday,1424,Rain,25,1
SG,BOM,MAA,6,8,Thursday,954,Fog,41,1
QP,BLR,MAA,5,10,Saturday,1129,Cloudy,5,0
UK,CCU,BLR,5,5,Monday,706,Clear,0,0
AI,HYD,BOM,10,10,Sunday,612,Storm,51,1
QP,BLR,MAA,16,8,Saturday,887,Cloudy,21,1
SG,BOM,DEL,15,9,Sunday,1779,Clear,22,1
SG,HYD,DEL,17,12,Monday,1829,Cloudy,25,1
AI,BOM,DEL,0,5,Tuesday,1593,Cloudy,18,1
6E,CCU,HYD,13,1,Tuesday,822,Cloudy,18,1
SG,BLR,DEL,18,7,Wednesday,1264,Rain,37,1
QP,HYD,DEL,4,4,Saturday,912,Fog,25,1
UK,CCU,BOM,13,1,Saturday,953,,12,0
QP,BOM,CCU,0,2,Friday,648,Rain,27,1
QP,BLR,MAA,21,7,Wednesday,1723,Cloudy,17,1
6E,HYD,DEL,17,12,Monday,1249,Clear,5,0
QP,BOM,MAA,14,5,Friday,1426,Cloudy,3,0
6E,DEL,BLR,14,7,Monday,823,Cloudy,7,0
6E,BOM,MAA,16,3,Tuesday,1884,Clear,15,1
SG,DEL,HYD,10,2,Wednesday,632,Cloudy,13,0
SG,MAA,CCU,23,10,Saturday,553,Clear,0,0
AI,DEL,CCU,5,8,Friday,1104,Clear,13,0
QP,BOM,BLR,19,3,Monday,1797,Cloudy,10,0
AI,CCU,BOM,18,7,Tuesday,1613,Rain,38,1
QP,HYD,BOM,20,7,Saturday,1866,Clear,29,1
AI,MAA,CCU,1,1,Friday,1233,Rain,19,1
SG,MAA,CCU,10,4,Friday,809,Clear,12,0
SG,BOM,HYD,15,11,Wednesday,945,Cloudy,6,0
SG,HYD,BLR,14,5,Saturday,1294,Rain,26,1
SG,BOM,HYD,16,9,Friday,1916,Fog,58,1
UK,HYD,DEL,15,8,Monday,943,Clear,0,0
SG,MAA,CCU,5,1,Saturday,768,Rain,19,1
6E,CCU,MAA,19,12,Wednesday,994,Rain,26,1
SG,CCU,HYD,11,12,Saturday,1094,Clear,3,0
UK,DEL,MAA,23,9,Friday,1424,Clear,5,0
UK,BOM,MAA,12,2,Tuesday,807,Rain,16,1
UK,HYD,BLR,12,11,Monday,1566,Clear,0,0
UK,BOM,MAA,14,1,Monday,1207,Cloudy,0,0
AI,HYD,CCU,20,7,Tuesday,1022,Clear,5,0
AI,CCU,BOM,21,6,Monday,1004,Clear,3,0
6E,BOM,CCU,14,9,Friday,1730,Clear,0,0
AI,CCU,DEL,13,2,Tuesday,1428,Clear,0,0
UK,CCU,BOM,1,11,Thursday,1090,Clear,0,0
SG,CCU,BOM,1,7,Wednesday,1092,Rain,37,1
SG,DEL,HYD,17,4,Friday,746,Cloudy,28,1
UK,BOM,CCU,8,4,Monday,559,Clear,13,0
QP,DEL,MAA,10,9,Wednesday,1734,Cloudy,24,1
UK,DEL,HYD,15,3,Saturday,1813,Clear,0,0
AI,DEL,MAA,5,4,Tuesday,819,Clear,0,0
SG,BLR,BOM,7,12,Saturday,837,Clear,6,0
UK,DEL,HYD,1,11,Tuesday,1632,Clear,0,0
SG,BOM,HYD,18,4,Friday,948,Clear,15,1
UK,CCU,BOM,12,7,Tuesday,1526,Cloudy,6,0
UK,CCU,HYD,4,5,Wednesday,1722,Fog,32,1
AI,CCU,BLR,14,3,Thursday,1673,Clear,4,0
UK,DEL,MAA,3,4,Friday,1327,Clear,5,0
SG,HYD,CCU,18,2,Thursday,495,Cloudy,15,1
6E,HYD,MAA,5,11,Friday,1618,Rain,4,0
SG,DEL,BLR,6,3,Wednesday,789,Clear,10,0
AI,CCU,DEL,21,3,Friday,799,Rain,25,1
6E,BLR,CCU,17,8,Monday,682,Storm,57,1
UK,CCU,BLR,16,2,Monday,629,Clear,3,0
QP,DEL,HYD,14,12,Tuesday,770,Clear,0,0
6E,HYD,DEL,12,11,Sunday,1062,Cloudy,1,0
6E,DEL,CCU,4,5,Friday,459,Clear,0,0
UK,CCU,BOM,7,3,Wednesday,775,Clear,0,0
QP,HYD,CCU,23,2,Friday,744,Rain,24,1
QP,DEL,BOM,22,11,Tuesday,1499,Cloudy,2,0
AI,BOM,CCU,17,6,Saturday,1384,Cloudy,29,1
6E,BLR,HYD,21,7,Wednesday,636,Cloudy,0,0
QP,DEL,MAA,19,2,Friday,1705,Clear,30,1
AI,DEL,HYD,9,10,Tuesday,590,Rain,35,1
QP,CCU,BLR,17,7,Monday,529,Rain,31,1
6E,CCU,HYD,18,1,Sunday,1098,Rain,34,1
QP,HYD,DEL,3,1,Friday,1752,Clear,0,0
6E,CCU,HYD,21,12,Friday,820,Rain,21,1
UK,HYD,MAA,11,1,Friday,1962,Rain,9,0
SG,DEL,MAA,7,4,Sunday,943,Clear,6,0
AI,MAA,CCU,11,1,Monday,1221,Clear,8,0
UK,DEL,HYD,7,1,Sunday,868,Clear,0,0
UK,MAA,BLR,7,10,Thursday,1372,Clear,0,0
SG,BLR,DEL,13,10,Friday,870,Clear,0,0
QP,DEL,MAA,23,4,Sunday,859,Clear,3,0
SG,BOM,BLR,9,3,Saturday,1010,Clear,2,0
UK,MAA,HYD,5,3,Wednesday,771,Clear,3,0
UK,CCU,HYD,18,5,Sunday,1319,,5,0
UK,HYD,CCU,7,10,Monday,1106,Cloudy,0,0
QP,DEL,BOM,12,8,Tuesday,1435,Cloudy,32,1
6E,CCU,BLR,6,6,Tuesday,743,Cloudy,16,1
AI,MAA,CCU,5,1,Tuesday,1188,Clear,0,0
6E,BLR,HYD,6,2,Friday,1529,Rain,20,1
AI,HYD,BOM,8,3,Wednesday,624,Cloudy,10,0
AI,CCU,BLR,22,3,Saturday,777,Cloudy,0,0
AI,BLR,MAA,16,6,Friday,468,Rain,48,1
SG,DEL,CCU,16,11,Friday,794,Clear,13,0
SG,DEL,MAA,1,6,Saturday,1849,Cloudy,9,0
SG,HYD,BLR,0,4,Wednesday,657,Rain,27,1
UK,CCU,MAA,8,7,Wednesday,861,Clear,8,0
SG,MAA,DEL,21,1,Monday,924,Clear,13,0
AI,HYD,BOM,0,9,Saturday,1570,Clear,3,0
QP,BOM,DEL,18,1,Tuesday,1424,Clear,25,1
UK,BLR,HYD,19,5,Friday,569,Fog,30,1
QP,DEL,BLR,6,12,Saturday,745,Rain,31,1
AI,BLR,BOM,2,5,Wednesday,1395,Clear,13,0
UK,HYD,DEL,3,9,Tuesday,1584,Clear,0,0
SG,CCU,HYD,1,4,Friday,1261,Rain,17,1
UK,CCU,MAA,20,11,Wednesday,1066,Cloudy,12,0
UK,MAA,BOM,18,5,Saturday,1173,Clear,1,0
AI,DEL,HYD,16,3,Thursday,1642,Clear,16,1
6E,MAA,CCU,2,1,Wednesday,926,Fog,27,1
6E,BOM,HYD,22,4,Saturday,1688,Clear,0,0
6E,HYD,BLR,16,7,Wednesday,1697,Clear,10,0
SG,CCU,BOM,19,1,Saturday,1866,Clear,12,0
SG,CCU,BOM,9,3,Friday,1353,Rain,48,1
SG,HYD,CCU,4,5,Sunday,957,Cloudy,15,1
6E,BOM,MAA,19,9,Thursday,1554,Clear,12,0
QP,HYD,CCU,1,8,Monday,1179,Clear,0,0
AI,MAA,HYD,4,1,Tuesday,1748,Fog,26,1
6E,HYD,CCU,3,1,Monday,1711,Clear,0,0
AI,BLR,MAA,2,1,Saturday,502,Clear,10,0
6E,BLR,DEL,13,4,Tuesday,1512,Clear,0,0
QP,HYD,BOM,5,4,Tuesday,1462,Clear,17,1
6E,DEL,BOM,23,2,Friday,1282,Fog,31,1
QP,CCU,HYD,22,6,Tuesday,1796,Clear,15,1
UK,DEL,BOM,4,8,Sunday,417,Clear,4,0
SG,CCU,BLR,19,9,Sunday,1797,Clear,31,1
UK,DEL,BLR,0,12,Thursday,701,Clear,0,0
6E,HYD,MAA,6,9,Friday,570,Clear,0,0
SG,BLR,HYD,15,12,Wednesday,1496,Fog,44,1
QP,HYD,DEL,4,12,Thursday,1682,Clear,0,0
6E,BLR,MAA,1,11,Thursday,1780,Clear,5,0
SG,CCU,BLR,3,5,Wednesday,489,Clear,18,1
6E,DEL,HYD,15,1,Thursday,1691,Fog,23,1
SG,CCU,HYD,5,1,Tuesday,1589,Fog,27,1
SG,MAA,BOM,5,11,Friday,1117,Fog,28,1
UK,MAA,BLR,4,11,Monday,1377,Clear,0,0
SG,DEL,CCU,21,4,Sunday,1014,Cloudy,20,1
6E,DEL,BOM,21,9,Sunday,1039,Cloudy,25,1
AI,BLR,CCU,19,6,Tuesday,758,Clear,11,0
AI,BOM,BLR,0,1,Monday,990,Cloudy,13,0
UK,MAA,CCU,6,8,Thursday,1391,Cloudy,0,0
QP,CCU,BLR,21,2,Monday,786,Cloudy,3,0
AI,BLR,MAA,13,2,Wednesday,1564,Clear,0,0
UK,MAA,BOM,0,6,Saturday,1113,Clear,0,0
SG,DEL,MAA,5,1,Wednesday,1767,Cloudy,10,0
6E,MAA,BLR,19,5,Sunday,617,Clear,7,0
SG,DEL,CCU,21,10,Monday,733,Clear,2,0
6E,MAA,CCU,10,8,Friday,969,Cloudy,16,1
QP,BLR,HYD,3,1,Thursday,1310,Clear,0,0
UK,BLR,CCU,1,3,Tuesday,1218,Clear,0,0
UK,BOM,HYD,5,12,Thursday,604,Clear,0,0
AI,BLR,DEL,19,12,Tuesday,1094,Clear,2,0
UK,CCU,MAA,19,12,Friday,1178,Clear,6,0
QP,MAA,HYD,6,7,Sunday,1425,Rain,27,1
AI,BLR,DEL,23,6,Thursday,1081,Rain,24,1
SG,BOM,DEL,21,10,Friday,1357,Clear,0,0
UK,HYD,MAA,23,12,Friday,1335,Cloudy,0,0
SG,MAA,CCU,18,2,Saturday,606,Clear,13,0
SG,BOM,MAA,13,11,Thursday,1495,Clear,10,0
UK,MAA,BLR,23,8,Thursday,1674,Rain,24,1
6E,CCU,BOM,16,2,Monday,1209,Storm,55,1
SG,CCU,BLR,19,11,Saturday,791,Clear,19,1
AI,HYD,BOM,9,1,Sunday,1113,Rain,32,1
UK,BOM,MAA,5,1,Sunday,665,Clear,0,0
AI,BOM,DEL,13,5,Saturday,1238,Rain,32,1
SG,MAA,HYD,9,7,Wednesday,723,Cloudy,19,1
SG,BLR,BOM,8,6,Friday,957,Clear,17,1
AI,DEL,MAA,16,3,Wednesday,1605,Rain,30,1
SG,MAA,BOM,14,8,Sunday,1726,Cloudy,22,1
UK,DEL,MAA,7,6,Monday,1307,Storm,47,1
SG,CCU,HYD,5,2,Sunday,1942,Clear,15,1
AI,BLR,HYD,13,10,Saturday,920,Fog,17,1
AI,BLR,HYD,7,4,Sunday,903,Rain,30,1
UK,DEL,HYD,5,9,Tuesday,1716,Clear,1,0
AI,BOM,BLR,5,5,Thursday,1371,Clear,0,0
6E,CCU,BLR,15,10,Tuesday,1099,Fog,20,1
SG,HYD,MAA,9,4,Friday,926,Cloudy,9,0
AI,CCU,BOM,8,3,Friday,1207,Clear,13,0
SG,CCU,MAA,2,1,Friday,1820,Clear,6,0
AI,DEL,BOM,1,10,Saturday,797,Clear,3,0
AI,BLR,DEL,16,9,Monday,1594,Clear,16,1
UK,CCU,BLR,23,8,Wednesday,1077,Clear,0,0
SG,BLR,BOM,7,8,Tuesday,1052,Cloudy,7,0
AI,HYD,MAA,20,1,Sunday,819,Clear,0,0
6E,HYD,MAA,14,5,Thursday,1504,Clear,10,0
QP,MAA,DEL,7,11,Tuesday,978,Clear,0,0
QP,CCU,BLR,13,4,Wednesday,1007,Clear,20,1
UK,CCU,MAA,3,1,Thursday,1713,Cloudy,0,0
UK,HYD,MAA,8,11,Wednesday,1238,Clear,0,0
6E,HYD,DEL,17,1,Friday,612,Fog,33,1
SG,BLR,HYD,20,9,Saturday,1722,Cloudy,34,1
UK,DEL,HYD,5,11,Friday,775,Rain,20,1
6E,MAA,BOM,21,9,Friday,1664,Clear,0,0
AI,DEL,HYD,14,1,Friday,1158,Rain,22,1
AI,MAA,HYD,5,11,Wednesday,1404,Cloudy,0,0
QP,BLR,DEL,18,2,Friday,1470,Storm,57,1
UK,MAA,BOM,21,11,Monday,924,Cloudy,0,0
UK,CCU,BOM,6,1,Saturday,865,Fog,20,1
UK,HYD,DEL,2,6,Wednesday,700,Rain,9,0
SG,HYD,MAA,6,11,Saturday,921,Fog,18,1
AI,BLR,HYD,18,4,Tuesday,655,Cloudy,27,1
AI,BLR,CCU,1,1,Sunday,640,Clear,3,0
6E,DEL,HYD,6,2,Thursday,1105,Cloudy,9,0
UK,DEL,HYD,7,5,Sunday,1616,Fog,35,1
SG,MAA,HYD,0,5,Wednesday,933,Storm,27,1
UK,CCU,BOM,14,3,Thursday,1634,Fog,21,1
UK,DEL,HYD,19,6,Friday,866,Clear,26,1
QP,BOM,DEL,3,5,Friday,1319,Rain,17,1
AI,HYD,BOM,21,8,Tuesday,1191,,0,0
UK,MAA,BLR,22,4,Wednesday,1355,Cloudy,0,0
UK,MAA,BLR,20,4,Tuesday,1377,Clear,0,0
UK,MAA,BLR,17,11,Friday,1571,Clear,9,0
QP,DEL,BOM,10,10,Wednesday,1106,Clear,8,0
6E,BOM,DEL,4,10,Monday,720,Clear,0,0
QP,BLR,DEL,21,5,Wednesday,574,Clear,0,0
6E,DEL,CCU,12,11,Wednesday,1659,Cloudy,0,0
UK,BLR,CCU,10,5,Thursday,733,Clear,2,0
UK,BLR,CCU,9,9,Sunday,505,Cloudy,3,0
QP,CCU,BLR,5,10,Sunday,996,Clear,0,0
UK,BOM,BLR,9,4,Friday,1797,Clear,2,0
6E,CCU,BLR,19,8,Sunday,1012,Clear,9,0
AI,MAA,CCU,13,3,Monday,1336,Clear,9,0
6E,MAA,HYD,9,5,Sunday,1132,Rain,23,1
QP,MAA,DEL,2,7,Thursday,1665,Rain,20,1
AI,CCU,BOM,9,8,Wednesday,1554,Cloudy,18,1
QP,BOM,CCU,5,5,Wednesday,1035,Cloudy,1,0
UK,BLR,DEL,9,9,Wednesday,1042,Cloudy,4,0
AI,HYD,CCU,3,8,Saturday,1133,Rain,42,1
6E,CCU,MAA,22,11,Thursday,1512,Clear,2,0
UK,DEL,BOM,4,1,Monday,1546,Clear,0,0
6E,BLR,HYD,2,7,Sunday,816,Rain,26,1
AI,BOM,HYD,15,9,Friday,934,Clear,7,0
SG,BOM,MAA,8,6,Wednesday,1445,Fog,55,1
SG,MAA,DEL,23,4,Friday,1222,Rain,0,0
AI,BOM,DEL,9,7,Wednesday,1488,Clear,11,0
6E,MAA,BOM,15,6,Friday,441,Fog,21,1
6E,CCU,BLR,20,6,Monday,1655,Clear,21,1
SG,MAA,BLR,23,12,Tuesday,1688,Cloudy,6,0
SG,BOM,CCU,19,6,Wednesday,1720,Cloudy,19,1
SG,DEL,HYD,13,3,Saturday,815,Rain,26,1
QP,BLR,BOM,19,1,Saturday,1171,,7,0
SG,HYD,DEL,6,2,Saturday,1283,Clear,9,0
6E,MAA,DEL,20,7,Thursday,705,Clear,11,0
AI,BLR,DEL,20,3,Wednesday,1568,Clear,11,0
SG,BOM,CCU,9,2,Thursday,600,Clear,10,0
QP,CCU,BOM,1,5,Tuesday,1486,Clear,0,0
QP,CCU,DEL,16,3,Thursday,1323,Cloudy,10,0
6E,HYD,MAA,2,7,Friday,1241,Clear,0,0
6E,MAA,BOM,0,1,Sunday,1589,Clear,9,0
AI,CCU,BLR,22,12,Wednesday,1173,,0,0
AI,BLR,HYD,13,11,Monday,615,Rain,23,1
UK,DEL,HYD,15,11,Wednesday,1007,Cloudy,0,0
UK,HYD,BLR,21,3,Saturday,1620,Clear,0,0
6E,BLR,BOM,22,9,Thursday,474,Clear,0,0
6E,MAA,BOM,22,1,Wednesday,520,Clear,0,0
QP,MAA,BOM,3,9,Thursday,1555,Clear,0,0
UK,BLR,DEL,7,10,Tuesday,542,Rain,3,0
QP,BLR,HYD,18,4,Saturday,1745,Clear,0,0
QP,BLR,HYD,0,6,Friday,1291,Clear,22,1
6E,HYD,DEL,5,12,Sunday,1360,Cloudy,0,0
6E,HYD,BOM,12,3,Monday,1432,Rain,8,0
QP,HYD,MAA,8,7,Friday,1664,Clear,5,0
SG,HYD,BOM,4,4,Monday,1708,Cloudy,15,1
6E,CCU,BLR,21,2,Monday,1645,Fog,18,1
SG,BOM,MAA,10,9,Saturday,1329,Rain,36,1
UK,BOM,MAA,9,12,Wednesday,921,Clear,0,0
QP,MAA,BOM,15,7,Wednesday,920,Clear,8,0
6E,CCU,BLR,16,7,Tuesday,774,Cloudy,19,1
QP,HYD,BLR,11,7,Monday,1913,Fog,29,1
QP,BLR,CCU,21,2,Friday,1376,Cloudy,5,0
AI,BLR,CCU,7,3,Thursday,435,Fog,21,1
AI,BLR,DEL,20,9,Friday,537,Cloudy,41,1
UK,DEL,CCU,20,8,Tuesday,1167,Clear,6,0
AI,HYD,CCU,0,3,Sunday,427,Clear,0,0
6E,BOM,CCU,18,1,Monday,1595,Fog,34,1
UK,BOM,MAA,3,3,Thursday,437,Clear,0,0
QP,HYD,MAA,11,7,Thursday,1459,Cloudy,5,0
QP,CCU,DEL,22,4,Monday,1308,Clear,0,0
AI,BOM,DEL,4,9,Friday,1491,Clear,13,0
QP,CCU,HYD,13,7,Friday,1317,Cloudy,6,0
AI,HYD,BOM,18,2,Thursday,899,Clear,6,0
SG,CCU,BOM,11,4,Wednesday,652,Fog,17,1
QP,BLR,BOM,1,1,Sunday,1261,Clear,0,0
QP,CCU,BLR,1,1,Tuesday,858,Rain,14,0
6E,HYD,DEL,12,10,Saturday,1624,Clear,0,0
QP,MAA,CCU,0,5,Wednesday,1393,Clear,0,0
AI,HYD,MAA,0,11,Wednesday,1783,Clear,0,0
UK,BLR,MAA,22,3,Tuesday,1259,Clear,0,0
UK,HYD,CCU,12,4,Friday,1586,Cloudy,0,0
6E,CCU,HYD,11,7,Tuesday,1510,Clear,3,0
AI,MAA,BLR,2,4,Wednesday,1522,Clear,7,0
SG,DEL,CCU,18,6,Thursday,820,Rain,66,1
6E,MAA,HYD,12,2,Monday,1496,Cloudy,12,0
SG,CCU,BLR,5,1,Saturday,1358,Fog,26,1
UK,MAA,BLR,18,11,Wednesday,1492,Rain,25,1
6E,BLR,DEL,5,3,Sunday,819,Cloudy,10,0
QP,BLR,CCU,12,2,Friday,690,Clear,2,0
AI,MAA,HYD,13,4,Tuesday,1791,Fog,25,1
SG,HYD,MAA,6,6,Friday,929,Clear,10,0
SG,BLR,BOM,21,6,Thursday,1888,Clear,12,0
6E,BLR,CCU,16,10,Thursday,864,Clear,0,0
6E,BLR,BOM,6,10,Saturday,932,Clear,0,0
AI,DEL,BOM,3,4,Friday,1129,Rain,19,1
QP,DEL,MAA,7,3,Sunday,628,Clear,21,1
QP,DEL,BOM,11,2,Sunday,1100,Clear,1,0
6E,BLR,BOM,13,2,Saturday,656,Cloudy,2,0
AI,HYD,MAA,9,1,Thursday,705,Rain,24,1
AI,BLR,BOM,0,1,Thursday,714,Fog,27,1
AI,CCU,MAA,16,6,Sunday,951,Cloudy,35,1
QP,BOM,MAA,9,8,Sunday,1178,Clear,25,1
QP,BLR,HYD,8,10,Wednesday,929,Clear,2,0
AI,BOM,HYD,13,4,Friday,870,Clear,12,0
SG,BOM,MAA,20,4,Friday,1781,Clear,27,1
AI,HYD,MAA,0,9,Monday,650,Rain,14,0
6E,BOM,CCU,23,8,Monday,1352,Rain,26,1
UK,BOM,CCU,15,9,Monday,883,Clear,0,0
SG,MAA,DEL,13,3,Tuesday,491,Clear,3,0
QP,MAA,DEL,1,1,Sunday,1585,Fog,32,1
AI,BOM,BLR,17,7,Wednesday,648,Clear,22,1
AI,DEL,HYD,17,6,Sunday,674,Clear,29,1
6E,BOM,BLR,13,4,Thursday,658,Clear,0,0
6E,HYD,MAA,19,12,Thursday,616,Clear,0,0
QP,CCU,BOM,20,2,Tuesday,762,Clear,19,1
SG,DEL,CCU,20,4,Friday,530,Cloudy,34,1
6E,DEL,CCU,7,9,Friday,659,Clear,22,1
QP,HYD,BLR,16,7,Wednesday,563,Clear,10,0
UK,CCU,HYD,1,3,Saturday,740,Clear,0,0
UK,HYD,BOM,13,7,Friday,699,Clear,0,0
UK,CCU,HYD,3,6,Friday,861,Clear,18,1
AI,HYD,MAA,7,4,Thursday,1651,Clear,0,0
QP,DEL,BOM,16,9,Friday,621,Clear,30,1
AI,BLR,BOM,10,10,Wednesday,1854,Clear,19,1
AI,MAA,CCU,20,1,Sunday,1332,Fog,44,1
6E,HYD,MAA,2,1,Thursday,595,Clear,0,0
6E,BOM,BLR,23,11,Tuesday,699,Rain,25,1
AI,BOM,HYD,16,3,Thursday,700,Fog,42,1
AI,HYD,BLR,10,2,Sunday,1533,Clear,0,0
SG,BLR,CCU,0,8,Sunday,740,Clear,23,1
QP,HYD,MAA,1,4,Wednesday,1154,Clear,0,0
AI,BLR,BOM,9,12,Sunday,466,Rain,24,1
6E,BLR,MAA,13,12,Wednesday,1142,Clear,0,0
UK,HYD,MAA,12,1,Tuesday,1620,Clear,0,0
QP,DEL,BLR,7,3,Tuesday,1492,Clear,2,0
SG,BLR,MAA,15,8,Tuesday,1242,Clear,11,0
SG,BLR,BOM,14,5,Wednesday,877,Cloudy,16,1
UK,MAA,BOM,8,1,Wednesday,933,Cloudy,4,0
UK,MAA,DEL,7,6,Wednesday,951,Clear,0,0
AI,BLR,HYD,10,8,Monday,800,Clear,18,1
QP,BOM,DEL,17,12,Wednesday,1375,Rain,46,1
QP,BOM,MAA,14,5,Thursday,728,Rain,18,1
AI,BOM,MAA,3,10,Wednesday,1700,Clear,0,0
SG,BOM,HYD,22,6,Thursday,591,Cloudy,12,0
AI,MAA,BLR,4,9,Tuesday,1416,Rain,31,1
SG,DEL,BLR,16,12,Monday,1586,Clear,18,1
QP,DEL,CCU,0,10,Sunday,1385,Clear,1,0
AI,HYD,BLR,6,9,Sunday,1298,Clear,15,1
UK,BOM,MAA,13,10,Wednesday,1053,Clear,0,0
AI,MAA,BLR,20,3,Saturday,503,Clear,20,1
UK,MAA,HYD,13,10,Monday,1382,Rain,11,0
QP,MAA,DEL,1,12,Tuesday,755,Rain,19,1
AI,BLR,HYD,22,12,Thursday,654,Cloudy,2,0
6E,BLR,HYD,6,4,Friday,1584,Rain,4,0
QP,BLR,HYD,8,6,Friday,714,Fog,37,1
6E,BOM,DEL,2,9,Wednesday,1209,Cloudy,5,0
AI,HYD,BLR,16,1,Sunday,904,Fog,31,1
UK,CCU,HYD,10,9,Friday,796,Fog,38,1
UK,BOM,MAA,5,4,Wednesday,1822,Clear,1,0
SG,DEL,MAA,15,11,Thursday,1299,Fog,33,1
6E,HYD,CCU,4,8,Wednesday,1132,Storm,43,1
QP,BLR,HYD,12,5,Monday,1444,Clear,0,0
UK,MAA,BLR,15,1,Monday,959,Cloudy,0,0
6E,CCU,HYD,19,9,Thursday,1168,Clear,10,0
QP,CCU,BOM,16,7,Monday,601,Clear,19,1
QP,BLR,BOM,13,8,Sunday,1507,Cloudy,19,1
UK,CCU,MAA,0,1,Sunday,1831,Clear,9,0
AI,DEL,BOM,5,6,Saturday,1681,Cloudy,14,0
UK,BLR,MAA,13,10,Saturday,536,Clear,0,0
UK,BOM,MAA,12,11,Friday,931,Clear,5,0
AI,CCU,BOM,12,5,Saturday,1601,Cloudy,6,0
SG,HYD,DEL,17,4,Saturday,1717,Fog,46,1
QP,BLR,MAA,21,9,Thursday,696,Clear,0,0
AI,DEL,MAA,12,3,Saturday,1009,Clear,7,0
SG,MAA,BLR,3,11,Tuesday,1161,Clear,4,0
AI,HYD,BLR,10,8,Sunday,659,Clear,22,1
SG,CCU,MAA,6,12,Friday,1184,Clear,2,0
UK,BLR,CCU,12,3,Monday,1603,Clear,0,0
AI,DEL,BOM,14,2,Tuesday,1500,Cloudy,10,0
QP,BLR,BOM,13,10,Monday,835,Clear,0,0
AI,HYD,BLR,13,4,Tuesday,1270,Rain,13,0
UK,BOM,HYD,7,5,Saturday,809,Clear,0,0
AI,DEL,CCU,4,4,Saturday,1445,Fog,37,1
QP,MAA,DEL,20,6,Sunday,1359,Clear,12,0
SG,HYD,BOM,9,11,Monday,1474,Clear,6,0
QP,BLR,CCU,4,9,Thursday,1358,Clear,3,0
UK,HYD,BLR,23,1,Saturday,1104,Clear,0,0
UK,MAA,DEL,0,11,Sunday,619,Fog,15,1
SG,DEL,BOM,8,6,Monday,1522,Clear,9,0
SG,BLR,HYD,17,9,Friday,1644,Clear,34,1
QP,BOM,BLR,9,5,Monday,1097,Rain,24,1
AI,DEL,MAA,20,2,Monday,621,Clear,24,1
SG,DEL,MAA,8,6,Saturday,1132,Cloudy,27,1
AI,BLR,BOM,15,5,Sunday,725,Clear,3,0
6E,HYD,DEL,10,1,Tuesday,1821,Rain,24,1
QP,HYD,BOM,11,10,Saturday,1460,Rain,20,1
6E,MAA,CCU,11,11,Sunday,2011,Clear,0,0
SG,BLR,MAA,23,11,Thursday,1401,Clear,0,0
UK,HYD,DEL,18,3,Tuesday,1623,Cloudy,6,0
6E,MAA,DEL,8,8,Saturday,1086,Cloudy,0,0
6E,HYD,BLR,9,7,Thursday,1666,Cloudy,18,1
UK,CCU,BLR,9,8,Wednesday,1238,Clear,0,0
SG,BOM,BLR,17,10,Sunday,1016,,19,1
SG,MAA,CCU,14,5,Friday,1876,Cloudy,9,0
QP,MAA,DEL,12,4,Tuesday,939,Clear,0,0
QP,HYD,CCU,10,6,Wednesday,915,Clear,5,0
SG,DEL,MAA,9,8,Wednesday,1060,Clear,25,1
SG,HYD,MAA,13,6,Thursday,1127,Clear,10,0
6E,CCU,BLR,19,4,Tuesday,1120,Rain,24,1
UK,HYD,BOM,23,1,Friday,1203,Clear,0,0
AI,DEL,BOM,1,7,Thursday,1190,Clear,9,0
6E,BOM,HYD,5,1,Monday,1752,Rain,25,1
QP,HYD,MAA,16,6,Monday,1804,Cloudy,25,1
UK,MAA,DEL,3,8,Monday,1515,Rain,21,1
AI,BLR,BOM,14,6,Tuesday,1057,Rain,26,1
SG,CCU,MAA,10,7,Monday,706,Cloudy,31,1
QP,MAA,CCU,4,4,Friday,449,Clear,0,0
QP,BOM,DEL,12,3,Friday,1544,Clear,0,0
6E,BOM,CCU,12,11,Monday,708,Clear,0,0
UK,CCU,HYD,17,11,Wednesday,1426,Clear,10,0
UK,HYD,CCU,19,2,Wednesday,1071,Clear,10,0
6E,CCU,BOM,22,3,Thursday,1572,Clear,0,0
6E,CCU,MAA,10,5,Friday,1519,,8,0
6E,BLR,DEL,16,9,Thursday,513,Clear,0,0
QP,DEL,BOM,18,1,Wednesday,1065,Clear,8,0
SG,CCU,DEL,23,10,Monday,1790,Clear,8,0
QP,HYD,BLR,15,1,Saturday,926,Cloudy,0,0
QP,DEL,MAA,5,11,Saturday,1577,Fog,25,1
QP,HYD,BOM,8,1,Sunday,1479,Cloudy,7,0
AI,DEL,BOM,5,11,Friday,1642,Fog,45,1
QP,BOM,DEL,4,12,Wednesday,636,Clear,0,0
AI,BLR,BOM,7,10,Friday,1703,Rain,26,1
UK,BLR,MAA,11,12,Sunday,453,Clear,0,0
UK,HYD,BOM,18,6,Monday,626,Clear,11,0
6E,CCU,BOM,6,8,Thursday,853,Cloudy,6,0
AI,BLR,BOM,4,8,Friday,1577,Rain,37,1
AI,MAA,BOM,3,1,Sunday,546,Clear,0,0
QP,CCU,BOM,4,11,Thursday,1312,Clear,0,0
6E,MAA,BOM,10,9,Sunday,833,Rain,17,1
6E,BOM,BLR,9,6,Saturday,1299,Clear,6,0
QP,MAA,HYD,9,3,Saturday,1210,Clear,1,0
AI,BOM,MAA,7,9,Monday,959,Clear,1,0
QP,BLR,MAA,10,12,Thursday,1832,Clear,1,0
QP,HYD,BOM,15,2,Saturday,944,Clear,0,0
UK,BOM,BLR,1,12,Monday,561,Clear,0,0
AI,DEL,HYD,21,7,Sunday,1330,Clear,26,1
AI,CCU,BLR,7,10,Friday,572,Rain,18,1
6E,MAA,BLR,3,2,Saturday,857,Cloudy,0,0
UK,DEL,BLR,4,2,Friday,1108,Clear,2,0
AI,BLR,DEL,13,8,Sunday,1929,Clear,13,0
UK,BOM,CCU,12,4,Sunday,1349,Rain,23,1
AI,CCU,DEL,2,5,Monday,1338,Fog,35,1
UK,CCU,DEL,11,8,Sunday,1123,Storm,46,1
AI,MAA,DEL,5,3,Thursday,962,Cloudy,14,0
SG,BLR,CCU,21,5,Thursday,1646,Fog,43,1
AI,DEL,BOM,7,5,Tuesday,461,Clear,17,1
AI,BOM,BLR,23,5,Wednesday,564,Clear,17,1
AI,DEL,MAA,13,9,Thursday,643,Clear,5,0
QP,MAA,DEL,23,2,Thursday,1422,Clear,2,0
AI,DEL,BLR,13,11,Friday,722,Clear,9,0
UK,MAA,BOM,3,9,Friday,689,Cloudy,0,0
UK,CCU,MAA,15,1,Saturday,685,Clear,0,0
UK,BOM,CCU,11,7,Friday,1437,Clear,0,0
SG,MAA,HYD,19,3,Sunday,1118,Rain,39,1
QP,CCU,BOM,9,2,Sunday,1188,Cloudy,6,0
6E,BLR,CCU,4,9,Sunday,1399,Clear,14,0
QP,BLR,BOM,2,3,Saturday,1203,Clear,0,0
6E,BOM,HYD,17,7,Tuesday,1589,Clear,12,0
QP,BLR,DEL,5,4,Sunday,1191,Clear,9,0
UK,CCU,MAA,16,4,Sunday,1538,Clear,11,0
SG,HYD,MAA,3,9,Wednesday,952,Rain,41,1
QP,BOM,CCU,1,8,Sunday,1293,Fog,47,1
SG,HYD,BOM,17,1,Thursday,738,Clear,19,1
QP,MAA,CCU,8,11,Saturday,916,Clear,0,0
UK,DEL,CCU,13,8,Wednesday,1782,Clear,5,0
AI,MAA,CCU,0,4,Tuesday,1757,Rain,34,1
UK,BOM,MAA,4,2,Wednesday,806,Clear,0,0
AI,BOM,DEL,2,6,Tuesday,881,Cloudy,17,1
QP,BLR,MAA,6,9,Monday,1286,Clear,2,0
6E,HYD,CCU,6,1,Thursday,1387,Clear,0,0
6E,CCU,BOM,8,4,Sunday,562,Cloudy,17,1
6E,BOM,MAA,5,12,Monday,1484,Clear,0,0
SG,BOM,BLR,10,2,Wednesday,487,Rain,48,1
UK,BLR,BOM,21,10,Tuesday,441,Clear,0,0
QP,CCU,MAA,2,3,Tuesday,1077,Cloudy,0,0
UK,CCU,DEL,21,7,Monday,1180,Fog,25,1
6E,BLR,MAA,9,10,Tuesday,903,Clear,8,0
AI,MAA,CCU,13,12,Thursday,1626,Cloudy,4,0
AI,CCU,DEL,16,8,Wednesday,1166,Cloudy,25,1
6E,CCU,DEL,17,3,Friday,1487,Clear,0,0
QP,MAA,CCU,22,1,Saturday,1248,Clear,0,0
UK,HYD,MAA,23,9,Monday,998,Clear,0,0
QP,CCU,BLR,2,7,Wednesday,933,Rain,25,1
AI,BOM,BLR,9,10,Sunday,953,Cloudy,19,1
AI,BLR,CCU,12,12,Tuesday,995,Clear,4,0
QP,MAA,BOM,12,10,Monday,642,Cloudy,0,0
AI,DEL,CCU,23,7,Tuesday,1373,Cloudy,12,0
AI,HYD,DEL,15,9,Wednesday,671,Clear,2,0
UK,CCU,HYD,9,8,Tuesday,512,Clear,3,0
QP,BOM,MAA,22,3,Thursday,1750,Clear,0,0
SG,MAA,DEL,17,4,Tuesday,1304,Rain,38,1
AI,BLR,HYD,19,2,Friday,1098,Clear,6,0
QP,CCU,DEL,15,5,Sunday,1451,Clear,7,0
QP,HYD,CCU,1,3,Wednesday,562,Clear,0,0
QP,DEL,MAA,23,11,Thursday,905,Clear,0,0
QP,MAA,BOM,17,11,Friday,885,Clear,31,1
6E,DEL,HYD,3,9,Monday,1043,Clear,6,0
QP,BOM,DEL,6,5,Wednesday,1020,Clear,8,0
6E,CCU,MAA,8,1,Friday,1091,Clear,4,0
QP,CCU,BOM,6,7,Tuesday,998,,37,1
UK,DEL,HYD,14,1,Wednesday,1105,Cloudy,6,0
SG,BLR,DEL,13,1,Thursday,544,Cloudy,6,0
SG,DEL,BOM,5,2,Sunday,297,Clear,17,1
SG,BOM,CCU,16,6,Monday,834,Storm,77,1
SG,CCU,BLR,6,9,Friday,1493,Clear,12,0
SG,BOM,DEL,3,5,Sunday,1663,Cloudy,18,1
SG,HYD,MAA,22,10,Sunday,1704,Cloudy,27,1
AI,MAA,BOM,7,7,Thursday,891,Clear,5,0
QP,CCU,HYD,5,11,Wednesday,1330,Clear,7,0
UK,BLR,MAA,17,5,Tuesday,999,Cloudy,15,1
6E,MAA,DEL,18,4,Tuesday,462,Cloudy,18,1
UK,BLR,BOM,3,1,Saturday,1341,Fog,26,1
QP,DEL,BOM,1,3,Monday,417,Cloudy,0,0
QP,BOM,DEL,20,1,Saturday,778,Fog,37,1
QP,MAA,HYD,12,3,Sunday,1734,Cloudy,4,0
UK,MAA,CCU,10,12,Thursday,1631,Clear,0,0
SG,HYD,CCU,10,7,Saturday,1152,Fog,34,1
6E,MAA,BLR,14,8,Sunday,1293,Rain,23,1
SG,MAA,DEL,16,5,Saturday,1499,Clear,4,0
SG,BLR,CCU,1,8,Thursday,1127,Cloudy,1,0
6E,BOM,HYD,6,7,Thursday,1482,Clear,25,1
6E,CCU,HYD,22,11,Tuesday,674,Fog,20,1
AI,CCU,DEL,4,10,Monday,1783,Cloudy,19,1
AI,DEL,BOM,21,7,Saturday,451,Clear,16,1
UK,MAA,BOM,9,10,Thursday,1497,Fog,19,1
UK,DEL,HYD,4,8,Sunday,1660,Clear,17,1
AI,CCU,MAA,14,12,Saturday,322,Clear,0,0
UK,HYD,CCU,15,7,Tuesday,753,Clear,0,0
SG,MAA,HYD,8,11,Sunday,761,Clear,14,0
6E,MAA,BLR,19,3,Monday,1103,Clear,4,0
6E,HYD,BLR,1,3,Monday,532,Cloudy,0,0
6E,BOM,MAA,2,4,Friday,1045,Clear,0,0
UK,MAA,BOM,14,10,Friday,1578,Fog,26,1
6E,HYD,BLR,13,11,Saturday,520,Clear,0,0
SG,HYD,MAA,16,5,Friday,1553,Clear,13,0
6E,BOM,HYD,20,6,Tuesday,1316,Clear,24,1
UK,DEL,BLR,22,6,Tuesday,1057,Clear,3,0
6E,HYD,MAA,12,3,Sunday,1195,Cloudy,9,0
AI,BLR,BOM,12,7,Wednesday,723,Fog,40,1
SG,HYD,DEL,22,10,Tuesday,1788,Clear,0,0
6E,BLR,MAA,23,10,Monday,617,Clear,8,0
6E,CCU,BLR,1,2,Saturday,778,Clear,0,0
SG,MAA,BOM,12,5,Saturday,1532,Cloudy,0,0
QP,BLR,DEL,22,8,Sunday,715,Clear,0,0
SG,MAA,CCU,1,8,Saturday,581,Clear,9,0
QP,HYD,MAA,23,9,Tuesday,866,Cloudy,0,0
QP,HYD,BOM,17,9,Monday,1064,Rain,30,1
UK,HYD,MAA,3,4,Thursday,862,Clear,0,0
SG,CCU,BLR,15,6,Thursday,1464,Cloudy,0,0
6E,BOM,HYD,10,3,Monday,1703,Cloudy,9,0
UK,BLR,BOM,8,9,Sunday,901,Clear,5,0
UK,BOM,DEL,14,6,Friday,1279,Cloudy,0,0
QP,HYD,CCU,17,5,Friday,1343,Clear,12,0
QP,CCU,BOM,21,10,Thursday,937,Clear,0,0
UK,HYD,CCU,10,12,Sunday,1036,Clear,0,0
SG,BOM,MAA,3,11,Saturday,691,Cloudy,12,0
6E,CCU,HYD,20,2,Friday,1899,Clear,9,0
QP,MAA,BOM,8,10,Thursday,1134,Rain,25,1
UK,BLR,MAA,18,7,Saturday,975,Clear,18,1
UK,DEL,HYD,19,2,Wednesday,795,Clear,17,1
SG,BLR,BOM,1,5,Sunday,700,Fog,39,1
SG,MAA,HYD,9,3,Monday,648,Clear,11,0
AI,HYD,CCU,2,4,Monday,913,Cloudy,0,0
6E,BOM,DEL,14,8,Monday,1288,Cloudy,9,0
AI,DEL,BLR,19,5,Wednesday,1883,Fog,51,1
SG,CCU,HYD,13,9,Thursday,1464,Cloudy,20,1
AI,BLR,MAA,7,10,Sunday,674,Cloudy,14,0
6E,MAA,DEL,23,1,Sunday,633,Rain,27,1
UK,BLR,DEL,2,10,Monday,1170,Storm,31,1
SG,DEL,MAA,3,2,Saturday,1074,Rain,18,1
UK,BLR,BOM,8,1,Tuesday,563,Clear,0,0
QP,MAA,HYD,22,2,Wednesday,1423,Cloudy,3,0
QP,BLR,DEL,21,1,Sunday,693,Clear,0,0
AI,HYD,BOM,13,5,Sunday,1376,Clear,0,0
QP,BLR,CCU,22,11,Saturday,1747,Cloudy,4,0
SG,BLR,DEL,21,9,Tuesday,355,Clear,2,0
SG,BOM,CCU,14,6,Monday,813,Cloudy,24,1
AI,BOM,HYD,2,12,Sunday,1506,Clear,19,1
SG,BOM,HYD,21,6,Tuesday,1477,Rain,44,1
SG,MAA,BOM,15,2,Tuesday,1203,Clear,0,0
UK,BLR,DEL,3,1,Thursday,1628,Clear,0,0
AI,MAA,CCU,20,7,Tuesday,952,Cloudy,12,0
UK,BOM,HYD,9,3,Friday,1349,Cloudy,19,1
QP,BOM,HYD,18,5,Sunday,1104,Cloudy,25,1
SG,CCU,DEL,6,4,Wednesday,1849,Rain,39,1
AI,CCU,BOM,0,5,Thursday,991,Rain,27,1
QP,BLR,DEL,10,12,Sunday,499,Clear,1,0
QP,BOM,CCU,10,1,Sunday,1556,Clear,0,0
AI,MAA,BOM,20,2,Monday,1094,Clear,12,0
QP,DEL,HYD,2,4,Saturday,1369,Clear,17,1
UK,BLR,MAA,21,9,Monday,1027,Cloudy,9,0
UK,HYD,DEL,3,4,Tuesday,888,Clear,0,0
UK,MAA,CCU,22,3,Friday,908,Clear,0,0
SG,DEL,HYD,16,9,Monday,357,Clear,31,1
QP,DEL,HYD,8,8,Tuesday,686,Cloudy,30,1
SG,BOM,CCU,22,8,Thursday,1029,Storm,49,1
QP,DEL,BLR,8,8,Wednesday,1685,Cloudy,25,1
QP,HYD,BLR,15,8,Thursday,841,Clear,0,0
AI,CCU,DEL,0,7,Sunday,1435,Clear,0,0
6E,BOM,BLR,2,7,Wednesday,1232,Clear,9,0
SG,BLR,BOM,8,10,Wednesday,1473,Clear,18,1
UK,BOM,BLR,5,5,Tuesday,1246,Cloudy,0,0
AI,DEL,MAA,5,4,Sunday,1661,Fog,37,1
AI,MAA,BOM,9,3,Tuesday,834,Clear,5,0
UK,BOM,DEL,14,10,Monday,1365,Clear,2,0
SG,HYD,DEL,3,1,Thursday,1462,Clear,6,0
AI,MAA,HYD,18,3,Saturday,1366,Cloudy,20,1
AI,CCU,HYD,20,2,Monday,1836,Storm,63,1
AI,BOM,CCU,20,5,Friday,1553,Clear,27,1
UK,HYD,CCU,4,3,Thursday,1099,Clear,0,0
AI,CCU,DEL,21,7,Saturday,1433,Clear,12,0
UK,BLR,MAA,3,12,Monday,1181,Cloudy,0,0
UK,DEL,BLR,2,6,Sunday,1724,Clear,14,0
UK,BOM,DEL,17,12,Sunday,760,Clear,16,1
SG,MAA,CCU,18,4,Friday,1864,Cloudy,26,1
UK,MAA,BLR,3,10,Friday,1713,Clear,0,0
SG,BOM,CCU,9,2,Friday,826,Clear,24,1
SG,BOM,DEL,9,8,Tuesday,757,Clear,20,1
QP,BOM,HYD,17,10,Sunday,1222,Clear,19,1
SG,BOM,CCU,12,9,Saturday,1485,Cloudy,23,1
UK,MAA,CCU,14,12,Saturday,1123,Clear,0,0
UK,CCU,MAA,1,8,Thursday,1307,,14,0
6E,DEL,MAA,23,8,Monday,1173,Clear,0,0
UK,MAA,BOM,13,8,Thursday,868,Clear,0,0
AI,MAA,CCU,16,5,Thursday,1001,Clear,0,0
QP,HYD,CCU,11,3,Tuesday,614,Cloudy,2,0
QP,CCU,MAA,5,11,Sunday,1211,Clear,0,0
AI,DEL,BLR,16,12,Wednesday,1426,Cloudy,25,1
SG,MAA,CCU,6,12,Sunday,1795,Clear,0,0
AI,DEL,MAA,5,10,Sunday,1007,Rain,24,1
SG,CCU,DEL,13,3,Monday,569,Clear,0,0
AI,BLR,CCU,8,3,Tuesday,646,Rain,27,1
UK,DEL,BLR,21,4,Wednesday,1688,Clear,0,0
SG,MAA,BOM,15,7,Friday,1797,Fog,35,1
SG,MAA,BOM,8,3,Monday,1516,Rain,30,1
UK,BLR,CCU,0,10,Tuesday,1213,Clear,0,0
QP,BOM,MAA,8,2,Saturday,1759,Cloudy,10,0
SG,DEL,MAA,2,11,Thursday,1402,Clear,10,0
6E,CCU,MAA,5,6,Thursday,596,Fog,20,1
SG,BOM,HYD,6,5,Thursday,839,Clear,0,0
SG,CCU,BLR,15,6,Sunday,1672,Clear,24,1
6E,HYD,BOM,2,6,Monday,707,Clear,0,0
SG,MAA,HYD,3,7,Thursday,1502,Rain,27,1
QP,MAA,BOM,0,4,Monday,608,Fog,23,1
QP,CCU,DEL,22,4,Monday,1578,Clear,0,0
SG,DEL,CCU,23,5,Thursday,917,Clear,9,0
SG,CCU,BLR,7,2,Sunday,406,Cloudy,12,0
6E,DEL,MAA,10,3,Wednesday,562,Clear,0,0
SG,CCU,MAA,7,6,Saturday,675,Fog,33,1
6E,BOM,CCU,12,1,Sunday,1782,Clear,14,0
UK,CCU,HYD,13,6,Monday,1811,Cloudy,12,0
6E,DEL,BOM,6,5,Friday,723,Clear,3,0
6E,BLR,CCU,15,1,Sunday,1055,Storm,39,1
AI,HYD,MAA,0,6,Sunday,602,Cloudy,9,0
QP,CCU,BOM,15,8,Saturday,1147,Storm,48,1
AI,DEL,BOM,18,10,Sunday,1672,Clear,15,1
AI,DEL,CCU,1,5,Friday,1393,Clear,19,1
QP,HYD,CCU,17,7,Monday,1548,Clear,7,0
UK,DEL,MAA,17,1,Sunday,1642,Rain,24,1
UK,MAA,DEL,23,4,Sunday,1838,Clear,14,0
SG,DEL,BOM,19,8,Tuesday,760,Clear,25,1
6E,CCU,BLR,0,6,Sunday,745,Cloudy,6,0
AI,HYD,MAA,1,12,Friday,1269,Clear,6,0
SG,CCU,BLR,3,10,Thursday,445,Rain,15,1
AI,DEL,CCU,13,11,Saturday,986,Rain,20,1
UK,BOM,BLR,17,6,Friday,1539,Clear,24,1
QP,BLR,DEL,15,1,Saturday,700,Cloudy,18,1
QP,DEL,BOM,7,7,Wednesday,1690,Clear,16,1
6E,DEL,BOM,4,12,Wednesday,1620,Clear,4,0
SG,BOM,CCU,1,3,Monday,998,Rain,38,1
SG,MAA,DEL,8,12,Sunday,742,Clear,7,0
UK,MAA,BOM,7,1,Tuesday,1676,Storm,20,1
AI,DEL,HYD,7,8,Monday,1576,Clear,6,0
6E,DEL,BLR,2,12,Monday,1494,Clear,9,0
SG,HYD,MAA,6,3,Wednesday,1147,Clear,0,0
QP,BLR,HYD,20,4,Thursday,1114,Clear,8,0
AI,MAA,DEL,5,10,Saturday,1511,Fog,27,1
SG,BOM,HYD,21,5,Friday,1442,Cloudy,21,1
QP,BLR,DEL,2,8,Saturday,666,Cloudy,14,0
QP,BOM,HYD,15,2,Monday,602,Fog,33,1
UK,BOM,HYD,2,9,Monday,382,Clear,21,1
AI,MAA,HYD,9,7,Tuesday,875,Clear,15,1
6E,BLR,BOM,22,7,Wednesday,1155,Rain,33,1
QP,HYD,DEL,18,9,Monday,922,Cloudy,20,1
QP,DEL,HYD,12,6,Sunday,650,Clear,26,1
SG,HYD,BLR,15,9,Sunday,933,Rain,26,1
AI,BLR,BOM,15,6,Thursday,1863,Clear,15,1
AI,CCU,BOM,19,11,Saturday,698,Cloudy,19,1
UK,BLR,DEL,14,7,Tuesday,1418,Rain,26,1
UK,DEL,CCU,12,4,Monday,1582,Clear,0,0
AI,MAA,CCU,1,11,Sunday,1194,Rain,33,1
SG,DEL,HYD,23,4,Saturday,1644,Rain,34,1
UK,CCU,BLR,13,12,Saturday,892,Clear,0,0
AI,BLR,BOM,6,12,Saturday,739,Clear,6,0
AI,MAA,BOM,3,7,Friday,585,Rain,23,1
UK,HYD,CCU,14,6,Saturday,1073,Clear,0,0
SG,BLR,DEL,18,4,Sunday,1209,Clear,3,0
QP,HYD,MAA,19,11,Sunday,1239,Clear,24,1
UK,BOM,HYD,21,4,Sunday,1756,Clear,0,0
6E,DEL,BOM,21,8,Thursday,774,Clear,8,0
QP,MAA,CCU,14,10,Saturday,1241,Rain,13,0
UK,CCU,DEL,22,3,Tuesday,1000,Clear,0,0
6E,CCU,BOM,1,3,Wednesday,1540,Clear,0,0
UK,BOM,BLR,9,12,Sunday,849,Fog,31,1
AI,BLR,HYD,11,12,Wednesday,459,Clear,0,0
6E,BLR,BOM,16,4,Saturday,1332,Clear,0,0
UK,MAA,BOM,7,3,Thursday,853,Fog,6,0
QP,HYD,BLR,6,8,Tuesday,1786,Clear,0,0
SG,MAA,DEL,21,8,Wednesday,1405,Clear,18,1
SG,CCU,DEL,15,4,Friday,960,Rain,49,1
UK,BLR,HYD,15,3,Monday,1032,Clear,0,0
AI,HYD,MAA,4,7,Thursday,1468,Clear,0,0
6E,HYD,BOM,12,4,Monday,1158,Rain,25,1
QP,CCU,HYD,10,7,Thursday,1384,Clear,8,0
AI,BLR,MAA,14,9,Wednesday,1250,Rain,16,1
QP,BOM,CCU,22,4,Friday,1915,Clear,20,1
SG,BLR,HYD,6,7,Saturday,1017,Rain,28,1
6E,HYD,BOM,19,12,Monday,1158,Clear,0,0
SG,CCU,MAA,15,7,Monday,1114,Clear,7,0
QP,MAA,BOM,11,2,Thursday,625,Cloudy,0,0
AI,DEL,CCU,22,9,Saturday,794,Clear,15,1
AI,HYD,BLR,3,6,Tuesday,584,Clear,4,0
SG,DEL,BOM,16,9,Saturday,848,,29,1
QP,BLR,DEL,9,1,Monday,598,Rain,8,0
AI,CCU,DEL,16,9,Wednesday,743,Clear,14,0
SG,CCU,BOM,3,9,Thursday,433,Rain,34,1
AI,DEL,MAA,17,1,Friday,527,Clear,14,0
SG,DEL,MAA,1,6,Wednesday,1277,Cloudy,22,1
SG,MAA,DEL,8,6,Sunday,1753,Clear,18,1
AI,BLR,MAA,21,7,Thursday,1024,,21,1
SG,BLR,CCU,15,8,Friday,1133,Clear,15,1
QP,CCU,MAA,11,9,Monday,1285,Clear,12,0
QP,CCU,BLR,7,11,Sunday,1258,Clear,0,0
AI,CCU,BOM,2,10,Thursday,418,Clear,12,0
6E,MAA,BOM,2,4,Thursday,1110,Cloudy,0,0
6E,CCU,DEL,17,12,Tuesday,1565,Clear,2,0
UK,MAA,CCU,6,6,Friday,754,Clear,7,0
AI,CCU,BLR,1,11,Monday,550,Clear,0,0
QP,HYD,MAA,10,6,Thursday,1384,Clear,0,0
SG,DEL,MAA,9,4,Saturday,1526,Clear,5,0
QP,MAA,BOM,22,9,Saturday,1483,Fog,27,1
AI,CCU,BOM,5,9,Friday,1273,Clear,10,0
AI,BOM,DEL,6,2,Wednesday,865,Clear,6,0
QP,BLR,DEL,3,1,Thursday,1264,Clear,2,0
6E,HYD,CCU,4,10,Tuesday,1635,Cloudy,0,0
SG,HYD,DEL,12,2,Friday,625,Cloudy,16,1
QP,MAA,BLR,5,6,Tuesday,1415,Clear,7,0
AI,BLR,BOM,17,6,Wednesday,1384,Clear,12,0
AI,CCU,HYD,19,6,Saturday,805,Fog,42,1
AI,MAA,HYD,11,6,Monday,1868,Clear,2,0
AI,CCU,BOM,5,12,Wednesday,622,Rain,6,0
AI,HYD,DEL,19,7,Wednesday,1484,Clear,17,1
QP,DEL,BLR,23,11,Sunday,1224,Rain,25,1
SG,CCU,HYD,22,6,Saturday,448,Rain,44,1
QP,DEL,MAA,22,6,Wednesday,1065,Clear,16,1
QP,BOM,BLR,19,8,Friday,883,Clear,21,1
QP,BOM,DEL,17,3,Tuesday,1095,Clear,20,1
6E,BOM,CCU,22,12,Saturday,1401,Rain,18,1
6E,MAA,BLR,8,12,Wednesday,1418,Clear,1,0
QP,BLR,MAA,22,3,Sunday,739,Clear,0,0
6E,BOM,DEL,0,2,Sunday,1633,Cloudy,5,0
AI,DEL,BLR,19,5,Tuesday,1435,Cloudy,26,1
SG,BOM,DEL,8,3,Wednesday,612,Clear,9,0
QP,MAA,BOM,7,1,Sunday,1792,Clear,9,0
QP,MAA,BOM,16,10,Monday,280,Clear,8,0
QP,BOM,MAA,4,3,Friday,948,Clear,8,0
AI,DEL,CCU,23,5,Thursday,844,Clear,5,0
SG,HYD,BLR,17,12,Thursday,467,Rain,33,1
QP,MAA,CCU,0,5,Friday,1371,Storm,48,1
SG,DEL,CCU,20,1,Thursday,1199,Rain,55,1
QP,MAA,CCU,2,3,Wednesday,1561,Clear,0,0
QP,BOM,MAA,19,3,Thursday,897,Clear,5,0
UK,BOM,HYD,19,7,Sunday,1466,Clear,18,1
AI,HYD,BOM,15,6,Monday,1085,Clear,13,0
UK,DEL,BLR,14,1,Tuesday,521,Fog,28,1
6E,BOM,BLR,19,4,Monday,968,Rain,26,1
AI,DEL,BLR,20,6,Friday,975,Storm,68,1
AI,BOM,BLR,16,7,Wednesday,1208,Rain,51,1
SG,MAA,DEL,4,6,Monday,1399,Clear,3,0
UK,BOM,HYD,15,12,Tuesday,672,Clear,0,0
UK,DEL,BLR,4,6,Tuesday,1484,Rain,18,1
SG,BOM,CCU,1,9,Monday,647,Cloudy,23,1
UK,DEL,CCU,3,7,Saturday,1839,Rain,29,1
SG,HYD,CCU,11,5,Monday,847,Clear,0,0
AI,CCU,DEL,23,1,Sunday,1977,Clear,20,1
QP,BOM,HYD,0,9,Sunday,512,Clear,24,1
UK,MAA,CCU,1,11,Sunday,753,Clear,0,0
AI,BLR,CCU,2,11,Tuesday,1714,Clear,0,0
QP,DEL,BLR,4,10,Tuesday,412,Clear,0,0
SG,MAA,CCU,12,3,Sunday,1055,Clear,0,0
AI,BOM,BLR,19,6,Friday,1240,Clear,33,1
AI,HYD,BOM,1,9,Thursday,533,Clear,15,1
AI,HYD,BLR,19,9,Sunday,845,Rain,41,1
6E,HYD,CCU,21,8,Tuesday,1620,Clear,9,0
AI,DEL,CCU,1,1,Wednesday,1163,Cloudy,6,0
SG,BOM,BLR,10,9,Tuesday,807,Clear,7,0
UK,MAA,BLR,19,7,Saturday,1342,Cloudy,11,0
QP,CCU,HYD,16,2,Tuesday,1775,Clear,6,0
SG,DEL,MAA,4,7,Monday,1676,Rain,40,1
SG,BLR,MAA,3,9,Wednesday,523,Cloudy,23,1
UK,CCU,BLR,10,12,Thursday,1174,Clear,0,0
AI,BOM,CCU,20,10,Tuesday,1063,Cloudy,13,0
AI,BLR,BOM,22,4,Sunday,970,Clear,9,0
SG,CCU,BOM,11,9,Saturday,845,Clear,8,0
AI,CCU,BOM,12,9,Sunday,775,Clear,17,1
AI,HYD,BOM,13,3,Wednesday,1384,Cloudy,0,0
6E,MAA,HYD,11,10,Wednesday,1790,Cloudy,0,0
QP,HYD,MAA,15,2,Thursday,1135,Fog,30,1
UK,BOM,DEL,6,10,Sunday,877,Clear,3,0
SG,CCU,BLR,12,9,Thursday,884,Clear,21,1
UK,DEL,BOM,14,12,Wednesday,820,Clear,0,0
AI,DEL,BLR,13,8,Friday,1074,Cloudy,31,1
6E,HYD,MAA,23,1,Monday,1473,Clear,0,0
AI,CCU,BOM,17,12,Sunday,1611,Clear,22,1
SG,MAA,BLR,17,5,Friday,1260,Storm,54,1
AI,MAA,CCU,19,6,Thursday,1708,Clear,23,1
6E,BLR,MAA,12,11,Monday,1611,Clear,0,0
QP,BLR,MAA,7,3,Wednesday,635,Clear,9,0
UK,BLR,MAA,12,8,Friday,1821,,1,0
UK,BOM,BLR,22,10,Sunday,612,Clear,0,0
UK,BLR,HYD,21,7,Thursday,1463,Clear,6,0
SG,DEL,BLR,8,9,Sunday,1236,Clear,25,1
6E,BOM,CCU,11,9,Thursday,428,Clear,0,0
SG,CCU,BLR,6,7,Saturday,1089,Clear,0,0
QP,MAA,BLR,0,2,Monday,1625,Clear,0,0
UK,DEL,MAA,7,9,Saturday,1444,Fog,17,1
UK,BOM,DEL,2,10,Tuesday,1231,Clear,0,0
AI,BOM,HYD,8,4,Wednesday,1407,Clear,16,1
6E,BOM,MAA,1,10,Wednesday,747,Rain,14,0
QP,MAA,DEL,7,3,Thursday,842,Rain,34,1
UK,CCU,BOM,17,3,Friday,1299,Cloudy,5,0
6E,MAA,DEL,20,2,Wednesday,1148,Clear,8,0
UK,BLR,BOM,21,7,Monday,592,Rain,20,1
UK,DEL,MAA,13,4,Friday,397,Cloudy,0,0
UK,DEL,BOM,13,9,Wednesday,1074,Clear,0,0
SG,MAA,DEL,23,8,Saturday,1299,Clear,20,1
6E,MAA,HYD,13,6,Friday,1012,Clear,10,0
SG,HYD,CCU,2,4,Wednesday,1187,Clear,6,0
UK,HYD,BOM,22,11,Monday,748,Clear,0,0
QP,CCU,DEL,14,11,Thursday,1799,Clear,3,0
AI,MAA,DEL,15,5,Saturday,1567,Fog,33,1
AI,DEL,BOM,2,3,Saturday,689,Rain,32,1
UK,BLR,BOM,11,10,Wednesday,1034,Clear,0,0
UK,DEL,BOM,11,9,Tuesday,1415,Clear,4,0
SG,BLR,HYD,19,6,Monday,526,Cloudy,30,1
UK,HYD,BOM,9,7,Friday,1163,Clear,11,0
QP,BOM,HYD,8,9,Tuesday,743,Rain,32,1
UK,DEL,BLR,16,3,Saturday,1195,Storm,41,1
AI,BLR,HYD,0,12,Friday,1211,Clear,0,0
AI,HYD,MAA,17,7,Monday,1064,Clear,18,1
QP,MAA,HYD,0,2,Friday,1281,Rain,29,1
AI,DEL,CCU,5,12,Tuesday,818,Clear,1,0
QP,BOM,MAA,11,12,Sunday,1803,Clear,7,0
6E,MAA,HYD,4,12,Monday,775,Cloudy,0,0
AI,MAA,BLR,0,9,Wednesday,596,Clear,0,0
6E,CCU,HYD,10,4,Monday,1202,Clear,5,0
SG,MAA,DEL,16,7,Friday,1255,Cloudy,35,1
UK,CCU,BOM,5,7,Thursday,1398,Clear,4,0
SG,HYD,CCU,6,7,Thursday,952,Clear,0,0
SG,CCU,MAA,16,2,Friday,1453,Clear,32,1
UK,BLR,DEL,22,4,Sunday,491,Clear,0,0
SG,CCU,DEL,12,6,Wednesday,1780,Rain,29,1
QP,BLR,HYD,13,7,Thursday,1686,Storm,52,1
UK,BLR,BOM,19,4,Friday,908,Fog,35,1
AI,MAA,BOM,1,9,Sunday,766,Clear,20,1
UK,BLR,DEL,23,12,Tuesday,764,Fog,23,1
QP,DEL,BOM,11,6,Thursday,1752,Clear,20,1
6E,CCU,BOM,9,8,Saturday,523,Clear,4,0
QP,BLR,DEL,14,3,Tuesday,1738,Clear,6,0
UK,CCU,HYD,21,3,Wednesday,898,Rain,0,0
SG,BLR,CCU,22,1,Thursday,1847,Clear,2,0
6E,CCU,DEL,18,12,Friday,664,Cloudy,8,0
QP,HYD,DEL,11,4,Friday,1038,,20,1
AI,MAA,DEL,3,9,Monday,687,Clear,5,0
6E,MAA,HYD,4,8,Tuesday,840,Rain,27,1
UK,BOM,MAA,20,2,Saturday,1846,Clear,9,0
UK,MAA,BOM,3,2,Friday,1350,Clear,0,0
UK,CCU,DEL,11,10,Thursday,842,Clear,0,0
AI,HYD,DEL,9,10,Wednesday,1866,Cloudy,12,0
6E,CCU,HYD,17,7,Sunday,1792,Clear,15,1
AI,CCU,BLR,8,5,Sunday,1022,Rain,42,1
UK,HYD,BLR,16,5,Wednesday,961,Clear,0,0
6E,BLR,BOM,12,10,Wednesday,1514,Cloudy,8,0
UK,CCU,BLR,21,3,Sunday,1135,Clear,0,0
UK,BOM,BLR,4,2,Wednesday,757,Clear,0,0
SG,HYD,MAA,18,4,Wednesday,1487,Clear,11,0
UK,MAA,CCU,17,3,Sunday,1051,Clear,13,0
SG,CCU,DEL,19,3,Monday,917,Clear,31,1
UK,BOM,CCU,11,6,Friday,1543,Clear,6,0
SG,DEL,CCU,7,10,Friday,1073,Clear,25,1
SG,BLR,CCU,12,9,Wednesday,1129,Clear,8,0
6E,CCU,BLR,23,4,Tuesday,1426,Clear,0,0
6E,HYD,DEL,4,6,Sunday,1661,Rain,23,1
SG,DEL,BOM,15,6,Saturday,1803,Clear,7,0
6E,DEL,CCU,5,5,Sunday,1734,Clear,14,0
UK,BLR,MAA,18,12,Wednesday,1458,Clear,4,0
AI,BLR,DEL,10,12,Sunday,979,Cloudy,12,0
UK,DEL,MAA,20,12,Saturday,1061,Clear,1,0
UK,BLR,DEL,3,6,Tuesday,588,Clear,9,0
SG,BLR,BOM,2,10,Thursday,1666,Fog,31,1
UK,BOM,BLR,22,9,Wednesday,1813,Storm,43,1
6E,BOM,BLR,8,10,Thursday,1418,Clear,11,0
QP,HYD,MAA,2,2,Tuesday,1685,Cloudy,12,0
UK,CCU,DEL,20,12,Saturday,987,Rain,22,1
QP,CCU,HYD,9,12,Thursday,457,Storm,50,1
SG,HYD,MAA,22,10,Friday,1662,Clear,8,0
UK,DEL,BOM,10,7,Friday,950,Rain,31,1
QP,CCU,MAA,18,6,Friday,1145,Clear,19,1
AI,CCU,BLR,13,3,Saturday,1373,Cloudy,4,0
QP,BOM,BLR,11,1,Friday,1120,Clear,12,0
QP,BLR,DEL,11,12,Thursday,852,Cloudy,4,0
UK,DEL,CCU,6,3,Friday,1615,Fog,28,1
SG,MAA,CCU,17,5,Friday,932,Clear,11,0
UK,MAA,BOM,12,6,Saturday,1082,Clear,2,0
6E,DEL,CCU,0,9,Thursday,645,Cloudy,13,0
SG,MAA,HYD,9,4,Wednesday,826,Clear,0,0
6E,BLR,DEL,9,3,Tuesday,1560,Cloudy,4,0
6E,HYD,CCU,21,4,Tuesday,1083,Rain,18,1
UK,BOM,HYD,10,4,Friday,991,Cloudy,0,0
QP,MAA,BLR,13,1,Saturday,1899,Rain,17,1
6E,BLR,BOM,1,5,Wednesday,747,Clear,0,0
UK,CCU,DEL,9,7,Thursday,1198,Clear,6,0
AI,DEL,HYD,6,6,Wednesday,418,Rain,37,1
AI,HYD,BOM,11,5,Sunday,1909,Clear,0,0
AI,BOM,CCU,21,12,Sunday,1659,Cloudy,5,0
AI,CCU,DEL,22,4,Sunday,1589,Clear,12,0
QP,HYD,MAA,6,11,Sunday,892,Cloudy,7,0
QP,MAA,HYD,14,8,Sunday,1026,Clear,3,0
QP,DEL,CCU,22,8,Thursday,1245,Rain,32,1
AI,MAA,CCU,5,4,Thursday,1182,Clear,2,0
AI,DEL,CCU,10,12,Wednesday,428,Clear,5,0
6E,BLR,HYD,12,6,Saturday,1459,Clear,0,0
UK,BOM,MAA,0,7,Wednesday,463,Clear,0,0
6E,DEL,BLR,11,3,Wednesday,1675,Storm,53,1
UK,HYD,BLR,2,6,Sunday,771,Clear,0,0
AI,BOM,MAA,7,9,Monday,1003,Clear,21,1
SG,HYD,BOM,2,12,Monday,927,Clear,0,0
6E,MAA,HYD,17,11,Saturday,921,Clear,5,0
AI,BOM,DEL,20,2,Friday,1876,Clear,12,0
SG,MAA,HYD,6,1,Saturday,652,Cloudy,19,1
QP,BOM,BLR,0,12,Thursday,1487,Storm,64,1
AI,BOM,CCU,11,10,Monday,1087,Clear,12,0
UK,HYD,BOM,2,2,Wednesday,1386,Rain,0,0
QP,HYD,MAA,10,11,Sunday,1037,Fog,23,1
SG,HYD,DEL,13,10,Friday,520,Fog,30,1
QP,BOM,DEL,11,12,Sunday,1071,Cloudy,12,0
UK,HYD,BLR,12,2,Monday,417,Rain,11,0
6E,BOM,HYD,13,10,Wednesday,1116,Clear,0,0
SG,BOM,MAA,3,5,Friday,1268,Cloudy,17,1
AI,CCU,BLR,16,7,Monday,1258,Cloudy,26,1
6E,DEL,BOM,16,4,Thursday,1424,Clear,5,0
SG,BLR,DEL,3,1,Sunday,818,Clear,10,0
SG,BLR,BOM,10,9,Tuesday,1881,Clear,0,0
AI,BOM,HYD,6,1,Monday,1221,Clear,4,0
UK,MAA,BLR,9,6,Friday,1448,Clear,6,0
6E,BLR,MAA,18,3,Tuesday,996,Rain,26,1
UK,MAA,BOM,14,12,Tuesday,788,Cloudy,0,0
QP,BLR,BOM,21,6,Thursday,1336,Cloudy,18,1
AI,CCU,DEL,13,3,Friday,1602,Cloudy,14,0
QP,MAA,DEL,1,12,Saturday,1198,Clear,11,0
UK,BOM,BLR,17,9,Monday,691,Clear,7,0
SG,CCU,HYD,1,3,Saturday,1432,Clear,1,0
UK,CCU,BLR,8,5,Friday,1024,,27,1
6E,HYD,BOM,22,7,Friday,1523,Rain,32,1
SG,DEL,BOM,23,10,Tuesday,1595,Cloudy,17,1
SG,HYD,CCU,3,12,Saturday,907,Clear,0,0
AI,MAA,DEL,23,11,Monday,1820,Fog,25,1
SG,BLR,CCU,23,1,Friday,1336,Clear,2,0
SG,DEL,BOM,21,6,Monday,1356,Clear,27,1
6E,HYD,DEL,19,1,Friday,1669,Cloudy,9,0
QP,MAA,CCU,1,4,Thursday,1732,Clear,0,0
SG,BOM,CCU,2,4,Tuesday,1546,Storm,38,1
6E,BLR,CCU,14,4,Tuesday,1775,Rain,17,1
AI,DEL,MAA,2,3,Thursday,1497,Fog,48,1
SG,MAA,BLR,6,5,Wednesday,1821,Cloudy,2,0
6E,CCU,DEL,23,6,Thursday,1405,Fog,38,1
SG,MAA,HYD,21,12,Thursday,1076,Cloudy,5,0
UK,BLR,HYD,6,6,Monday,1052,Clear,0,0
UK,DEL,MAA,12,1,Thursday,1585,Cloudy,6,0
AI,BLR,DEL,12,8,Wednesday,1841,Fog,27,1
SG,CCU,DEL,6,4,Wednesday,1365,Clear,0,0
AI,DEL,HYD,5,2,Tuesday,848,Cloudy,4,0
UK,BOM,CCU,10,9,Tuesday,1588,Clear,19,1
QP,CCU,BLR,14,9,Monday,896,Cloudy,19,1
QP,HYD,DEL,19,5,Friday,1496,Cloudy,25,1
QP,BOM,BLR,20,3,Thursday,659,Clear,20,1
QP,DEL,BLR,0,6,Saturday,1670,Cloudy,22,1
UK,BLR,HYD,15,6,Tuesday,980,Clear,0,0
6E,HYD,DEL,14,12,Wednesday,1003,Clear,0,0
QP,CCU,BOM,1,1,Tuesday,1304,Cloudy,4,0
QP,CCU,BLR,20,3,Sunday,1350,Clear,16,1
QP,BLR,HYD,14,10,Saturday,888,Rain,10,0
SG,BLR,CCU,17,12,Tuesday,585,Fog,33,1
AI,CCU,MAA,15,8,Saturday,1792,Clear,1,0
UK,MAA,BOM,8,4,Sunday,1768,Clear,0,0
UK,BOM,HYD,4,3,Friday,1297,Clear,0,0
QP,MAA,BLR,9,11,Sunday,553,Rain,28,1
6E,MAA,HYD,18,8,Tuesday,1822,Clear,11,0
6E,BOM,CCU,15,5,Wednesday,1073,,6,0
AI,CCU,BLR,15,6,Friday,1110,Clear,17,1
QP,BOM,CCU,3,2,Thursday,1284,Rain,20,1
SG,HYD,MAA,0,10,Friday,1199,Cloudy,13,0
AI,BLR,HYD,16,1,Sunday,748,Clear,14,0
UK,MAA,HYD,22,12,Tuesday,1774,Clear,0,0
UK,CCU,MAA,8,3,Sunday,1096,Rain,23,1
UK,BLR,MAA,10,2,Monday,1828,Clear,0,0
QP,BLR,MAA,22,1,Thursday,459,Clear,2,0
AI,MAA,BLR,5,6,Thursday,1354,Clear,21,1
6E,CCU,BLR,12,1,Saturday,774,Clear,4,0
AI,CCU,HYD,2,4,Wednesday,659,Clear,0,0
6E,MAA,CCU,6,10,Saturday,1655,Cloudy,0,0
QP,MAA,HYD,8,9,Tuesday,699,Cloudy,23,1
QP,MAA,CCU,16,5,Sunday,529,Fog,38,1
AI,CCU,MAA,7,1,Tuesday,503,Clear,0,0
SG,DEL,BLR,11,2,Friday,1016,Clear,23,1
6E,HYD,BLR,7,7,Thursday,693,Rain,17,1
AI,DEL,HYD,3,6,Monday,673,Clear,9,0
6E,HYD,CCU,19,11,Thursday,1191,Clear,0,0
AI,BLR,BOM,16,6,Sunday,719,Clear,7,0
UK,BOM,HYD,15,5,Thursday,1091,Clear,0,0
QP,CCU,BOM,13,8,Friday,592,,3,0
UK,MAA,DEL,3,11,Sunday,1588,Clear,0,0
SG,HYD,MAA,12,10,Wednesday,1083,Clear,0,0
UK,CCU,BOM,16,2,Monday,1634,Fog,36,1
AI,DEL,HYD,11,6,Friday,1446,Clear,22,1
AI,HYD,DEL,17,12,Saturday,1118,Clear,3,0
6E,DEL,BLR,7,10,Monday,881,Cloudy,0,0
6E,BOM,CCU,12,10,Wednesday,1697,Fog,24,1
QP,BOM,DEL,9,2,Wednesday,958,Clear,0,0
QP,HYD,MAA,23,5,Saturday,1777,Cloudy,1,0
QP,HYD,BLR,4,10,Sunday,536,Clear,2,0
SG,MAA,CCU,6,2,Saturday,1410,Clear,0,0
UK,BLR,HYD,16,9,Wednesday,1025,Fog,37,1
SG,CCU,HYD,1,7,Friday,1869,Cloudy,8,0
UK,BLR,MAA,12,9,Tuesday,504,Cloudy,0,0
SG,DEL,MAA,0,9,Friday,1796,Clear,31,1
SG,DEL,HYD,12,2,Sunday,2104,Cloudy,24,1
SG,DEL,MAA,7,2,Friday,1188,Clear,5,0
SG,BLR,MAA,4,5,Saturday,1366,Clear,0,0
AI,BLR,HYD,11,12,Saturday,1169,Cloudy,6,0
SG,CCU,MAA,7,12,Thursday,1231,Cloudy,15,1
6E,DEL,BLR,1,10,Monday,1323,Cloudy,0,0
SG,BOM,BLR,12,3,Sunday,1358,Clear,9,0
UK,CCU,DEL,13,12,Wednesday,1087,Rain,0,0
QP,DEL,MAA,15,9,Sunday,1756,Fog,48,1
6E,BLR,BOM,21,4,Saturday,1749,Fog,16,1
QP,BOM,MAA,16,9,Friday,1574,Clear,29,1
QP,HYD,CCU,19,6,Thursday,676,Clear,15,1
6E,CCU,DEL,15,6,Tuesday,798,Clear,5,0
UK,BOM,DEL,16,3,Monday,1057,Clear,4,0
UK,BLR,HYD,19,8,Sunday,419,Rain,46,1
SG,BLR,MAA,15,4,Sunday,1845,Clear,2,0
SG,MAA,HYD,12,12,Friday,712,Clear,16,1
QP,CCU,HYD,17,2,Sunday,1603,Clear,18,1
6E,DEL,BLR,23,4,Tuesday,1435,Fog,28,1
UK,BLR,BOM,11,2,Thursday,859,Clear,0,0
UK,MAA,HYD,5,3,Tuesday,1549,Fog,17,1
QP,DEL,CCU,9,9,Thursday,1302,Rain,36,1
6E,MAA,BOM,0,12,Sunday,1347,Clear,8,0
UK,BOM,DEL,7,2,Wednesday,535,Rain,5,0
AI,HYD,DEL,21,3,Wednesday,1285,Clear,0,0
QP,CCU,HYD,2,2,Thursday,1055,Clear,0,0
6E,HYD,BOM,21,10,Thursday,546,Clear,0,0
6E,CCU,BLR,13,7,Sunday,1889,Fog,36,1
UK,HYD,CCU,7,5,Wednesday,1621,Clear,0,0
UK,BOM,DEL,11,9,Tuesday,1204,Clear,4,0
QP,MAA,BOM,21,2,Wednesday,861,Clear,0,0
UK,HYD,BOM,2,10,Wednesday,1729,Clear,0,0
UK,BOM,BLR,13,2,Wednesday,1098,Clear,1,0
AI,DEL,MAA,6,7,Sunday,633,Clear,10,0
AI,HYD,BOM,12,1,Thursday,1778,Clear,0,0
6E,HYD,DEL,18,3,Wednesday,1190,Clear,6,0
QP,MAA,DEL,22,8,Monday,1200,Cloudy,6,0
QP,DEL,MAA,6,7,Sunday,1316,Cloudy,12,0
SG,HYD,DEL,15,6,Tuesday,717,Clear,7,0
SG,MAA,HYD,10,8,Wednesday,489,Rain,51,1
6E,CCU,HYD,12,11,Friday,1132,Clear,0,0
AI,CCU,DEL,3,4,Monday,1611,Clear,0,0
AI,BOM,HYD,20,12,Wednesday,1901,Fog,52,1
6E,BOM,CCU,4,2,Sunday,708,Cloudy,25,1
6E,HYD,BLR,0,12,Monday,1790,Cloudy,0,0
AI,BLR,DEL,18,12,Tuesday,1560,Clear,4,0
6E,BOM,MAA,9,6,Monday,1620,Clear,17,1
AI,DEL,MAA,1,2,Friday,1004,Cloudy,21,1
SG,DEL,HYD,16,5,Monday,1509,,35,1
QP,BLR,HYD,6,4,Monday,1815,Cloudy,2,0
SG,MAA,HYD,23,7,Thursday,1245,Clear,0,0
UK,DEL,BLR,23,3,Saturday,1640,Cloudy,0,0
UK,DEL,MAA,13,1,Sunday,936,Clear,0,0
6E,BOM,HYD,11,11,Tuesday,1685,Clear,5,0
AI,CCU,BOM,10,11,Friday,547,Rain,41,1
UK,CCU,BLR,14,7,Saturday,1510,Cloudy,5,0
UK,BLR,MAA,21,11,Saturday,879,Cloudy,7,0
AI,DEL,HYD,15,12,Sunday,953,Clear,15,1
UK,DEL,MAA,2,12,Monday,1513,Clear,0,0
6E,CCU,DEL,4,10,Monday,1037,Clear,3,0
AI,BLR,MAA,15,1,Friday,1832,Clear,10,0
SG,DEL,HYD,8,10,Wednesday,1250,Cloudy,34,1
UK,CCU,HYD,11,12,Saturday,1224,Cloudy,0,0
SG,HYD,BLR,9,3,Saturday,685,Cloudy,24,1
SG,BLR,DEL,14,1,Thursday,1297,Cloudy,0,0
QP,BLR,MAA,5,5,Sunday,796,Clear,0,0
QP,BOM,HYD,1,10,Sunday,1587,Clear,0,0
SG,CCU,HYD,5,10,Wednesday,1032,Cloudy,8,0
QP,MAA,BLR,16,8,Monday,1302,Clear,15,1
UK,BOM,MAA,14,12,Sunday,1201,Clear,0,0
QP,MAA,HYD,19,2,Sunday,539,Fog,46,1
SG,BOM,MAA,2,11,Sunday,1499,Clear,29,1
SG,BLR,MAA,3,11,Monday,1752,Storm,43,1
QP,MAA,BOM,3,12,Saturday,1296,Rain,26,1
UK,DEL,CCU,13,4,Sunday,731,Cloudy,10,0
SG,MAA,DEL,13,8,Wednesday,1381,Clear,10,0
6E,BOM,HYD,3,4,Saturday,642,Cloudy,9,0
QP,MAA,HYD,10,6,Thursday,1222,Clear,4,0
SG,BLR,CCU,1,12,Thursday,1020,Fog,39,1
SG,DEL,BLR,14,7,Saturday,1704,Clear,4,0
UK,MAA,CCU,13,10,Friday,1281,Clear,0,0
QP,BOM,HYD,0,6,Friday,591,Cloudy,15,1
AI,CCU,MAA,2,1,Tuesday,1523,Clear,20,1
AI,CCU,HYD,16,2,Wednesday,1212,Clear,6,0
UK,BOM,CCU,21,9,Friday,1684,Cloudy,16,1
SG,HYD,BOM,20,4,Thursday,591,Clear,20,1
QP,BLR,BOM,13,4,Wednesday,728,Clear,0,0
UK,HYD,BLR,12,2,Saturday,652,Clear,0,0
SG,HYD,BLR,19,10,Wednesday,780,Clear,8,0
UK,BOM,DEL,20,2,Thursday,1135,Clear,3,0
QP,HYD,MAA,21,7,Wednesday,1340,Clear,13,0
SG,BOM,BLR,9,4,Thursday,966,Clear,0,0
UK,CCU,DEL,11,11,Thursday,1337,Clear,0,0
QP,CCU,HYD,1,8,Wednesday,1447,Clear,0,0
AI,DEL,MAA,4,1,Saturday,990,Clear,11,0
QP,MAA,DEL,9,8,Tuesday,1468,Clear,5,0
AI,CCU,HYD,19,2,Saturday,701,Clear,0,0
6E,DEL,HYD,10,7,Monday,1507,Clear,10,0
QP,MAA,BOM,14,3,Tuesday,1567,,0,0
SG,CCU,MAA,20,9,Wednesday,1185,Clear,31,1
QP,BOM,CCU,11,6,Wednesday,905,Clear,14,0
SG,HYD,CCU,8,6,Friday,542,Rain,28,1
SG,MAA,BOM,17,11,Sunday,1945,Storm,65,1
6E,BLR,BOM,7,6,Saturday,472,,37,1
AI,BOM,DEL,9,3,Thursday,519,Cloudy,13,0
AI,BLR,BOM,21,7,Monday,657,Clear,20,1
6E,BLR,CCU,10,10,Sunday,721,Rain,21,1
AI,MAA,BOM,6,1,Wednesday,848,Cloudy,14,0
UK,BLR,BOM,20,4,Friday,799,Storm,62,1
SG,BLR,CCU,15,7,Saturday,1019,Clear,6,0
QP,CCU,BOM,18,3,Friday,1719,Clear,18,1
UK,HYD,BLR,7,10,Monday,890,Clear,0,0
QP,CCU,BOM,18,1,Tuesday,634,Clear,10,0
QP,MAA,BOM,22,4,Sunday,787,Cloudy,9,0
QP,CCU,HYD,3,8,Saturday,1617,Storm,48,1
UK,BOM,MAA,4,11,Friday,505,Clear,0,0
6E,CCU,BOM,13,5,Thursday,1813,Clear,0,0
QP,CCU,DEL,17,4,Sunday,561,Clear,7,0
6E,DEL,HYD,0,12,Saturday,439,Clear,0,0
UK,BLR,HYD,13,7,Saturday,424,Fog,25,1
AI,BLR,HYD,3,3,Sunday,1669,Clear,14,0
SG,BLR,CCU,23,11,Sunday,410,Clear,3,0
SG,MAA,HYD,17,1,Sunday,1827,Clear,21,1
AI,MAA,HYD,23,9,Friday,369,Clear,0,0
6E,BOM,MAA,5,11,Tuesday,1301,Cloudy,11,0
UK,HYD,MAA,19,7,Tuesday,1100,Clear,3,0
UK,CCU,BLR,9,11,Tuesday,729,Rain,17,1
QP,BLR,BOM,2,8,Saturday,1306,,11,0
6E,CCU,HYD,11,8,Wednesday,1505,Clear,0,0
QP,HYD,BOM,11,2,Tuesday,1044,Clear,0,0
UK,CCU,HYD,12,3,Saturday,689,Clear,0,0
QP,CCU,HYD,20,9,Thursday,883,Clear,24,1
6E,DEL,BLR,6,9,Tuesday,368,Clear,0,0
AI,MAA,DEL,15,8,Wednesday,1160,Clear,6,0
AI,BOM,BLR,4,3,Thursday,1049,Clear,5,0
6E,MAA,CCU,21,2,Saturday,1324,Clear,0,0
QP,MAA,BOM,10,2,Monday,1476,Cloudy,5,0
AI,BOM,MAA,19,2,Saturday,1532,Cloudy,32,1
6E,DEL,MAA,6,3,Monday,1210,Clear,14,0
AI,BLR,CCU,7,12,Sunday,763,Clear,12,0
QP,BOM,MAA,23,10,Monday,1314,Fog,33,1
SG,HYD,MAA,4,3,Tuesday,1861,Clear,9,0
SG,DEL,CCU,13,4,Wednesday,1411,Clear,11,0
SG,DEL,BOM,7,11,Sunday,695,Clear,5,0
SG,BLR,DEL,9,6,Wednesday,831,Clear,17,1
SG,MAA,BLR,16,4,Saturday,1733,Clear,4,0
AI,BOM,DEL,18,4,Tuesday,1374,Storm,54,1
QP,BOM,BLR,11,5,Wednesday,1320,,29,1
SG,DEL,MAA,15,7,Thursday,1425,Cloudy,20,1
SG,BOM,DEL,1,7,Monday,752,Fog,35,1
6E,BOM,BLR,5,7,Monday,1727,Clear,0,0
QP,BOM,BLR,17,8,Wednesday,610,Rain,32,1
6E,BLR,HYD,15,4,Saturday,1839,Storm,40,1
AI,BOM,BLR,1,6,Monday,827,Cloudy,13,0
QP,MAA,BLR,21,10,Saturday,950,Fog,21,1
6E,BLR,DEL,9,5,Friday,1279,Rain,28,1
AI,MAA,BLR,7,12,Tuesday,1059,Clear,0,0
SG,HYD,CCU,11,6,Monday,1910,Clear,0,0
6E,HYD,DEL,9,5,Thursday,1626,Cloudy,0,0
QP,HYD,DEL,12,9,Thursday,1715,Cloudy,7,0
UK,CCU,MAA,3,5,Monday,1142,Clear,0,0
AI,BOM,HYD,3,5,Friday,1797,Clear,3,0
QP,CCU,BOM,23,5,Saturday,1575,Clear,0,0
UK,BOM,MAA,17,7,Thursday,912,Clear,14,0
6E,DEL,BOM,8,1,Thursday,1265,Clear,5,0
SG,MAA,HYD,20,5,Sunday,1043,Clear,16,1
UK,CCU,HYD,19,10,Wednesday,862,Clear,6,0
AI,DEL,BOM,16,4,Tuesday,1683,Fog,40,1
SG,HYD,MAA,17,7,Saturday,1026,Clear,30,1
UK,HYD,CCU,22,4,Thursday,858,Fog,12,0
SG,BOM,MAA,20,12,Sunday,1638,Clear,36,1
QP,HYD,MAA,6,3,Sunday,832,Clear,0,0
SG,MAA,HYD,17,10,Saturday,1526,Cloudy,8,0
SG,HYD,CCU,3,10,Wednesday,719,Storm,41,1
6E,HYD,MAA,12,5,Saturday,1074,Cloudy,4,0
6E,CCU,BOM,1,12,Thursday,902,Fog,25,1
UK,BOM,CCU,4,12,Saturday,1047,Clear,0,0
QP,HYD,DEL,17,1,Sunday,1443,Clear,13,0
UK,BOM,BLR,8,7,Saturday,999,Rain,28,1
6E,CCU,HYD,3,3,Thursday,361,Clear,8,0
SG,BOM,HYD,23,12,Sunday,712,Clear,5,0
QP,CCU,BOM,22,12,Sunday,425,Clear,10,0
QP,HYD,BOM,5,6,Tuesday,1715,Rain,17,1
6E,BOM,MAA,14,5,Sunday,407,Clear,0,0
SG,MAA,CCU,7,10,Thursday,1948,Clear,0,0
UK,BOM,MAA,19,5,Tuesday,1195,Clear,12,0
UK,BOM,HYD,16,9,Wednesday,507,Clear,21,1
6E,BLR,MAA,10,8,Saturday,962,Clear,4,0
AI,MAA,BOM,22,4,Wednesday,1463,Clear,2,0
6E,BLR,CCU,17,5,Friday,1145,Cloudy,18,1
UK,HYD,DEL,3,12,Thursday,1494,Clear,0,0
QP,HYD,DEL,10,6,Sunday,1005,Rain,41,1
QP,BOM,BLR,19,6,Monday,851,Clear,11,0
AI,BOM,CCU,12,11,Friday,741,Clear,0,0
SG,BOM,HYD,2,7,Wednesday,1326,Cloudy,16,1
AI,BOM,HYD,18,7,Saturday,1478,Clear,20,1
SG,CCU,DEL,11,5,Sunday,1443,Clear,10,0
6E,BLR,BOM,5,9,Wednesday,808,Clear,0,0
UK,BLR,BOM,19,1,Sunday,817,Clear,4,0
SG,MAA,DEL,21,3,Friday,1437,Clear,4,0
UK,MAA,BOM,14,10,Monday,794,Cloudy,0,0
QP,MAA,DEL,17,4,Saturday,1600,Clear,2,0
UK,HYD,BLR,5,12,Thursday,1712,Clear,0,0
QP,CCU,BLR,17,11,Sunday,946,Clear,8,0
SG,CCU,BOM,21,5,Thursday,1017,Clear,12,0
6E,BOM,CCU,5,12,Tuesday,1273,Clear,0,0
SG,DEL,CCU,22,9,Tuesday,1518,Clear,23,1
UK,BLR,BOM,2,10,Monday,751,Clear,0,0
UK,CCU,BOM,10,6,Friday,1218,Clear,14,0
AI,CCU,MAA,1,2,Sunday,1292,Clear,0,0
AI,MAA,DEL,10,7,Friday,1529,Fog,25,1
UK,MAA,DEL,15,10,Friday,1535,Cloudy,0,0
AI,BOM,CCU,20,2,Monday,640,Rain,36,1
QP,HYD,MAA,3,1,Monday,589,Clear,0,0
QP,BOM,BLR,21,10,Thursday,1845,Clear,0,0
SG,HYD,MAA,23,8,Thursday,1355,Clear,9,0
SG,BOM,DEL,1,7,Wednesday,1662,Clear,14,0
UK,DEL,BOM,23,9,Sunday,629,Cloudy,6,0
AI,CCU,DEL,21,9,Wednesday,1235,Fog,38,1
6E,CCU,DEL,0,6,Sunday,668,Clear,6,0
UK,MAA,HYD,1,8,Tuesday,1263,Clear,0,0
QP,HYD,MAA,17,6,Wednesday,1019,Cloudy,21,1
6E,BOM,BLR,10,3,Wednesday,740,Clear,3,0
UK,HYD,DEL,6,9,Saturday,886,Rain,29,1
6E,MAA,BLR,9,5,Wednesday,685,Cloudy,0,0
AI,HYD,MAA,8,11,Thursday,757,Rain,13,0
AI,BOM,CCU,23,5,Monday,1171,Clear,11,0
6E,BLR,MAA,5,3,Wednesday,810,Clear,0,0
AI,CCU,BLR,2,10,Tuesday,956,Cloudy,14,0
AI,BOM,HYD,19,2,Saturday,1697,Clear,19,1
6E,CCU,DEL,20,12,Saturday,1037,Rain,20,1
6E,MAA,BLR,21,8,Tuesday,1542,Clear,6,0
UK,CCU,HYD,23,6,Sunday,1383,Clear,11,0
AI,HYD,DEL,0,3,Wednesday,1744,Clear,0,0
6E,BOM,DEL,18,3,Saturday,1337,Cloudy,16,1
UK,DEL,MAA,6,3,Tuesday,1769,Clear,5,0
QP,HYD,BOM,10,10,Sunday,1511,Clear,0,0
SG,BLR,DEL,10,3,Monday,1425,Clear,14,0
QP,DEL,HYD,23,1,Wednesday,934,Cloudy,0,0
6E,CCU,BOM,12,3,Wednesday,1380,Rain,22,1
UK,CCU,BLR,5,8,Tuesday,1010,Clear,0,0
UK,BLR,CCU,2,6,Sunday,1035,Clear,0,0
QP,MAA,HYD,14,5,Wednesday,610,Cloudy,12,0
QP,BLR,BOM,19,12,Wednesday,1754,Cloudy,5,0
QP,BLR,CCU,17,5,Monday,913,Clear,14,0
SG,HYD,BOM,22,10,Friday,909,Clear,2,0
UK,BLR,BOM,1,2,Tuesday,1625,Cloudy,0,0
UK,MAA,CCU,9,7,Tuesday,1389,Cloudy,14,0
QP,BOM,MAA,14,2,Sunday,1430,Clear,10,0
6E,MAA,DEL,20,1,Sunday,1365,Clear,13,0
6E,CCU,BLR,7,9,Monday,1666,Cloudy,3,0
QP,CCU,DEL,16,9,Friday,1645,Clear,27,1
6E,DEL,MAA,4,7,Saturday,1280,Cloudy,18,1
6E,DEL,BLR,14,6,Sunday,480,Cloudy,19,1
UK,HYD,DEL,18,4,Tuesday,499,Clear,3,0
6E,CCU,MAA,19,10,Wednesday,1020,Clear,8,0
QP,CCU,MAA,10,3,Tuesday,1132,,0,0
QP,CCU,HYD,11,6,Thursday,1157,Cloudy,9,0
6E,DEL,HYD,21,12,Friday,1234,Rain,21,1
UK,HYD,MAA,13,9,Tuesday,1637,Storm,37,1
QP,MAA,CCU,8,11,Monday,1452,Rain,19,1
SG,HYD,CCU,6,3,Monday,1398,Cloudy,20,1
6E,MAA,HYD,17,1,Tuesday,1517,Rain,30,1
UK,BOM,DEL,17,10,Friday,491,Clear,8,0
SG,BLR,DEL,12,7,Tuesday,906,Rain,33,1
SG,BLR,HYD,3,10,Saturday,1490,Clear,6,0
AI,CCU,DEL,3,11,Friday,692,Cloudy,27,1
6E,BOM,DEL,5,5,Tuesday,1127,Clear,0,0
QP,BOM,BLR,0,2,Sunday,1489,Clear,1,0
6E,DEL,CCU,11,12,Friday,1460,Clear,0,0
6E,DEL,BOM,9,4,Sunday,1635,Clear,10,0
6E,CCU,DEL,9,2,Friday,1701,Cloudy,28,1
AI,CCU,MAA,22,7,Friday,440,Rain,32,1
AI,BOM,HYD,5,1,Thursday,1730,Rain,19,1
6E,MAA,BOM,19,1,Friday,890,Clear,15,1
QP,HYD,MAA,4,10,Saturday,1551,Cloudy,1,0
AI,CCU,MAA,14,2,Sunday,813,Clear,0,0
6E,BOM,HYD,20,8,Friday,1624,Clear,23,1
AI,CCU,BLR,20,6,Saturday,666,Fog,58,1
UK,BLR,DEL,14,2,Sunday,1172,Clear,0,0
6E,MAA,BLR,4,12,Friday,678,Rain,22,1
SG,BLR,HYD,9,2,Saturday,1157,Clear,0,0
UK,MAA,DEL,10,8,Tuesday,1702,Rain,21,1
SG,BLR,CCU,20,2,Sunday,1255,Cloudy,23,1
SG,CCU,HYD,9,8,Sunday,600,Clear,28,1
UK,HYD,BOM,19,3,Wednesday,1267,Clear,7,0
QP,BOM,HYD,22,11,Sunday,712,Clear,0,0
UK,CCU,DEL,2,6,Saturday,680,Clear,0,0
QP,MAA,HYD,22,1,Tuesday,1152,Rain,5,0
QP,BLR,CCU,13,1,Sunday,829,Cloudy,10,0
UK,DEL,BLR,14,7,Friday,851,Clear,0,0
SG,CCU,BLR,7,7,Tuesday,658,Clear,5,0
6E,MAA,HYD,8,4,Monday,1488,Clear,4,0
QP,MAA,BLR,12,8,Thursday,1405,,13,0
SG,MAA,HYD,4,10,Thursday,1712,Clear,0,0
QP,HYD,MAA,17,9,Sunday,1087,Rain,40,1
6E,BOM,CCU,16,9,Thursday,452,Cloudy,16,1
SG,BOM,HYD,0,12,Wednesday,757,Clear,0,0
UK,DEL,MAA,5,3,Wednesday,1945,Clear,0,0
AI,DEL,BOM,12,1,Thursday,1585,Clear,1,0
AI,MAA,DEL,17,2,Tuesday,1298,Fog,39,1
UK,CCU,DEL,7,1,Saturday,1918,Clear,0,0
6E,DEL,MAA,21,4,Monday,725,Clear,0,0
AI,HYD,MAA,12,2,Saturday,442,Cloudy,8,0
UK,DEL,MAA,12,12,Tuesday,1352,Clear,0,0
SG,BLR,DEL,2,5,Tuesday,1634,Clear,0,0
6E,MAA,HYD,15,3,Sunday,596,Clear,0,0
QP,MAA,BOM,19,7,Wednesday,613,Clear,2,0
SG,CCU,DEL,5,6,Friday,1492,Cloudy,23,1
UK,BOM,CCU,13,1,Wednesday,1667,Rain,20,1
QP,CCU,BLR,0,12,Sunday,469,Fog,36,1
UK,MAA,DEL,5,9,Tuesday,1813,Clear,0,0
AI,BLR,DEL,1,10,Thursday,1977,Clear,0,0
AI,BOM,CCU,18,12,Monday,773,Clear,11,0
QP,DEL,CCU,23,11,Thursday,1671,Clear,10,0
QP,CCU,MAA,0,3,Saturday,1849,Cloudy,4,0
SG,BOM,BLR,16,10,Thursday,1026,Clear,18,1
AI,BOM,CCU,14,1,Saturday,1608,Clear,9,0
6E,BLR,BOM,16,5,Saturday,1041,Clear,17,1
AI,DEL,BOM,12,10,Sunday,1780,Clear,8,0
AI,MAA,DEL,23,9,Sunday,531,Cloudy,11,0
6E,MAA,BOM,0,10,Sunday,749,Storm,51,1
UK,DEL,HYD,3,10,Thursday,809,Cloudy,15,1
AI,DEL,HYD,5,1,Sunday,572,Clear,7,0
QP,DEL,CCU,18,7,Friday,540,Clear,24,1
UK,CCU,BOM,1,8,Monday,1276,Cloudy,12,0
6E,BLR,DEL,2,2,Monday,1389,Rain,19,1
UK,HYD,CCU,17,3,Wednesday,1233,Cloudy,6,0
SG,DEL,BOM,10,6,Thursday,1459,Clear,26,1
6E,BOM,BLR,16,8,Monday,1573,Cloudy,20,1
AI,HYD,BOM,8,11,Friday,767,Clear,14,0
AI,BOM,HYD,2,9,Friday,966,Clear,19,1
QP,HYD,DEL,14,12,Friday,1264,Fog,30,1
AI,CCU,BOM,2,3,Sunday,369,Rain,25,1
SG,BOM,HYD,11,5,Wednesday,1247,Clear,1,0
6E,HYD,MAA,21,4,Monday,1222,Cloudy,0,0
SG,CCU,DEL,4,11,Sunday,710,Clear,0,0
AI,CCU,DEL,4,8,Thursday,1445,Clear,0,0
QP,DEL,CCU,22,7,Friday,802,Rain,43,1
SG,DEL,MAA,7,7,Thursday,956,Rain,31,1
UK,CCU,MAA,8,4,Thursday,1473,Clear,0,0
6E,CCU,BLR,16,11,Tuesday,1105,Rain,29,1
QP,BOM,CCU,3,8,Thursday,768,Clear,0,0
6E,HYD,CCU,1,7,Saturday,1415,Clear,0,0
UK,HYD,BLR,20,9,Monday,739,Storm,52,1
6E,MAA,DEL,22,10,Wednesday,1557,Rain,11,0
6E,MAA,DEL,23,5,Sunday,1052,Cloudy,0,0
UK,BLR,DEL,0,9,Wednesday,907,Clear,0,0
AI,CCU,HYD,12,10,Tuesday,643,Cloudy,0,0
AI,DEL,HYD,20,8,Sunday,725,Storm,72,1
6E,DEL,CCU,20,2,Monday,1319,Clear,22,1
AI,CCU,HYD,8,3,Tuesday,1454,Clear,5,0
UK,BOM,HYD,11,1,Thursday,1693,Clear,0,0
QP,CCU,MAA,3,4,Wednesday,989,Clear,0,0
AI,BOM,CCU,3,2,Wednesday,1768,Clear,0,0
AI,BLR,HYD,9,7,Saturday,1443,Cloudy,27,1
AI,DEL,HYD,5,11,Thursday,915,Clear,5,0
UK,CCU,DEL,23,1,Thursday,817,Storm,38,1
6E,BLR,HYD,1,4,Friday,1115,Clear,0,0
UK,BOM,DEL,12,1,Friday,1536,Rain,18,1
AI,BLR,CCU,13,2,Friday,1076,Fog,41,1
6E,DEL,HYD,1,1,Thursday,794,Clear,0,0
UK,MAA,DEL,10,8,Thursday,1629,Clear,0,0
UK,DEL,MAA,22,12,Tuesday,1100,Rain,13,0
UK,BLR,BOM,2,9,Wednesday,590,Clear,0,0
SG,BLR,HYD,3,9,Tuesday,773,Clear,6,0
UK,DEL,BLR,3,2,Monday,1256,Clear,0,0
QP,DEL,BLR,1,11,Saturday,1045,Clear,11,0
UK,HYD,BLR,21,7,Saturday,669,Cloudy,0,0
6E,BLR,DEL,1,12,Tuesday,1400,Cloudy,12,0
6E,DEL,BOM,6,5,Thursday,1330,Fog,26,1
6E,DEL,MAA,19,9,Sunday,1167,Cloudy,30,1
UK,MAA,DEL,23,6,Thursday,653,Clear,0,0
6E,MAA,BLR,3,7,Monday,783,Cloudy,6,0
QP,HYD,DEL,8,2,Friday,659,Clear,11,0
UK,CCU,HYD,4,6,Sunday,1620,Clear,0,0
QP,DEL,HYD,4,3,Tuesday,677,Clear,0,0
SG,MAA,BLR,22,9,Sunday,568,Clear,15,1
6E,MAA,BOM,8,9,Saturday,935,Clear,0,0
6E,BOM,BLR,14,11,Monday,1369,Clear,0,0
SG,HYD,BLR,3,6,Sunday,614,Clear,14,0
6E,MAA,BOM,6,10,Friday,1408,Rain,12,0
6E,HYD,BOM,8,11,Tuesday,651,Clear,2,0
QP,BOM,DEL,14,6,Saturday,1742,Fog,34,1
UK,HYD,BOM,21,12,Saturday,1195,Rain,17,1
AI,MAA,CCU,5,10,Friday,1644,Rain,26,1
UK,DEL,MAA,15,4,Sunday,1288,Clear,0,0
UK,HYD,BOM,11,6,Sunday,634,Clear,0,0
QP,HYD,BOM,19,2,Wednesday,1491,Clear,5,0
SG,BLR,BOM,8,5,Monday,1739,Clear,9,0
AI,DEL,BOM,10,5,Saturday,1095,Clear,5,0
AI,DEL,CCU,14,4,Sunday,691,Clear,0,0
SG,MAA,HYD,10,5,Wednesday,1121,Cloudy,11,0
AI,MAA,BLR,18,1,Thursday,1269,Cloudy,29,1
6E,BLR,HYD,0,6,Thursday,1469,Clear,2,0
AI,CCU,HYD,8,3,Wednesday,624,Clear,1,0
AI,CCU,HYD,4,3,Thursday,1333,Cloudy,9,0
QP,HYD,BLR,3,9,Thursday,946,Cloudy,11,0
AI,HYD,CCU,1,11,Sunday,796,Cloudy,0,0
AI,CCU,BOM,8,3,Wednesday,1552,Rain,28,1
QP,HYD,BLR,5,7,Tuesday,1202,Cloudy,6,0
AI,CCU,DEL,18,11,Thursday,1771,Clear,12,0
QP,CCU,BLR,12,8,Monday,697,Clear,0,0
AI,BOM,CCU,18,1,Tuesday,705,Clear,20,1
AI,HYD,CCU,21,10,Friday,1732,Clear,0,0
AI,MAA,BLR,18,1,Saturday,998,Rain,27,1
SG,MAA,DEL,10,8,Monday,1040,Cloudy,14,0
SG,BLR,MAA,23,6,Wednesday,1523,Cloudy,12,0
UK,CCU,HYD,9,7,Tuesday,430,Clear,14,0
6E,BLR,CCU,19,3,Thursday,1273,Cloudy,11,0
AI,BLR,HYD,4,11,Friday,1038,Clear,11,0
UK,DEL,CCU,23,2,Sunday,1734,Clear,0,0
6E,BOM,CCU,7,12,Sunday,502,Cloudy,10,0
UK,CCU,MAA,15,1,Sunday,854,Clear,0,0
SG,MAA,HYD,8,4,Wednesday,670,Clear,11,0
QP,MAA,DEL,5,7,Saturday,695,Clear,0,0
UK,CCU,BLR,7,7,Wednesday,750,Clear,0,0
AI,BOM,BLR,14,4,Monday,1059,Clear,0,0
6E,HYD,BOM,2,4,Sunday,1129,Cloudy,0,0
QP,BLR,CCU,4,7,Sunday,1232,Clear,7,0
UK,CCU,BOM,22,1,Tuesday,1621,Clear,0,0
SG,BLR,DEL,2,2,Tuesday,1571,Clear,0,0
UK,CCU,BOM,17,5,Sunday,872,Clear,1,0
AI,MAA,CCU,7,1,Thursday,747,Rain,33,1
QP,MAA,DEL,7,2,Saturday,1359,Rain,13,0
SG,CCU,HYD,8,1,Sunday,534,Cloudy,25,1
QP,MAA,BOM,9,10,Thursday,1316,Cloudy,7,0
QP,BOM,BLR,17,2,Monday,773,Cloudy,27,1
6E,HYD,BOM,19,3,Friday,588,Clear,6,0
6E,BLR,DEL,8,10,Monday,1387,Cloudy,6,0
6E,DEL,BOM,4,6,Friday,1432,Clear,9,0
QP,HYD,BOM,0,6,Friday,936,Clear,2,0
UK,BLR,DEL,17,8,Thursday,1087,Rain,31,1
UK,BLR,CCU,22,8,Thursday,616,Rain,11,0
QP,DEL,HYD,0,5,Sunday,1626,Clear,9,0
SG,HYD,BOM,14,11,Wednesday,1781,Fog,49,1
QP,HYD,DEL,5,3,Saturday,616,Clear,0,0
QP,DEL,BLR,5,3,Saturday,1560,Clear,4,0
AI,HYD,MAA,19,7,Sunday,1668,Clear,21,1
6E,BOM,DEL,6,11,Sunday,1568,Rain,15,1
SG,DEL,BLR,7,11,Friday,977,Fog,45,1
QP,BLR,CCU,2,9,Sunday,363,Cloudy,9,0
AI,BLR,BOM,21,1,Friday,1078,Clear,0,0
6E,CCU,BOM,21,9,Monday,1084,Clear,12,0
UK,DEL,MAA,21,2,Monday,683,Clear,0,0
SG,BLR,DEL,5,11,Friday,1184,Cloudy,22,1
AI,MAA,BLR,4,2,Thursday,1410,Storm,44,1
SG,BOM,MAA,22,2,Sunday,474,Rain,32,1
6E,CCU,DEL,14,7,Thursday,1288,Clear,7,0
6E,MAA,HYD,6,7,Tuesday,1837,Clear,5,0
UK,CCU,BLR,1,5,Saturday,575,Clear,0,0
UK,CCU,BOM,19,6,Thursday,1933,Clear,9,0
SG,DEL,MAA,19,9,Sunday,585,Storm,79,1
6E,BLR,CCU,0,8,Monday,1119,Clear,21,1
QP,MAA,DEL,11,9,Monday,668,Rain,10,0
AI,DEL,BOM,11,3,Monday,1721,Clear,0,0
QP,BLR,CCU,11,7,Sunday,1559,Cloudy,7,0
AI,MAA,BLR,8,2,Monday,1670,Fog,30,1
SG,MAA,BOM,7,3,Friday,393,Cloudy,2,0
6E,BLR,MAA,8,12,Friday,1482,Cloudy,15,1
6E,CCU,BLR,22,1,Sunday,1618,Clear,0,0
AI,MAA,DEL,23,6,Friday,653,Clear,4,0
SG,DEL,HYD,2,6,Monday,1707,Clear,11,0
AI,BOM,MAA,17,3,Monday,534,Clear,22,1
SG,CCU,DEL,13,1,Monday,324,Cloudy,9,0
SG,DEL,BLR,6,2,Friday,837,Clear,0,0
QP,DEL,BOM,4,9,Thursday,1586,Clear,11,0
SG,BLR,CCU,18,8,Monday,1612,Rain,38,1
6E,CCU,HYD,8,7,Monday,939,Rain,21,1
SG,MAA,BLR,3,2,Tuesday,1247,Fog,37,1
QP,DEL,HYD,23,7,Thursday,688,Clear,4,0
6E,BLR,HYD,22,3,Sunday,1867,Clear,2,0
AI,CCU,BOM,10,4,Saturday,551,Clear,2,0
QP,BOM,BLR,10,12,Thursday,1445,Fog,37,1
AI,HYD,BLR,10,6,Wednesday,905,Cloudy,26,1
UK,BLR,CCU,4,1,Saturday,1520,Fog,20,1
6E,MAA,CCU,2,8,Sunday,403,Rain,20,1
AI,MAA,DEL,6,3,Wednesday,954,Clear,0,0
SG,MAA,BLR,9,1,Thursday,1327,Clear,13,0
AI,DEL,MAA,3,9,Monday,1624,Clear,15,1
SG,BLR,MAA,0,8,Monday,373,Clear,10,0
SG,MAA,BOM,22,3,Sunday,545,Storm,45,1
AI,BLR,DEL,21,9,Tuesday,846,Clear,14,0
AI,MAA,DEL,7,3,Tuesday,1463,Rain,16,1
SG,HYD,BLR,14,7,Wednesday,1315,Clear,10,0
UK,BLR,DEL,3,7,Wednesday,1129,Cloudy,17,1
AI,DEL,BLR,22,2,Tuesday,1245,Clear,5,0
QP,CCU,BOM,19,9,Friday,969,Clear,19,1
6E,MAA,CCU,4,7,Friday,1309,Cloudy,5,0
AI,CCU,HYD,5,6,Friday,1499,Clear,8,0
QP,BOM,DEL,7,9,Sunday,660,Fog,39,1
AI,BOM,HYD,2,10,Sunday,488,,25,1
UK,BOM,MAA,8,6,Tuesday,807,Clear,9,0
QP,DEL,BOM,16,10,Sunday,1650,Clear,20,1
UK,BOM,CCU,17,1,Friday,1647,Clear,12,0
UK,BOM,CCU,0,8,Tuesday,1227,Clear,0,0
6E,CCU,MAA,8,4,Wednesday,1622,Clear,1,0
AI,BOM,DEL,19,7,Tuesday,979,Clear,16,1
UK,HYD,BLR,20,8,Saturday,1471,Rain,40,1
QP,HYD,MAA,13,10,Friday,1301,Storm,34,1
AI,BLR,BOM,17,7,Saturday,381,Clear,8,0
QP,CCU,BLR,5,1,Tuesday,949,Rain,7,0
UK,DEL,BOM,20,12,Thursday,1440,Clear,2,0
UK,CCU,BLR,11,7,Thursday,1130,Clear,0,0
AI,MAA,CCU,16,2,Friday,1400,Clear,16,1
SG,BOM,DEL,6,2,Wednesday,976,Clear,7,0
AI,MAA,DEL,4,1,Monday,696,Clear,0,0
6E,BLR,MAA,12,3,Sunday,1667,Cloudy,11,0
SG,CCU,DEL,12,4,Wednesday,885,Clear,2,0
AI,DEL,MAA,13,12,Sunday,1529,Rain,29,1
UK,DEL,HYD,19,10,Wednesday,612,Clear,13,0
UK,HYD,BOM,18,1,Tuesday,1657,Cloudy,15,1
AI,CCU,BLR,7,5,Thursday,1589,Clear,0,0
6E,DEL,HYD,11,4,Monday,1247,Clear,0,0
6E,MAA,BOM,2,6,Thursday,774,Clear,0,0
SG,CCU,HYD,18,2,Sunday,500,Clear,31,1
QP,BLR,HYD,3,4,Tuesday,771,Rain,11,0
QP,CCU,BLR,1,7,Tuesday,1215,Clear,12,0
AI,MAA,BLR,12,7,Monday,1913,Cloudy,5,0
AI,BOM,HYD,22,11,Tuesday,1328,Clear,2,0
AI,CCU,HYD,9,12,Wednesday,1131,Clear,3,0
UK,MAA,BLR,4,5,Tuesday,1327,Clear,0,0
AI,DEL,CCU,4,10,Friday,1393,Clear,9,0
6E,HYD,CCU,20,11,Wednesday,1490,,0,0
QP,HYD,BLR,15,5,Wednesday,751,Clear,0,0
QP,MAA,BLR,11,6,Tuesday,1201,Fog,22,1
QP,MAA,BOM,22,8,Friday,1666,Clear,8,0
6E,BLR,DEL,2,11,Wednesday,1470,Clear,0,0
SG,BOM,HYD,14,10,Friday,1018,Clear,10,0
SG,BOM,MAA,8,11,Monday,1126,Rain,37,1
AI,DEL,BLR,5,10,Friday,1440,Clear,13,0
UK,HYD,BLR,22,3,Saturday,526,Clear,0,0
UK,CCU,MAA,22,3,Friday,631,Storm,40,1
6E,DEL,CCU,20,11,Tuesday,1197,Rain,25,1
SG,MAA,CCU,3,6,Friday,519,Clear,3,0
SG,HYD,MAA,17,3,Saturday,1175,Clear,5,0
UK,BOM,DEL,8,4,Thursday,1488,Clear,0,0
SG,BOM,DEL,9,6,Friday,1164,Rain,53,1
SG,BOM,MAA,4,7,Saturday,1663,Cloudy,16,1
UK,MAA,CCU,14,3,Thursday,527,Clear,0,0
6E,BOM,MAA,20,4,Tuesday,988,Clear,19,1
SG,MAA,DEL,5,5,Sunday,1800,Clear,0,0
SG,BLR,DEL,12,3,Wednesday,1256,Cloudy,21,1
QP,DEL,CCU,15,12,Wednesday,1784,Cloudy,14,0
AI,DEL,MAA,15,1,Friday,1103,Clear,3,0
UK,BLR,CCU,6,10,Tuesday,568,Cloudy,0,0
QP,BLR,DEL,0,4,Wednesday,896,Rain,30,1
UK,MAA,HYD,19,7,Friday,1810,Cloudy,15,1
QP,BLR,CCU,14,4,Saturday,780,Clear,1,0
AI,DEL,HYD,16,12,Monday,1436,Fog,62,1
AI,BOM,MAA,12,12,Saturday,1330,Clear,3,0
SG,HYD,BOM,9,5,Tuesday,1588,Cloudy,13,0
6E,BLR,DEL,6,1,Sunday,1687,Clear,14,0
UK,MAA,BLR,15,3,Sunday,1985,Cloudy,0,0
UK,CCU,BOM,19,9,Friday,1146,Cloudy,22,1
UK,BLR,DEL,7,10,Sunday,1424,Clear,0,0
QP,HYD,CCU,0,1,Tuesday,712,Clear,0,0
AI,MAA,CCU,3,1,Thursday,675,Clear,0,0
SG,BOM,DEL,13,6,Monday,1735,,10,0
QP,HYD,BOM,5,10,Thursday,709,Clear,0,0
SG,BOM,MAA,19,10,Friday,505,Clear,18,1
6E,HYD,BOM,6,1,Thursday,542,Fog,17,1
AI,MAA,DEL,11,12,Monday,368,Clear,1,0
SG,DEL,BOM,5,4,Monday,1013,Clear,11,0
UK,BOM,DEL,10,3,Sunday,459,Clear,0,0
AI,DEL,CCU,16,5,Tuesday,679,Rain,39,1
6E,DEL,BLR,19,10,Thursday,1646,Cloudy,23,1
QP,DEL,CCU,17,4,Friday,543,Cloudy,23,1
6E,MAA,CCU,12,8,Tuesday,478,Cloudy,8,0
AI,CCU,BLR,10,3,Wednesday,1089,Clear,13,0
SG,BLR,CCU,7,2,Friday,656,Fog,37,1
AI,CCU,BOM,23,2,Tuesday,878,Cloudy,7,0
QP,MAA,BOM,17,6,Saturday,1078,Cloudy,23,1
QP,MAA,BOM,21,1,Friday,827,Cloudy,0,0
QP,MAA,HYD,17,7,Sunday,1474,Clear,29,1
QP,BOM,BLR,2,10,Thursday,1431,Cloudy,17,1
6E,HYD,DEL,6,7,Saturday,379,Cloudy,12,0
6E,HYD,CCU,11,6,Wednesday,1226,Rain,20,1
6E,HYD,BOM,7,3,Friday,796,Storm,41,1
UK,MAA,CCU,21,2,Sunday,1266,Clear,0,0
QP,DEL,CCU,11,2,Saturday,1442,Cloudy,11,0
SG,MAA,BOM,5,1,Saturday,808,Clear,10,0
SG,MAA,DEL,14,7,Thursday,1306,Rain,16,1
QP,DEL,BOM,9,4,Friday,1498,Cloudy,22,1
SG,BLR,DEL,3,8,Friday,1683,Fog,37,1
6E,CCU,MAA,22,5,Tuesday,573,Cloudy,0,0
UK,DEL,BLR,22,4,Tuesday,1157,Cloudy,0,0
UK,DEL,CCU,18,6,Friday,1096,Clear,8,0
AI,MAA,DEL,7,5,Friday,1666,Cloudy,0,0
SG,BOM,BLR,19,2,Friday,952,Clear,10,0
SG,MAA,BOM,6,1,Friday,739,Clear,0,0
SG,CCU,BOM,21,12,Friday,1611,Clear,13,0
UK,BLR,DEL,21,2,Thursday,1101,Clear,0,0
SG,BLR,CCU,4,4,Friday,703,Rain,42,1
QP,BLR,CCU,7,5,Wednesday,1178,Cloudy,0,0
UK,BLR,CCU,16,6,Tuesday,1891,Clear,16,1
UK,BLR,CCU,5,9,Friday,886,Rain,23,1
AI,HYD,DEL,19,9,Wednesday,686,Clear,16,1
SG,CCU,DEL,16,8,Saturday,1212,Clear,27,1
QP,CCU,DEL,5,4,Sunday,970,Clear,8,0
SG,CCU,BLR,18,12,Wednesday,844,Clear,20,1
QP,DEL,BLR,1,1,Monday,1211,Rain,20,1
QP,BOM,HYD,9,4,Monday,431,Cloudy,16,1
SG,MAA,DEL,4,5,Friday,926,Cloudy,6,0
UK,HYD,MAA,0,5,Sunday,602,Cloudy,0,0
AI,BLR,CCU,17,7,Sunday,1709,Clear,25,1
AI,BOM,DEL,3,1,Sunday,983,Cloudy,0,0
6E,DEL,CCU,16,11,Monday,1322,Cloudy,17,1
UK,BOM,BLR,1,2,Monday,1283,Clear,0,0
SG,BLR,BOM,21,5,Sunday,1378,Clear,5,0
UK,BLR,MAA,23,7,Friday,1252,Clear,2,0
AI,HYD,CCU,7,11,Sunday,1770,Clear,0,0
6E,BOM,MAA,11,7,Sunday,1392,Clear,6,0
QP,BOM,DEL,14,7,Saturday,733,Cloudy,20,1
QP,CCU,MAA,14,3,Wednesday,920,Clear,0,0
6E,BLR,HYD,0,9,Friday,1091,Cloudy,2,0
QP,BOM,CCU,23,7,Friday,1651,Clear,0,0
SG,HYD,CCU,22,1,Sunday,915,Clear,0,0
QP,HYD,MAA,11,6,Sunday,1563,Cloudy,3,0
QP,HYD,CCU,13,11,Tuesday,1519,Clear,0,0
SG,BOM,BLR,4,11,Sunday,1073,Storm,45,1
6E,MAA,CCU,17,3,Friday,1745,Clear,1,0
SG,BOM,CCU,12,9,Saturday,1109,Rain,27,1
6E,CCU,BOM,6,4,Wednesday,1018,Clear,5,0
6E,BLR,CCU,7,10,Thursday,623,Clear,0,0
SG,BLR,HYD,1,7,Sunday,700,Clear,16,1
UK,BLR,CCU,18,4,Monday,1367,Clear,6,0
UK,BLR,MAA,1,12,Thursday,1621,Clear,0,0
6E,HYD,BOM,13,3,Sunday,1734,Clear,0,0
UK,BLR,DEL,19,5,Saturday,1669,Rain,34,1
AI,DEL,CCU,1,12,Tuesday,1087,Clear,4,0
SG,HYD,BLR,3,3,Tuesday,860,Clear,0,0
UK,BOM,CCU,18,3,Thursday,1115,Clear,15,1
QP,DEL,BOM,19,12,Tuesday,736,Storm,55,1
UK,CCU,BLR,1,6,Sunday,1259,Clear,0,0
UK,BOM,MAA,6,10,Saturday,592,Cloudy,3,0
AI,HYD,BOM,14,2,Sunday,1636,Clear,9,0
AI,BOM,MAA,12,8,Wednesday,546,Clear,11,0
6E,BLR,BOM,12,2,Tuesday,1121,Clear,0,0
6E,BLR,HYD,6,5,Thursday,848,Storm,37,1
6E,DEL,BLR,12,3,Monday,1276,Cloudy,10,0
6E,CCU,MAA,1,6,Saturday,1273,Clear,0,0
SG,BOM,BLR,20,5,Sunday,976,Cloudy,14,0
AI,HYD,DEL,13,12,Tuesday,738,Clear,0,0
6E,HYD,MAA,8,8,Tuesday,1654,Fog,41,1
AI,BLR,CCU,8,1,Wednesday,1668,Clear,0,0
6E,HYD,CCU,8,6,Saturday,1494,Rain,16,1
SG,HYD,DEL,10,10,Wednesday,1028,Rain,28,1
AI,DEL,CCU,4,6,Saturday,737,Clear,8,0
6E,MAA,BLR,14,8,Sunday,1394,Fog,26,1
AI,DEL,CCU,4,7,Thursday,850,Storm,62,1
QP,BLR,HYD,7,12,Monday,620,Rain,12,0
SG,BLR,CCU,20,8,Sunday,1601,,29,1
6E,BLR,MAA,13,7,Wednesday,642,Cloudy,12,0
AI,DEL,HYD,21,12,Friday,1896,Clear,8,0
AI,MAA,HYD,15,4,Sunday,755,Fog,36,1
UK,BLR,DEL,18,10,Sunday,954,Clear,11,0
SG,DEL,MAA,2,10,Saturday,1309,Cloudy,16,1
UK,DEL,HYD,12,5,Wednesday,1384,Rain,13,0
QP,HYD,MAA,8,12,Friday,1367,Fog,43,1
6E,HYD,DEL,0,4,Wednesday,1143,Rain,19,1
6E,HYD,BOM,2,11,Thursday,1261,Rain,18,1
UK,MAA,BLR,4,1,Wednesday,1005,Cloudy,0,0
6E,MAA,BOM,0,4,Saturday,960,Cloudy,0,0
QP,CCU,DEL,10,4,Saturday,585,Clear,0,0
AI,CCU,DEL,1,5,Sunday,1406,Storm,52,1
UK,CCU,BOM,19,6,Tuesday,923,Clear,8,0
UK,MAA,BLR,14,10,Sunday,1848,Rain,16,1
AI,BLR,DEL,23,6,Tuesday,1791,,25,1
UK,HYD,DEL,2,8,Friday,623,Clear,5,0
UK,HYD,MAA,1,2,Tuesday,1329,Clear,0,0
6E,BOM,MAA,20,1,Saturday,332,Storm,51,1
AI,MAA,BLR,9,5,Saturday,948,Clear,8,0
AI,HYD,CCU,18,2,Saturday,1050,Clear,16,1
AI,HYD,DEL,4,2,Tuesday,826,Clear,0,0
UK,CCU,BOM,0,2,Saturday,1634,Clear,0,0
AI,MAA,DEL,11,4,Tuesday,624,Clear,0,0
QP,CCU,MAA,13,3,Saturday,1552,Clear,0,0
6E,CCU,BLR,2,2,Thursday,1801,Cloudy,0,0
SG,MAA,DEL,0,4,Tuesday,1474,Rain,14,0
SG,BOM,CCU,5,4,Sunday,1841,Rain,46,1
UK,BOM,HYD,2,12,Saturday,764,Cloudy,0,0
QP,BOM,DEL,23,8,Tuesday,1367,Clear,0,0
AI,MAA,DEL,23,9,Wednesday,1473,Cloudy,0,0
6E,CCU,BOM,0,9,Saturday,916,Cloudy,13,0
6E,CCU,BLR,10,1,Tuesday,789,Rain,15,1
AI,MAA,BLR,9,6,Thursday,926,Cloudy,22,1
6E,MAA,BLR,0,8,Monday,417,Cloudy,3,0
6E,CCU,BLR,15,12,Monday,1180,Cloudy,12,0
SG,MAA,CCU,20,6,Tuesday,610,Rain,35,1
6E,DEL,MAA,14,4,Friday,802,Cloudy,9,0
QP,HYD,BLR,22,10,Thursday,1706,Clear,2,0
SG,BLR,CCU,15,3,Wednesday,542,Rain,32,1
QP,HYD,BOM,13,11,Tuesday,1573,Cloudy,9,0
AI,HYD,BLR,22,5,Saturday,827,Cloudy,7,0
QP,BOM,HYD,16,1,Friday,569,Clear,16,1
SG,BOM,HYD,18,5,Sunday,1358,Clear,28,1
QP,DEL,CCU,18,12,Sunday,839,Rain,30,1
6E,BOM,CCU,0,6,Friday,1549,Clear,6,0
QP,MAA,DEL,17,1,Monday,1679,Clear,18,1
UK,HYD,BOM,17,5,Sunday,1479,Clear,10,0
AI,CCU,MAA,11,9,Monday,1416,Clear,0,0
UK,CCU,BLR,13,1,Friday,1308,Cloudy,5,0
AI,CCU,BOM,19,11,Tuesday,915,Clear,7,0
QP,BOM,CCU,3,10,Saturday,1064,Clear,0,0
6E,BLR,DEL,12,10,Saturday,1902,Storm,48,1
6E,DEL,MAA,18,10,Saturday,1194,Cloudy,4,0
UK,DEL,CCU,6,2,Tuesday,1254,Fog,14,0
UK,BOM,MAA,6,10,Friday,1383,Clear,0,0
AI,BOM,DEL,0,3,Tuesday,1208,Rain,29,1
QP,DEL,BLR,7,2,Sunday,538,Clear,2,0
QP,CCU,MAA,8,1,Tuesday,1203,Clear,13,0
SG,HYD,MAA,22,2,Saturday,725,Clear,0,0
SG,HYD,DEL,1,2,Tuesday,1277,Clear,1,0
UK,HYD,BOM,15,11,Wednesday,1740,Fog,16,1
UK,CCU,HYD,1,1,Saturday,689,Clear,0,0
UK,DEL,HYD,19,8,Sunday,876,Cloudy,30,1
AI,BLR,HYD,11,1,Friday,603,Clear,0,0
AI,BOM,BLR,10,12,Wednesday,819,Clear,18,1
6E,HYD,CCU,22,7,Wednesday,1407,Fog,34,1
UK,HYD,DEL,17,7,Friday,796,Cloudy,24,1
AI,MAA,CCU,2,1,Thursday,1061,Clear,14,0
AI,HYD,CCU,6,11,Tuesday,1520,Clear,0,0
QP,BOM,MAA,6,6,Friday,1619,Clear,13,0
6E,HYD,BLR,14,2,Thursday,609,Cloudy,0,0
UK,CCU,BLR,19,9,Sunday,1953,Clear,13,0
UK,HYD,BLR,15,12,Monday,1566,Fog,15,1
SG,HYD,DEL,9,1,Saturday,1363,Fog,28,1
SG,BOM,BLR,17,3,Saturday,1532,Clear,30,1
6E,DEL,HYD,18,8,Saturday,1181,Clear,10,0
QP,BOM,HYD,1,1,Friday,1008,Rain,20,1
6E,DEL,BLR,13,10,Sunday,1319,Clear,1,0
QP,BLR,HYD,17,8,Wednesday,1701,Clear,9,0
UK,CCU,DEL,14,7,Wednesday,597,Cloudy,0,0
AI,BLR,CCU,5,4,Sunday,1496,Clear,1,0
SG,HYD,CCU,3,6,Monday,1067,Cloudy,19,1
AI,CCU,BOM,6,1,Saturday,1810,Fog,20,1
SG,MAA,BOM,8,9,Saturday,1371,Cloudy,16,1
AI,HYD,BLR,22,8,Friday,543,Clear,8,0
6E,MAA,DEL,14,7,Monday,1169,Clear,2,0
SG,BOM,DEL,20,10,Friday,1599,Fog,72,1
QP,BLR,CCU,0,7,Thursday,1495,Cloudy,21,1
UK,BLR,BOM,18,5,Monday,1275,Cloudy,22,1
AI,MAA,HYD,4,10,Saturday,494,Clear,0,0
6E,BLR,CCU,13,12,Saturday,1905,Fog,26,1
QP,CCU,MAA,9,11,Thursday,1408,Clear,9,0
SG,BOM,MAA,20,7,Tuesday,1618,Storm,61,1
AI,BOM,DEL,16,5,Wednesday,1603,Clear,15,1
6E,MAA,CCU,11,2,Thursday,1791,Clear,0,0
6E,MAA,BLR,12,5,Thursday,1254,Clear,0,0
AI,MAA,CCU,16,10,Friday,1160,Clear,24,1
QP,BOM,HYD,17,10,Tuesday,491,Storm,56,1
SG,DEL,BLR,13,2,Saturday,512,Clear,2,0
AI,BOM,MAA,17,7,Monday,1398,Rain,50,1
SG,BLR,MAA,18,9,Sunday,1680,Rain,50,1
UK,BLR,MAA,0,9,Wednesday,1644,Clear,0,0
AI,CCU,MAA,8,11,Saturday,1508,Cloudy,1,0
UK,CCU,BOM,21,1,Monday,710,Rain,12,0
AI,MAA,BOM,7,6,Friday,1117,Cloudy,18,1
6E,DEL,BOM,19,2,Sunday,1270,Clear,15,1
QP,DEL,MAA,13,9,Sunday,1440,Rain,33,1
SG,BLR,DEL,6,7,Thursday,1123,Cloudy,15,1
AI,HYD,MAA,8,6,Wednesday,1777,Storm,46,1
QP,MAA,BOM,11,10,Sunday,623,Cloudy,11,0
UK,BOM,BLR,2,11,Friday,1550,Clear,0,0
QP,DEL,BOM,7,4,Sunday,1009,Clear,0,0
SG,BOM,BLR,16,10,Tuesday,1420,Rain,37,1
6E,MAA,DEL,21,12,Thursday,1129,Storm,28,1
UK,CCU,BOM,22,1,Wednesday,902,Clear,0,0
UK,CCU,HYD,9,10,Wednesday,1265,Clear,0,0
SG,HYD,DEL,19,2,Sunday,1277,Clear,15,1
6E,DEL,BOM,9,10,Sunday,1466,Clear,10,0
6E,CCU,MAA,19,9,Friday,419,Clear,12,0
6E,DEL,HYD,21,11,Monday,649,Clear,0,0
6E,BOM,HYD,10,7,Thursday,1020,Clear,15,1
AI,CCU,BOM,14,4,Thursday,757,Clear,0,0
AI,HYD,BOM,20,9,Friday,1539,Fog,55,1
QP,BOM,BLR,3,4,Tuesday,1442,Clear,10,0
AI,HYD,DEL,5,1,Friday,704,Cloudy,0,0
QP,DEL,CCU,15,2,Saturday,517,Clear,2,0
AI,BOM,BLR,4,11,Thursday,1494,Cloudy,26,1
SG,CCU,MAA,19,5,Saturday,1402,Fog,48,1
6E,BOM,DEL,6,2,Tuesday,1707,Clear,0,0
UK,CCU,HYD,8,1,Friday,1382,Rain,27,1
6E,HYD,BOM,19,1,Thursday,1167,Clear,2,0
UK,HYD,BOM,12,10,Wednesday,1004,Clear,0,0
UK,MAA,BLR,18,2,Wednesday,1597,Clear,0,0
UK,HYD,DEL,15,10,Thursday,1768,Clear,0,0
6E,DEL,CCU,12,7,Thursday,1116,Clear,0,0
UK,CCU,MAA,12,3,Friday,1155,Cloudy,8,0
QP,BLR,MAA,19,11,Sunday,987,Clear,0,0
UK,HYD,DEL,23,6,Friday,1550,Rain,30,1
6E,HYD,BOM,0,5,Thursday,532,Clear,0,0
AI,HYD,MAA,12,9,Sunday,776,Clear,18,1
6E,BLR,HYD,18,8,Tuesday,1484,Clear,26,1
AI,CCU,HYD,15,9,Tuesday,1811,Cloudy,24,1
AI,BOM,HYD,11,8,Monday,875,Rain,28,1
QP,HYD,BLR,19,12,Tuesday,1167,Rain,23,1
AI,HYD,BOM,11,5,Monday,930,,0,0
UK,HYD,MAA,3,3,Tuesday,1828,Storm,38,1
QP,DEL,BLR,6,2,Friday,533,Clear,18,1
QP,BLR,HYD,1,3,Friday,1184,Storm,35,1
AI,DEL,MAA,16,10,Friday,1394,Clear,27,1
AI,HYD,BOM,23,11,Sunday,1646,Clear,1,0
6E,MAA,BOM,9,4,Sunday,1133,Clear,1,0
UK,HYD,DEL,17,2,Wednesday,952,Cloudy,10,0
QP,MAA,DEL,23,9,Tuesday,1051,Clear,0,0
6E,BLR,HYD,9,10,Wednesday,1522,Clear,0,0
AI,BOM,HYD,21,1,Sunday,1550,Clear,0,0
6E,BLR,BOM,0,2,Sunday,565,Clear,1,0
QP,BOM,BLR,16,5,Tuesday,1601,Cloudy,23,1
AI,MAA,DEL,3,6,Tuesday,1330,Fog,46,1
6E,MAA,DEL,18,2,Saturday,659,Fog,43,1
AI,BLR,MAA,0,8,Sunday,1005,Clear,5,0
AI,MAA,CCU,19,6,Sunday,1348,Cloudy,30,1
QP,DEL,BLR,9,10,Sunday,1468,Cloudy,31,1
AI,DEL,BLR,5,12,Tuesday,1726,Rain,30,1
6E,BOM,HYD,13,2,Saturday,1189,Cloudy,9,0
QP,BLR,DEL,23,6,Friday,1597,Cloudy,27,1
SG,BOM,HYD,3,10,Wednesday,1221,Clear,17,1
AI,HYD,BLR,7,1,Monday,1419,Rain,20,1
UK,MAA,BLR,15,11,Friday,1888,Cloudy,7,0
QP,BLR,DEL,2,5,Wednesday,459,Clear,2,0
UK,BLR,CCU,22,10,Wednesday,1623,Cloudy,10,0
UK,DEL,BLR,12,8,Monday,708,Clear,1,0
UK,BOM,DEL,23,12,Monday,1707,Clear,4,0
SG,MAA,HYD,9,2,Tuesday,973,Cloudy,10,0
AI,MAA,CCU,19,11,Monday,870,Cloudy,20,1
QP,DEL,HYD,7,7,Sunday,675,Fog,47,1
QP,DEL,BLR,10,10,Monday,1453,Storm,56,1
AI,MAA,CCU,8,10,Wednesday,1470,Clear,6,0
QP,BOM,HYD,13,7,Sunday,941,Clear,11,0
QP,HYD,BOM,5,6,Monday,1858,Clear,7,0
SG,MAA,HYD,12,10,Friday,1663,Storm,52,1
6E,MAA,BOM,20,7,Tuesday,829,Clear,12,0
UK,HYD,DEL,3,12,Wednesday,1084,Clear,0,0
QP,BLR,MAA,19,9,Thursday,1264,Cloudy,12,0
AI,MAA,BOM,20,8,Friday,1363,Clear,25,1
QP,MAA,CCU,0,7,Saturday,1101,Cloudy,0,0
QP,CCU,DEL,16,3,Friday,793,Rain,30,1
SG,HYD,CCU,11,9,Monday,886,Cloudy,15,1
6E,CCU,MAA,15,3,Tuesday,764,Clear,0,0
UK,MAA,BOM,7,8,Friday,1095,Clear,0,0
AI,DEL,HYD,5,10,Wednesday,1235,Clear,0,0
QP,BOM,CCU,6,6,Monday,1631,Clear,6,0
6E,MAA,DEL,3,12,Thursday,474,Clear,0,0
AI,DEL,MAA,9,2,Wednesday,1224,Clear,0,0
SG,MAA,BLR,20,3,Saturday,1255,Cloudy,16,1
SG,BLR,CCU,18,4,Sunday,1181,Clear,26,1
SG,BOM,BLR,4,12,Monday,467,Clear,0,0
AI,HYD,MAA,13,7,Saturday,1406,Clear,0,0
SG,CCU,HYD,1,4,Sunday,804,,17,1
SG,CCU,BLR,1,12,Friday,1569,Cloudy,22,1
SG,BLR,DEL,15,5,Friday,789,Clear,8,0
QP,DEL,BLR,7,4,Thursday,1402,Clear,1,0
6E,CCU,HYD,16,11,Thursday,684,Cloudy,30,1
6E,CCU,HYD,3,2,Monday,1349,Cloudy,5,0
QP,HYD,BLR,2,12,Tuesday,632,Fog,22,1
UK,HYD,CCU,17,1,Friday,800,Rain,23,1
UK,HYD,DEL,4,7,Thursday,1532,Cloudy,4,0
6E,DEL,HYD,1,7,Tuesday,695,Rain,21,1
SG,DEL,CCU,18,12,Wednesday,1036,Fog,57,1
SG,DEL,CCU,16,12,Friday,1067,Rain,56,1
AI,CCU,BLR,22,11,Tuesday,718,Cloudy,17,1
UK,DEL,BOM,14,11,Tuesday,1234,Rain,16,1
QP,HYD,MAA,11,11,Sunday,830,Clear,0,0
6E,BLR,HYD,16,7,Thursday,1143,Fog,32,1
6E,DEL,BLR,19,11,Thursday,1629,Clear,2,0
QP,CCU,MAA,15,10,Monday,1544,Clear,4,0
AI,DEL,HYD,7,5,Monday,853,Clear,10,0
6E,CCU,BLR,21,11,Friday,1598,Rain,9,0
UK,MAA,BLR,16,1,Wednesday,1615,Clear,0,0
SG,MAA,DEL,21,2,Tuesday,1096,Cloudy,0,0
AI,DEL,BOM,13,2,Tuesday,1412,Clear,7,0
UK,CCU,DEL,10,7,Saturday,1157,Clear,1,0
AI,HYD,DEL,20,1,Sunday,508,Rain,25,1
SG,BLR,MAA,14,3,Tuesday,1214,Clear,0,0
SG,MAA,DEL,18,3,Tuesday,1748,Cloudy,18,1
UK,BLR,CCU,21,3,Saturday,1098,Rain,18,1
6E,BOM,CCU,6,1,Thursday,1393,Clear,0,0
AI,BOM,MAA,4,3,Saturday,1377,Clear,14,0
QP,HYD,MAA,3,4,Saturday,1841,Clear,0,0
SG,HYD,BLR,14,10,Saturday,1087,Clear,2,0
6E,BOM,DEL,19,8,Tuesday,836,Rain,54,1
UK,BOM,CCU,23,4,Thursday,1257,Clear,0,0
SG,CCU,HYD,0,2,Thursday,1344,Clear,2,0
SG,HYD,MAA,0,7,Sunday,1453,Cloudy,12,0
UK,CCU,MAA,16,4,Friday,1172,Cloudy,4,0
6E,BOM,MAA,6,9,Saturday,1759,Clear,13,0
SG,BOM,BLR,11,3,Sunday,875,Clear,4,0
SG,BOM,BLR,1,12,Friday,697,Clear,16,1
UK,HYD,BLR,1,2,Friday,1509,Clear,0,0
AI,MAA,HYD,12,11,Thursday,699,Clear,1,0
UK,HYD,MAA,16,9,Monday,1626,Cloudy,7,0
SG,BOM,HYD,21,9,Saturday,766,Rain,37,1
QP,CCU,BOM,11,11,Wednesday,1427,Clear,0,0
UK,HYD,DEL,15,6,Monday,1568,Clear,0,0
6E,BLR,HYD,20,9,Wednesday,1801,Clear,0,0
UK,DEL,MAA,10,7,Wednesday,1377,Rain,33,1
AI,HYD,BOM,5,9,Wednesday,683,Cloudy,26,1
AI,HYD,MAA,19,7,Tuesday,906,Rain,28,1
SG,CCU,DEL,0,12,Sunday,1267,,15,1
QP,BOM,CCU,6,4,Sunday,1427,Clear,3,0
QP,DEL,MAA,3,9,Monday,738,Rain,21,1
UK,CCU,MAA,15,2,Thursday,1202,Clear,0,0
AI,HYD,MAA,6,1,Wednesday,1739,Clear,8,0
QP,DEL,BLR,8,9,Saturday,406,Cloudy,22,1
UK,DEL,CCU,15,3,Thursday,1165,Cloudy,0,0
6E,BLR,MAA,7,1,Friday,1257,Clear,0,0
QP,HYD,BOM,8,8,Monday,1593,Cloudy,18,1
SG,BOM,CCU,11,8,Friday,888,Clear,25,1
SG,BLR,MAA,2,8,Thursday,768,Rain,33,1
6E,MAA,BOM,22,6,Sunday,993,Rain,15,1
QP,CCU,BOM,23,10,Monday,854,Cloudy,8,0
UK,BLR,BOM,17,1,Wednesday,1652,Clear,17,1
UK,BLR,HYD,2,2,Saturday,1482,Clear,0,0
SG,BLR,MAA,11,5,Tuesday,1132,Rain,32,1
SG,DEL,CCU,8,12,Tuesday,969,Clear,11,0
AI,DEL,HYD,3,9,Wednesday,319,Clear,8,0
6E,CCU,MAA,21,7,Thursday,516,Fog,31,1
6E,DEL,BOM,9,12,Monday,1187,Rain,23,1
QP,MAA,BLR,15,12,Friday,1408,Storm,38,1
SG,BOM,MAA,16,2,Saturday,1725,Clear,20,1
6E,MAA,CCU,7,7,Wednesday,675,Clear,4,0
SG,CCU,MAA,8,12,Tuesday,665,Clear,10,0
SG,MAA,HYD,23,3,Wednesday,1150,Cloudy,7,0
6E,MAA,DEL,19,2,Friday,701,Rain,31,1
UK,BOM,BLR,12,5,Thursday,1594,Clear,6,0
QP,HYD,DEL,12,12,Friday,941,Clear,0,0
UK,HYD,CCU,0,3,Saturday,1299,Rain,13,0
AI,BLR,MAA,4,8,Sunday,1431,Clear,17,1
SG,DEL,MAA,0,4,Thursday,1209,Clear,6,0
UK,CCU,BOM,19,9,Saturday,517,Fog,48,1
UK,BOM,DEL,22,11,Thursday,741,Clear,0,0
SG,CCU,MAA,3,1,Monday,689,Rain,31,1
QP,CCU,BOM,6,5,Friday,775,Fog,21,1
6E,DEL,HYD,8,7,Sunday,1065,Rain,33,1
UK,MAA,BOM,19,3,Wednesday,411,Clear,0,0
AI,HYD,DEL,9,8,Thursday,670,Cloudy,21,1
SG,BOM,CCU,1,5,Saturday,1558,Cloudy,20,1
UK,MAA,HYD,14,1,Saturday,833,Fog,13,0
6E,DEL,BOM,3,8,Monday,337,Clear,2,0
SG,BOM,MAA,15,1,Monday,1041,Cloudy,29,1
UK,CCU,BOM,20,3,Thursday,1723,Rain,28,1
UK,MAA,BOM,1,2,Monday,751,Clear,0,0
UK,DEL,HYD,23,1,Sunday,1005,Cloudy,3,0
6E,DEL,CCU,15,5,Friday,1749,Clear,13,0
AI,BOM,DEL,1,11,Friday,1730,Clear,11,0
QP,DEL,BLR,5,4,Friday,994,Clear,6,0
AI,BOM,CCU,4,3,Thursday,726,Clear,4,0
6E,HYD,BOM,21,10,Monday,860,Clear,0,0
SG,DEL,BLR,17,12,Saturday,1566,Cloudy,21,1
AI,BOM,MAA,8,4,Thursday,773,Clear,8,0
SG,BOM,BLR,12,1,Wednesday,1759,Clear,19,1
SG,CCU,DEL,8,10,Thursday,1191,Clear,8,0
SG,CCU,BOM,9,8,Thursday,1082,Cloudy,32,1
6E,CCU,BOM,15,12,Sunday,1452,Clear,0,0
AI,BLR,MAA,4,8,Tuesday,1767,Cloudy,0,0
QP,HYD,MAA,18,12,Tuesday,1617,Rain,25,1
6E,HYD,BLR,22,2,Monday,774,Rain,0,0
QP,CCU,DEL,23,2,Friday,739,Cloudy,14,0
AI,MAA,BLR,4,8,Monday,601,Cloudy,0,0
AI,CCU,BOM,9,9,Saturday,1249,Cloudy,22,1
SG,HYD,BOM,6,5,Saturday,1573,Clear,0,0
QP,CCU,DEL,15,6,Friday,823,Clear,4,0
QP,MAA,CCU,7,5,Thursday,1042,Storm,43,1
SG,MAA,HYD,9,1,Wednesday,1537,Rain,28,1
6E,HYD,MAA,3,11,Sunday,385,Cloudy,0,0
QP,BLR,BOM,13,11,Saturday,527,Cloudy,1,0
SG,HYD,MAA,12,12,Tuesday,858,Cloudy,2,0
AI,BLR,BOM,13,7,Tuesday,1598,Clear,1,0
AI,HYD,BLR,8,3,Tuesday,1730,Clear,0,0
QP,BOM,HYD,18,5,Thursday,1855,Clear,17,1
6E,MAA,CCU,14,9,Friday,1708,Rain,27,1
SG,HYD,CCU,4,3,Tuesday,467,Cloudy,13,0
AI,MAA,HYD,8,2,Monday,735,Clear,5,0
6E,BOM,HYD,15,12,Wednesday,1657,Clear,0,0
6E,MAA,BLR,2,1,Thursday,867,Rain,11,0
6E,MAA,CCU,8,8,Friday,637,Rain,33,1
SG,DEL,CCU,20,2,Monday,1057,Rain,50,1
QP,BLR,BOM,10,1,Friday,1568,Clear,4,0
QP,MAA,CCU,12,8,Tuesday,1623,Clear,10,0
SG,CCU,BLR,16,3,Wednesday,1065,Cloudy,23,1
6E,MAA,HYD,7,9,Thursday,603,Clear,0,0
QP,BLR,HYD,19,10,Monday,1564,Clear,5,0
UK,BOM,MAA,0,7,Thursday,623,Clear,0,0
UK,CCU,BLR,11,3,Monday,556,Cloudy,0,0
SG,CCU,BLR,14,12,Tuesday,1391,Clear,13,0
SG,CCU,MAA,5,5,Thursday,779,Clear,17,1
QP,BOM,HYD,18,10,Tuesday,519,Clear,10,0
UK,BLR,MAA,1,3,Thursday,1994,Clear,0,0
SG,BOM,BLR,15,2,Tuesday,1210,Cloudy,9,0
SG,CCU,MAA,15,9,Thursday,1387,Rain,31,1
6E,CCU,HYD,18,3,Monday,1300,Clear,10,0
6E,BOM,BLR,4,7,Tuesday,1583,Cloudy,0,0
SG,BOM,BLR,3,8,Sunday,1456,Clear,25,1
AI,HYD,MAA,13,2,Wednesday,1473,Cloudy,0,0
6E,BLR,MAA,23,4,Friday,1108,Rain,21,1
SG,BLR,DEL,18,3,Monday,524,Clear,13,0
QP,BLR,CCU,5,1,Monday,1675,Rain,14,0
UK,MAA,BLR,9,12,Saturday,1255,Clear,3,0
6E,CCU,DEL,6,1,Wednesday,1149,Fog,21,1
UK,CCU,BOM,18,10,Wednesday,935,Rain,18,1
SG,BLR,MAA,12,5,Tuesday,1625,Clear,7,0
UK,MAA,BOM,10,4,Tuesday,1569,Cloudy,7,0
AI,MAA,BOM,0,7,Tuesday,1400,Clear,3,0
UK,BOM,BLR,15,11,Saturday,832,Storm,37,1
UK,MAA,DEL,10,8,Sunday,1101,Clear,11,0
SG,BLR,HYD,0,1,Monday,789,Cloudy,7,0
QP,HYD,DEL,4,10,Monday,1259,Clear,0,0
QP,MAA,CCU,17,10,Friday,525,Clear,16,1
SG,CCU,BLR,17,12,Sunday,1291,Rain,42,1
6E,CCU,BOM,11,3,Wednesday,1826,Cloudy,0,0
UK,MAA,BLR,18,11,Saturday,813,Clear,0,0
AI,HYD,BOM,17,5,Monday,1178,Fog,31,1
QP,BLR,BOM,14,5,Saturday,1020,Fog,24,1
QP,BLR,DEL,5,8,Sunday,1706,Rain,37,1
QP,CCU,MAA,10,7,Thursday,1717,Clear,3,0
6E,BOM,CCU,19,3,Friday,1533,Rain,36,1
6E,HYD,BLR,7,3,Tuesday,1326,Clear,0,0
QP,MAA,DEL,15,8,Saturday,924,Cloudy,7,0
UK,DEL,HYD,19,12,Saturday,1548,Storm,61,1
SG,HYD,MAA,12,3,Saturday,572,Clear,0,0
UK,BOM,BLR,12,7,Saturday,1484,Clear,3,0
UK,BOM,CCU,4,4,Monday,931,Rain,25,1
SG,HYD,DEL,11,3,Thursday,1009,Clear,3,0
QP,DEL,HYD,1,10,Thursday,1458,Clear,1,0
6E,DEL,BOM,2,9,Monday,1125,Clear,2,0
QP,BLR,CCU,13,6,Saturday,944,Cloudy,8,0
6E,HYD,BOM,5,6,Tuesday,793,Clear,0,0
UK,DEL,CCU,8,6,Wednesday,880,Clear,1,0
QP,BLR,MAA,8,12,Monday,548,Fog,40,1
QP,BOM,BLR,11,12,Saturday,1543,Rain,40,1
QP,HYD,MAA,16,1,Tuesday,1602,Cloudy,14,0
6E,BOM,DEL,10,10,Thursday,1325,Clear,0,0
QP,DEL,CCU,20,5,Thursday,697,Rain,41,1
QP,HYD,BOM,11,8,Monday,1538,Clear,1,0
QP,CCU,MAA,23,12,Saturday,1275,Fog,32,1
AI,HYD,CCU,23,6,Monday,940,Clear,2,0
SG,BLR,HYD,10,6,Friday,1205,Rain,48,1
QP,BLR,DEL,18,8,Tuesday,578,Fog,39,1
SG,DEL,BOM,10,4,Friday,673,Clear,19,1
6E,BOM,MAA,21,4,Tuesday,968,Clear,0,0
SG,BLR,DEL,18,8,Saturday,489,Clear,24,1
AI,HYD,DEL,8,3,Thursday,1678,Clear,9,0
UK,BLR,HYD,7,8,Friday,1754,Clear,8,0
SG,CCU,DEL,21,3,Sunday,929,Clear,0,0
UK,HYD,BOM,12,2,Thursday,1016,Clear,0,0
SG,DEL,HYD,16,2,Saturday,1417,Clear,22,1
6E,HYD,BOM,16,4,Saturday,852,Clear,1,0
SG,HYD,CCU,3,2,Wednesday,1620,Rain,24,1
SG,DEL,CCU,5,4,Wednesday,518,Clear,8,0
SG,BLR,DEL,21,6,Friday,1148,Clear,14,0
6E,CCU,BOM,6,3,Sunday,545,Clear,0,0
6E,BLR,CCU,20,7,Monday,1399,Clear,14,0
6E,BLR,DEL,8,5,Monday,1502,Clear,0,0
UK,BOM,BLR,20,1,Tuesday,1107,Clear,8,0
UK,DEL,CCU,13,5,Friday,1771,Clear,0,0
6E,BOM,HYD,2,1,Wednesday,1374,Clear,13,0
UK,MAA,BOM,6,9,Thursday,735,Clear,0,0
6E,CCU,DEL,22,6,Wednesday,1217,Cloudy,0,0
6E,HYD,BLR,4,8,Wednesday,1225,Fog,25,1
SG,MAA,HYD,5,2,Saturday,1380,Cloudy,4,0
QP,HYD,DEL,3,6,Thursday,1264,Clear,2,0
6E,HYD,MAA,14,10,Wednesday,1498,Clear,0,0
QP,BLR,DEL,19,3,Monday,659,Cloudy,20,1
UK,DEL,BOM,22,12,Wednesday,444,Cloudy,0,0
AI,BLR,CCU,21,6,Saturday,1019,Clear,8,0
6E,CCU,MAA,21,2,Monday,560,Rain,27,1
AI,HYD,MAA,21,3,Wednesday,1082,Clear,0,0
AI,MAA,HYD,13,6,Tuesday,1016,Clear,0,0
6E,DEL,BLR,19,12,Thursday,1377,Cloudy,15,1
UK,BOM,DEL,15,6,Saturday,1516,Fog,19,1
SG,BOM,CCU,3,3,Saturday,1852,Rain,25,1
AI,BLR,DEL,0,5,Wednesday,453,Fog,0,0
QP,CCU,BLR,2,11,Friday,1127,Clear,8,0
6E,BLR,MAA,8,12,Saturday,1580,Clear,0,0
AI,HYD,BOM,11,8,Saturday,843,Clear,8,0
SG,HYD,BLR,15,11,Friday,1658,Clear,0,0
SG,BLR,BOM,12,10,Monday,1324,Rain,22,1
SG,CCU,MAA,8,6,Wednesday,1197,Clear,29,1
AI,BOM,DEL,17,11,Tuesday,649,Clear,13,0
AI,DEL,HYD,20,1,Friday,1248,Fog,43,1
6E,MAA,BLR,5,10,Tuesday,517,Clear,0,0
UK,HYD,DEL,6,7,Monday,879,Clear,0,0
QP,BOM,CCU,22,8,Sunday,977,Fog,46,1
6E,CCU,MAA,23,12,Monday,626,Clear,0,0
AI,DEL,CCU,7,4,Saturday,619,Rain,23,1
QP,BOM,HYD,12,3,Sunday,1753,Clear,11,0
AI,DEL,CCU,13,8,Saturday,1049,Clear,15,1
AI,BOM,DEL,15,9,Thursday,613,Clear,7,0
UK,MAA,HYD,20,1,Thursday,911,Clear,1,0
UK,MAA,CCU,2,6,Saturday,1318,Clear,0,0
SG,HYD,MAA,12,5,Tuesday,1865,Cloudy,2,0
QP,CCU,BLR,5,10,Wednesday,1055,Clear,0,0
QP,DEL,CCU,18,11,Wednesday,701,Clear,11,0
6E,HYD,BOM,14,2,Tuesday,1074,Clear,0,0
QP,DEL,MAA,17,7,Thursday,1404,Cloudy,18,1
SG,CCU,MAA,21,9,Wednesday,568,Clear,16,1
AI,HYD,BLR,18,4,Monday,1237,Clear,7,0
QP,MAA,DEL,20,12,Monday,756,Fog,38,1
AI,HYD,BOM,19,11,Friday,1780,Fog,45,1
UK,BLR,DEL,15,3,Thursday,1007,Clear,0,0
SG,MAA,CCU,9,1,Saturday,1241,Clear,2,0
6E,CCU,HYD,8,7,Monday,1390,Cloudy,10,0
6E,BOM,CCU,8,11,Wednesday,1673,Clear,0,0
UK,CCU,BOM,14,9,Wednesday,547,Rain,30,1
QP,MAA,BLR,19,10,Friday,1008,Clear,13,0
6E,DEL,HYD,8,9,Thursday,553,Clear,2,0
SG,CCU,BOM,13,2,Thursday,676,Clear,7,0
UK,BOM,MAA,9,1,Sunday,1204,Clear,0,0
AI,HYD,CCU,14,1,Monday,936,Clear,0,0
SG,DEL,BLR,19,12,Sunday,1537,Cloudy,35,1
QP,BOM,DEL,9,12,Tuesday,1420,Fog,30,1
UK,HYD,CCU,9,11,Monday,1863,Clear,0,0
AI,MAA,BOM,4,1,Thursday,808,Cloudy,0,0
AI,MAA,BOM,11,11,Tuesday,1319,Clear,0,0
UK,BLR,HYD,10,12,Saturday,653,Rain,4,0
UK,MAA,BLR,3,10,Saturday,1059,Clear,0,0
UK,DEL,MAA,23,6,Wednesday,656,Clear,10,0
6E,CCU,HYD,20,2,Saturday,1702,Clear,8,0
UK,BOM,CCU,6,5,Tuesday,1240,Rain,35,1
6E,HYD,DEL,22,3,Wednesday,414,Clear,0,0
SG,CCU,BOM,6,8,Monday,962,Cloudy,16,1
SG,BOM,MAA,10,11,Friday,1414,Clear,9,0
SG,BLR,CCU,3,6,Saturday,1569,Cloudy,8,0
AI,MAA,DEL,14,1,Saturday,1214,Fog,27,1
QP,CCU,BLR,11,5,Wednesday,1181,,0,0
AI,BOM,BLR,6,10,Saturday,1833,Cloudy,8,0
QP,HYD,DEL,6,8,Friday,1768,Clear,6,0
AI,BOM,HYD,22,1,Friday,989,Clear,1,0
UK,HYD,CCU,16,5,Tuesday,1887,Clear,6,0
AI,BLR,MAA,3,5,Saturday,1492,Clear,1,0
AI,DEL,BLR,3,1,Saturday,678,Rain,21,1
SG,CCU,MAA,1,5,Sunday,1498,Clear,10,0
SG,HYD,BOM,5,10,Wednesday,872,Clear,0,0
AI,BLR,HYD,17,2,Thursday,1578,Clear,15,1
QP,DEL,BLR,1,7,Monday,739,Cloudy,17,1
6E,DEL,CCU,5,8,Friday,1047,Storm,36,1
6E,BLR,MAA,0,9,Thursday,1670,Rain,9,0
6E,HYD,DEL,15,4,Saturday,1568,Rain,10,0
UK,BOM,CCU,19,7,Saturday,729,Fog,36,1
AI,MAA,BOM,12,9,Sunday,1846,,16,1
UK,BLR,BOM,21,8,Sunday,1154,Clear,0,0
6E,DEL,BOM,16,11,Tuesday,1314,Clear,23,1
AI,HYD,BOM,18,3,Sunday,528,Fog,38,1
6E,BOM,CCU,7,2,Monday,480,Clear,0,0
SG,DEL,CCU,20,12,Thursday,982,Clear,16,1
SG,DEL,CCU,15,9,Sunday,899,Rain,42,1
6E,BOM,HYD,2,6,Friday,430,Clear,4,0
6E,HYD,BLR,1,7,Sunday,503,Rain,12,0
SG,CCU,BLR,21,12,Thursday,1426,Rain,22,1
SG,BOM,CCU,6,11,Friday,1320,Clear,13,0
QP,DEL,BOM,11,10,Thursday,1201,Rain,14,0
QP,BOM,MAA,18,8,Sunday,1333,Clear,25,1
QP,BOM,CCU,18,9,Monday,1882,Fog,52,1
QP,BOM,CCU,0,7,Wednesday,1043,Clear,9,0
UK,BOM,MAA,14,6,Friday,1898,Clear,11,0
6E,CCU,BLR,21,9,Thursday,746,Clear,16,1
6E,BLR,BOM,8,1,Sunday,1636,Cloudy,1,0
6E,HYD,CCU,13,10,Friday,1261,Cloudy,0,0
SG,MAA,DEL,6,4,Monday,652,Cloudy,6,0
SG,DEL,CCU,17,7,Friday,663,Rain,48,1
QP,BOM,BLR,2,8,Wednesday,579,Cloudy,22,1
AI,BLR,HYD,12,4,Thursday,1472,Rain,31,1
UK,BLR,BOM,9,4,Monday,756,Clear,11,0
6E,DEL,HYD,15,3,Sunday,1230,Storm,44,1
QP,HYD,DEL,11,2,Wednesday,1553,Rain,7,0
6E,BOM,MAA,23,11,Saturday,1313,Rain,17,1
AI,BOM,BLR,23,7,Thursday,680,Clear,2,0
UK,HYD,DEL,6,9,Sunday,749,Fog,31,1
QP,CCU,DEL,0,2,Wednesday,756,Clear,3,0
QP,CCU,BLR,11,11,Monday,1321,Clear,4,0
AI,CCU,BLR,14,4,Thursday,594,Clear,16,1
6E,BLR,HYD,18,6,Monday,1170,Fog,42,1
AI,DEL,BLR,12,7,Saturday,628,Fog,34,1
6E,BOM,HYD,14,9,Sunday,684,Clear,7,0
UK,BLR,BOM,0,2,Tuesday,875,Rain,3,0
6E,BOM,DEL,18,11,Monday,964,Clear,4,0
AI,BOM,MAA,7,2,Saturday,942,Clear,3,0
UK,DEL,HYD,9,8,Friday,1360,Cloudy,22,1
AI,BOM,CCU,10,3,Saturday,633,Clear,2,0
6E,HYD,DEL,1,12,Thursday,527,Cloudy,0,0
AI,BLR,CCU,11,8,Friday,1482,Clear,16,1
AI,DEL,BOM,9,12,Tuesday,953,Clear,3,0
UK,HYD,CCU,5,12,Wednesday,1349,Cloudy,0,0
QP,CCU,MAA,5,4,Friday,1549,Clear,11,0
SG,BLR,CCU,0,3,Sunday,792,Rain,33,1
AI,BOM,HYD,21,2,Wednesday,602,,13,0
AI,BOM,DEL,7,9,Wednesday,1385,Clear,18,1
6E,BLR,DEL,20,1,Friday,1430,Rain,34,1
SG,BOM,HYD,20,3,Monday,1331,Clear,11,0
SG,CCU,BLR,10,11,Friday,1709,Cloudy,40,1
QP,CCU,HYD,19,8,Monday,1071,Clear,21,1
6E,BLR,CCU,5,6,Friday,288,Clear,6,0
AI,CCU,DEL,4,2,Sunday,1672,Clear,7,0
AI,CCU,HYD,21,11,Sunday,1750,Fog,22,1
AI,DEL,MAA,15,11,Tuesday,1026,Clear,0,0
AI,BLR,MAA,16,1,Friday,848,Storm,71,1
QP,HYD,DEL,22,9,Thursday,1574,Cloudy,0,0
6E,BLR,DEL,0,4,Thursday,597,Clear,0,0
QP,BLR,HYD,4,9,Friday,532,Cloudy,15,1
UK,BLR,MAA,23,4,Sunday,1612,Cloudy,0,0
UK,MAA,CCU,3,1,Friday,720,Clear,5,0
UK,BOM,HYD,10,10,Thursday,1631,Clear,0,0
QP,HYD,BOM,0,11,Friday,1361,Rain,14,0
AI,BOM,CCU,7,9,Thursday,1866,Rain,36,1
AI,CCU,HYD,4,2,Wednesday,1651,Rain,27,1
UK,DEL,CCU,6,6,Saturday,1150,Rain,24,1
6E,DEL,MAA,19,7,Friday,1520,Clear,25,1
UK,DEL,MAA,6,10,Thursday,472,Clear,0,0
SG,BLR,DEL,19,10,Monday,1747,Cloudy,20,1
UK,HYD,BOM,21,11,Tuesday,1715,Clear,0,0
6E,CCU,BLR,12,8,Tuesday,706,Cloudy,11,0
6E,BLR,BOM,12,12,Friday,1275,Clear,0,0
SG,BOM,DEL,8,10,Monday,1766,Rain,25,1
6E,BLR,BOM,16,3,Wednesday,671,Clear,12,0
UK,DEL,CCU,19,9,Thursday,631,Rain,31,1
UK,BLR,CCU,20,2,Saturday,1937,Clear,21,1
SG,MAA,CCU,4,10,Tuesday,674,Fog,25,1
SG,DEL,BOM,16,3,Friday,578,Cloudy,27,1
UK,MAA,HYD,3,4,Thursday,987,Clear,0,0
6E,BOM,DEL,11,7,Saturday,1106,Clear,11,0
6E,MAA,DEL,2,5,Tuesday,680,Cloudy,0,0
UK,MAA,DEL,13,8,Friday,1552,Clear,0,0
6E,MAA,BOM,20,7,Wednesday,640,Rain,40,1
SG,MAA,DEL,19,8,Tuesday,1757,Rain,44,1
6E,MAA,CCU,17,8,Monday,1298,Cloudy,16,1
SG,BOM,HYD,13,3,Wednesday,969,Clear,4,0
SG,DEL,CCU,14,9,Thursday,1045,Clear,29,1
QP,BLR,DEL,2,12,Monday,551,Clear,0,0
AI,HYD,MAA,17,7,Saturday,1761,Clear,15,1
SG,HYD,BLR,16,8,Friday,1389,Cloudy,30,1
AI,MAA,BLR,3,9,Wednesday,1814,Clear,5,0
6E,BOM,CCU,15,2,Monday,564,Clear,0,0
AI,CCU,DEL,9,2,Friday,1896,Clear,24,1
AI,BLR,CCU,12,7,Monday,1567,Clear,4,0
AI,BOM,DEL,19,5,Wednesday,1229,Rain,42,1
AI,MAA,BLR,7,9,Tuesday,1181,Clear,16,1
QP,DEL,BLR,22,11,Tuesday,927,Clear,0,0
AI,BLR,HYD,10,10,Saturday,1324,Clear,8,0
6E,MAA,HYD,12,3,Wednesday,1789,Clear,0,0
SG,MAA,HYD,0,4,Tuesday,1536,Cloudy,2,0
QP,BOM,MAA,2,2,Wednesday,924,Rain,23,1
QP,DEL,MAA,6,2,Tuesday,1264,Cloudy,5,0
AI,DEL,CCU,23,9,Saturday,985,Storm,59,1
QP,DEL,BLR,6,9,Thursday,901,Clear,4,0
SG,MAA,BOM,9,3,Tuesday,1398,Clear,5,0
AI,MAA,DEL,20,9,Wednesday,955,Clear,12,0
UK,HYD,BOM,7,6,Sunday,1415,Cloudy,13,0
QP,HYD,BOM,19,11,Friday,1780,Clear,10,0
6E,BOM,DEL,2,9,Friday,655,Clear,2,0
AI,BOM,CCU,3,4,Saturday,1091,Clear,0,0
QP,DEL,CCU,0,6,Wednesday,543,Rain,21,1
QP,MAA,DEL,2,3,Wednesday,537,Clear,0,0
QP,DEL,MAA,14,11,Sunday,312,Clear,3,0
QP,DEL,HYD,2,7,Thursday,815,Clear,30,1
QP,MAA,BLR,14,11,Tuesday,567,Clear,0,0
UK,HYD,MAA,14,7,Sunday,1485,Cloudy,0,0
AI,BLR,HYD,5,7,Saturday,790,Cloudy,11,0
SG,BOM,HYD,0,3,Wednesday,780,Rain,44,1
6E,DEL,HYD,3,12,Tuesday,1699,Rain,24,1
UK,BLR,DEL,3,9,Friday,1333,Clear,0,0
SG,BLR,BOM,12,4,Thursday,1797,Rain,21,1
QP,HYD,CCU,22,11,Tuesday,1498,Cloudy,0,0
6E,DEL,BOM,10,3,Monday,666,Rain,34,1
6E,BOM,HYD,15,2,Saturday,1327,Clear,0,0
SG,DEL,BOM,7,9,Saturday,595,Clear,13,0
AI,BLR,HYD,2,9,Sunday,1163,Cloudy,18,1
UK,BOM,DEL,5,7,Wednesday,1851,Fog,30,1
SG,BOM,HYD,11,9,Friday,727,Fog,43,1
UK,HYD,CCU,20,4,Friday,1347,Clear,0,0
6E,BLR,HYD,5,4,Tuesday,597,Clear,0,0
QP,BOM,BLR,23,5,Sunday,1300,Rain,24,1
6E,MAA,HYD,15,3,Wednesday,593,Clear,0,0
SG,BLR,MAA,8,3,Monday,1851,Clear,8,0
UK,BLR,MAA,14,1,Tuesday,890,Storm,31,1
AI,BLR,HYD,16,3,Sunday,1783,Clear,18,1
UK,DEL,BOM,16,7,Monday,1886,Clear,19,1
AI,BLR,HYD,20,5,Thursday,684,Clear,0,0
QP,HYD,DEL,15,6,Thursday,1172,Clear,2,0
SG,DEL,CCU,0,12,Saturday,1336,Clear,0,0
6E,HYD,BLR,9,1,Saturday,1025,Fog,22,1
UK,DEL,BOM,21,11,Thursday,1453,Rain,21,1
SG,HYD,MAA,4,1,Friday,1167,Clear,18,1
6E,DEL,HYD,11,7,Saturday,1614,Rain,20,1
6E,BOM,BLR,12,2,Saturday,1400,Clear,0,0
UK,BLR,DEL,13,6,Sunday,1075,Clear,0,0
6E,HYD,MAA,20,11,Friday,1608,Clear,2,0
SG,MAA,BLR,12,1,Wednesday,1301,Clear,17,1
AI,BLR,CCU,0,7,Thursday,842,Clear,0,0
QP,DEL,HYD,5,6,Saturday,954,Clear,0,0
6E,BLR,HYD,15,6,Wednesday,615,Fog,35,1
UK,MAA,BOM,18,8,Sunday,1039,Cloudy,24,1
AI,DEL,BLR,15,4,Thursday,1307,Clear,5,0
6E,MAA,DEL,17,10,Saturday,1426,Fog,34,1
SG,BLR,HYD,5,3,Thursday,1624,Clear,9,0
6E,DEL,MAA,2,5,Sunday,571,Clear,7,0
AI,MAA,BLR,22,6,Friday,981,Clear,0,0
UK,DEL,HYD,13,12,Saturday,1556,Clear,0,0
AI,BLR,MAA,17,7,Saturday,1329,Clear,12,0
6E,BOM,HYD,22,11,Wednesday,1221,Clear,0,0
UK,HYD,MAA,4,2,Wednesday,1715,Clear,0,0
UK,DEL,BLR,20,1,Saturday,1563,Clear,16,1
SG,DEL,HYD,8,7,Thursday,1161,Clear,17,1
SG,HYD,DEL,15,11,Friday,1648,Cloudy,13,0
QP,CCU,HYD,9,3,Thursday,789,Clear,3,0
AI,DEL,HYD,4,3,Monday,1311,Cloudy,5,0
6E,BLR,MAA,21,2,Thursday,729,Clear,0,0
AI,MAA,BOM,8,12,Tuesday,1516,Rain,26,1
AI,BOM,MAA,0,2,Monday,1076,Storm,51,1
6E,BLR,HYD,3,8,Tuesday,1680,Clear,4,0
UK,CCU,HYD,23,5,Wednesday,1755,Cloudy,0,0
QP,MAA,HYD,19,5,Saturday,853,Rain,39,1
SG,BOM,HYD,15,9,Tuesday,583,Clear,24,1
SG,MAA,HYD,18,6,Saturday,1471,Clear,9,0
SG,MAA,HYD,15,1,Tuesday,1717,Clear,0,0
AI,HYD,BLR,21,7,Saturday,1828,Cloudy,0,0
QP,BLR,CCU,2,1,Thursday,748,Clear,2,0
QP,CCU,BLR,1,11,Monday,430,Rain,17,1
AI,CCU,DEL,16,12,Monday,655,Clear,14,0
UK,CCU,MAA,23,11,Monday,1013,Clear,0,0
QP,MAA,BLR,13,5,Wednesday,895,Clear,0,0
UK,BLR,CCU,23,5,Wednesday,541,Clear,0,0
QP,DEL,HYD,9,8,Monday,566,Cloudy,12,0
QP,DEL,BOM,16,11,Friday,1048,Clear,16,1
UK,CCU,BLR,12,10,Saturday,554,Cloudy,3,0
AI,BLR,CCU,21,6,Saturday,1553,Rain,16,1
6E,DEL,CCU,15,10,Tuesday,1683,Fog,24,1
6E,BOM,DEL,10,6,Sunday,758,Rain,21,1
UK,DEL,CCU,5,10,Wednesday,1214,Clear,1,0
UK,HYD,CCU,7,3,Tuesday,571,Rain,0,0
UK,HYD,BOM,1,6,Monday,516,Clear,0,0
AI,BLR,BOM,3,10,Saturday,810,Clear,5,0
6E,MAA,HYD,12,3,Tuesday,1735,Storm,30,1
SG,BLR,DEL,0,8,Friday,1449,Clear,0,0
AI,CCU,DEL,11,4,Thursday,1314,Clear,5,0
6E,MAA,CCU,1,6,Sunday,516,Clear,2,0
QP,DEL,HYD,3,4,Saturday,775,Clear,15,1
AI,BOM,DEL,16,8,Saturday,1442,Cloudy,21,1
UK,MAA,BLR,0,10,Thursday,980,Cloudy,0,0
6E,HYD,CCU,8,11,Thursday,1411,Clear,0,0
AI,MAA,BLR,4,5,Tuesday,1148,Clear,4,0
UK,BLR,HYD,1,3,Saturday,1285,Clear,0,0
UK,DEL,MAA,4,12,Saturday,1100,Clear,0,0
AI,MAA,DEL,2,5,Wednesday,1589,Clear,0,0
AI,MAA,CCU,1,8,Monday,1245,Clear,13,0
AI,HYD,CCU,15,5,Saturday,1590,,33,1
SG,BLR,DEL,2,11,Saturday,1211,Rain,26,1
QP,DEL,HYD,22,1,Saturday,604,Clear,0,0
AI,MAA,BOM,11,1,Monday,1316,Clear,0,0
6E,HYD,CCU,9,5,Saturday,1630,Fog,25,1
6E,MAA,HYD,21,5,Wednesday,1480,Cloudy,0,0
6E,BOM,CCU,18,10,Tuesday,1212,Rain,36,1
6E,MAA,DEL,10,6,Thursday,1815,Rain,42,1
AI,MAA,DEL,23,4,Saturday,2154,Clear,2,0
UK,CCU,BLR,12,1,Saturday,1751,Clear,0,0
6E,HYD,BOM,16,10,Tuesday,1845,Clear,8,0
6E,MAA,CCU,23,7,Sunday,1071,Cloudy,3,0
6E,BLR,BOM,17,12,Saturday,729,Fog,40,1
QP,MAA,BLR,14,4,Sunday,918,Clear,0,0
SG,MAA,HYD,14,3,Sunday,952,Rain,28,1
UK,MAA,CCU,15,4,Thursday,703,Cloudy,0,0
6E,CCU,DEL,23,5,Monday,1109,Cloudy,0,0
QP,DEL,HYD,16,2,Monday,567,Cloudy,32,1
QP,MAA,BLR,7,2,Friday,463,Clear,0,0
AI,MAA,DEL,0,10,Monday,665,Cloudy,6,0
QP,HYD,MAA,18,9,Friday,1008,Rain,35,1
SG,HYD,CCU,11,7,Monday,1438,Cloudy,20,1
AI,MAA,BOM,9,6,Saturday,1947,Clear,1,0
SG,BLR,MAA,22,6,Tuesday,1441,Clear,7,0
AI,BLR,MAA,3,8,Monday,1330,Cloudy,6,0
AI,MAA,BOM,0,4,Wednesday,845,Rain,30,1
AI,MAA,BLR,17,10,Sunday,725,Clear,23,1
UK,BOM,BLR,22,1,Thursday,1090,Clear,0,0
SG,MAA,DEL,19,10,Sunday,779,Clear,7,0
UK,BOM,DEL,20,10,Tuesday,554,Rain,23,1
AI,DEL,BOM,20,7,Friday,1635,Clear,34,1
AI,CCU,HYD,16,4,Tuesday,1868,Clear,17,1
QP,BOM,DEL,22,11,Thursday,1594,Cloudy,4,0
QP,BOM,MAA,8,10,Wednesday,1338,Clear,14,0
SG,BOM,HYD,17,12,Friday,1783,Cloudy,33,1
AI,BLR,HYD,2,1,Friday,1410,Clear,0,0
QP,DEL,MAA,12,8,Monday,676,Cloudy,0,0
SG,DEL,HYD,6,1,Friday,956,Clear,26,1
UK,BLR,MAA,22,1,Saturday,527,Clear,0,0
AI,BOM,BLR,10,1,Wednesday,669,Cloudy,0,0
QP,BOM,MAA,5,10,Monday,2019,Clear,4,0
UK,CCU,BOM,13,9,Wednesday,1587,Clear,0,0
AI,HYD,DEL,1,11,Wednesday,1810,Clear,7,0
6E,DEL,HYD,3,8,Saturday,1053,Cloudy,21,1
UK,DEL,CCU,10,7,Monday,721,Rain,26,1
AI,MAA,CCU,15,3,Wednesday,1008,Rain,10,0
6E,BOM,CCU,13,9,Saturday,765,Clear,7,0
UK,DEL,BOM,1,11,Sunday,1853,Clear,8,0
QP,HYD,DEL,16,5,Friday,1366,Storm,52,1
AI,CCU,HYD,1,9,Monday,580,Clear,4,0
UK,BLR,CCU,19,7,Friday,943,Rain,29,1
QP,MAA,CCU,0,7,Monday,1088,Clear,0,0
QP,BLR,BOM,0,10,Monday,1435,Clear,0,0
QP,DEL,BLR,12,4,Friday,1595,Cloudy,9,0
AI,MAA,HYD,19,11,Wednesday,693,Clear,2,0
QP,CCU,BOM,18,12,Monday,1475,Cloudy,31,1
QP,CCU,BOM,14,2,Wednesday,1614,Clear,0,0
6E,DEL,CCU,4,7,Wednesday,1603,Clear,2,0
UK,HYD,MAA,22,1,Friday,977,Cloudy,0,0
UK,HYD,DEL,0,5,Sunday,806,Rain,13,0
UK,DEL,CCU,8,5,Monday,476,Clear,0,0
6E,CCU,HYD,18,8,Friday,1240,Clear,11,0
QP,DEL,CCU,14,5,Friday,1062,Storm,48,1
QP,BOM,DEL,18,5,Sunday,1158,Clear,18,1
6E,CCU,BLR,18,10,Wednesday,495,Clear,9,0
QP,HYD,DEL,22,10,Tuesday,1746,Clear,0,0
6E,MAA,DEL,12,1,Sunday,1376,Rain,19,1
SG,BLR,CCU,19,5,Monday,884,Clear,6,0
UK,MAA,HYD,3,10,Thursday,474,Clear,5,0
UK,DEL,BOM,4,2,Friday,945,Clear,1,0
AI,MAA,BOM,1,7,Monday,665,Clear,9,0
SG,DEL,BLR,4,6,Wednesday,814,Clear,18,1
6E,BOM,DEL,2,9,Monday,1635,,4,0
6E,HYD,BOM,19,9,Saturday,347,Clear,1,0
AI,BLR,DEL,11,7,Tuesday,1232,Clear,4,0
QP,DEL,CCU,10,5,Friday,1530,Clear,4,0
AI,MAA,CCU,15,10,Tuesday,1337,Clear,0,0
SG,BOM,HYD,8,5,Friday,615,Clear,31,1
QP,CCU,MAA,13,6,Saturday,888,Cloudy,18,1
AI,DEL,CCU,0,6,Monday,695,Cloudy,18,1
UK,BOM,DEL,17,5,Saturday,1762,Clear,7,0
UK,BOM,BLR,20,8,Friday,1330,Clear,22,1
6E,HYD,CCU,0,8,Monday,1814,Clear,0,0
SG,BLR,HYD,1,11,Tuesday,523,Rain,18,1
UK,DEL,MAA,3,6,Saturday,921,Fog,40,1
UK,HYD,BLR,14,10,Thursday,916,Clear,0,0
UK,CCU,BOM,18,4,Monday,1646,Fog,43,1
QP,DEL,MAA,19,12,Friday,611,Clear,17,1
SG,BOM,BLR,18,11,Saturday,1754,Cloudy,29,1
6E,BLR,MAA,13,8,Thursday,954,Cloudy,4,0
QP,MAA,HYD,16,9,Monday,1706,Clear,6,0
QP,DEL,MAA,6,7,Monday,1022,Cloudy,9,0
QP,BOM,MAA,17,3,Wednesday,1681,Clear,16,1
SG,BOM,MAA,4,12,Thursday,1682,Rain,22,1
6E,HYD,BLR,23,9,Saturday,981,Clear,0,0
SG,DEL,BOM,1,6,Friday,1769,Clear,24,1
6E,HYD,CCU,22,4,Tuesday,972,Clear,0,0
6E,BLR,BOM,11,9,Friday,1345,Clear,0,0
UK,BOM,DEL,15,6,Monday,1850,Clear,10,0
QP,CCU,BLR,3,10,Tuesday,899,Clear,7,0
UK,MAA,HYD,7,3,Saturday,941,Clear,0,0
6E,MAA,HYD,20,7,Sunday,576,Cloudy,8,0
UK,CCU,BLR,0,2,Friday,1190,Cloudy,0,0
6E,BOM,MAA,4,9,Thursday,893,Clear,0,0
SG,CCU,BOM,15,5,Sunday,703,Clear,16,1
6E,BOM,HYD,19,3,Wednesday,1843,Clear,12,0
UK,BOM,DEL,10,7,Friday,816,Clear,0,0
6E,HYD,CCU,2,7,Friday,1323,Clear,12,0
6E,MAA,HYD,3,4,Monday,670,Clear,0,0
QP,HYD,BLR,21,12,Sunday,814,Clear,2,0
6E,HYD,BLR,5,1,Friday,317,Clear,0,0
AI,BLR,MAA,13,4,Tuesday,1532,Fog,14,0
6E,HYD,BLR,22,3,Saturday,922,Cloudy,0,0
UK,BLR,MAA,9,12,Wednesday,1706,Storm,32,1
AI,BLR,DEL,1,3,Monday,1120,Cloudy,8,0
6E,HYD,MAA,19,3,Friday,697,Clear,9,0
AI,HYD,CCU,18,8,Monday,1656,Cloudy,38,1
UK,BOM,CCU,15,4,Friday,1672,Rain,20,1
SG,DEL,BOM,21,4,Friday,1491,Fog,40,1
QP,BOM,CCU,18,3,Tuesday,1479,Cloudy,13,0
6E,BLR,HYD,16,7,Saturday,1667,Clear,21,1
QP,DEL,MAA,8,9,Thursday,585,Cloudy,31,1
6E,BOM,DEL,1,6,Wednesday,770,Clear,0,0
SG,CCU,BLR,17,11,Monday,1634,Clear,17,1
UK,BOM,MAA,20,4,Saturday,1670,Clear,9,0
SG,MAA,CCU,16,11,Tuesday,737,Clear,6,0
SG,DEL,BLR,15,9,Tuesday,572,Clear,0,0
UK,CCU,DEL,17,1,Tuesday,1194,Fog,34,1
6E,BOM,BLR,6,9,Thursday,858,Cloudy,15,1
UK,BLR,HYD,2,12,Sunday,688,Cloudy,0,0
QP,MAA,CCU,15,9,Saturday,1075,Rain,23,1
QP,BOM,CCU,22,4,Saturday,912,Clear,15,1
QP,HYD,MAA,3,6,Tuesday,1785,Cloudy,16,1
AI,MAA,DEL,1,11,Friday,1531,Cloudy,12,0
UK,DEL,HYD,16,4,Wednesday,553,Clear,2,0
AI,DEL,HYD,10,6,Thursday,1772,Clear,23,1
SG,MAA,BLR,21,8,Friday,857,Cloudy,5,0
QP,BOM,CCU,11,10,Tuesday,629,Rain,20,1
AI,CCU,DEL,12,12,Wednesday,764,Clear,0,0
SG,CCU,BOM,1,9,Wednesday,956,Cloudy,23,1
QP,CCU,MAA,22,6,Sunday,1186,Cloudy,0,0
QP,CCU,DEL,7,5,Sunday,1716,Fog,51,1
6E,MAA,DEL,10,8,Sunday,958,Rain,26,1
AI,BLR,DEL,15,1,Thursday,1497,Clear,12,0
QP,CCU,MAA,20,6,Friday,688,Cloudy,34,1
QP,BLR,HYD,19,5,Saturday,1655,Fog,41,1
UK,HYD,CCU,18,12,Saturday,1359,Clear,1,0
QP,DEL,MAA,2,11,Friday,1261,Rain,28,1
AI,CCU,BLR,2,4,Sunday,993,Clear,1,0
SG,HYD,BLR,19,8,Wednesday,1484,Clear,23,1
AI,CCU,DEL,21,6,Friday,1404,Cloudy,18,1
QP,BLR,BOM,14,10,Friday,1001,Clear,4,0
SG,BOM,CCU,21,6,Saturday,1535,,17,1
QP,HYD,BOM,7,8,Sunday,572,Rain,22,1
UK,CCU,MAA,8,9,Monday,1739,Clear,1,0
AI,HYD,BLR,4,10,Saturday,1261,Fog,27,1
AI,MAA,HYD,19,9,Saturday,587,Clear,19,1
6E,BOM,DEL,16,4,Sunday,1191,Rain,32,1
SG,MAA,BLR,5,9,Tuesday,857,,0,0
AI,MAA,DEL,23,4,Friday,464,Rain,24,1
QP,CCU,BLR,0,9,Monday,1875,Rain,31,1
6E,DEL,MAA,18,12,Monday,1599,Rain,35,1
UK,BLR,MAA,4,6,Friday,1163,Cloudy,6,0
6E,DEL,BOM,18,11,Sunday,821,Clear,20,1
UK,BLR,HYD,11,2,Tuesday,958,Fog,10,0
UK,MAA,BOM,5,6,Saturday,1290,,0,0
AI,HYD,BOM,1,11,Monday,946,Clear,0,0
UK,MAA,CCU,14,9,Monday,1029,Clear,0,0
SG,MAA,HYD,3,4,Friday,1777,Cloudy,7,0
QP,CCU,BOM,10,7,Tuesday,697,Rain,28,1
6E,CCU,DEL,22,2,Monday,1565,Rain,24,1
QP,HYD,DEL,21,10,Sunday,1872,Cloudy,5,0
QP,CCU,BLR,11,2,Sunday,1017,Cloudy,15,1
QP,DEL,BLR,17,7,Monday,1735,Fog,51,1
6E,MAA,HYD,19,6,Sunday,1029,Cloudy,16,1
QP,HYD,BLR,14,8,Monday,1401,Clear,9,0
UK,CCU,HYD,4,6,Saturday,1323,Fog,24,1
AI,HYD,BOM,19,2,Saturday,1923,Fog,42,1
6E,BOM,DEL,2,8,Wednesday,479,Cloudy,15,1
SG,MAA,DEL,12,11,Monday,1232,Cloudy,6,0
AI,CCU,DEL,18,8,Thursday,1728,Fog,49,1
UK,DEL,BLR,13,1,Sunday,580,Rain,13,0
SG,DEL,BOM,8,2,Monday,449,Clear,13,0
AI,HYD,MAA,9,4,Saturday,517,Fog,24,1
UK,HYD,CCU,11,4,Friday,1035,Cloudy,0,0
6E,HYD,BOM,17,2,Sunday,1250,Cloudy,11,0
UK,DEL,CCU,23,11,Tuesday,1603,Clear,0,0
6E,HYD,MAA,18,9,Friday,1019,Clear,16,1
QP,HYD,MAA,7,10,Thursday,1780,Clear,2,0
AI,CCU,MAA,2,12,Friday,645,Clear,10,0
QP,BLR,MAA,11,11,Tuesday,1362,Clear,0,0
SG,BLR,CCU,20,3,Thursday,1075,Cloudy,22,1
QP,DEL,BOM,15,1,Sunday,1160,Clear,22,1
QP,HYD,CCU,7,9,Saturday,1187,Clear,1,0
AI,HYD,DEL,2,11,Tuesday,1318,Clear,0,0
QP,BOM,HYD,6,9,Monday,1714,Rain,39,1
UK,MAA,CCU,17,11,Wednesday,1402,Rain,22,1
QP,CCU,DEL,16,8,Tuesday,913,Clear,26,1
QP,BOM,HYD,10,6,Tuesday,514,Clear,11,0
UK,HYD,BLR,8,2,Tuesday,739,Clear,0,0
6E,MAA,DEL,4,9,Thursday,1222,Cloudy,0,0
AI,DEL,BOM,23,4,Monday,615,Rain,32,1
AI,BOM,HYD,10,4,Sunday,1527,Rain,35,1
6E,BLR,HYD,18,11,Monday,328,Rain,27,1
QP,DEL,MAA,11,8,Tuesday,1637,Rain,38,1
UK,BLR,DEL,13,6,Thursday,1917,Clear,1,0
UK,DEL,BOM,15,10,Monday,1083,Clear,0,0
6E,CCU,DEL,8,9,Thursday,1651,Clear,0,0
UK,HYD,DEL,22,6,Monday,1781,Clear,0,0
SG,BOM,BLR,10,12,Sunday,1593,Clear,14,0
QP,MAA,HYD,18,1,Friday,1262,Clear,11,0
SG,DEL,BLR,21,6,Wednesday,635,Clear,11,0
SG,HYD,DEL,9,5,Friday,972,Clear,18,1
QP,MAA,BOM,5,2,Thursday,890,Rain,19,1
UK,MAA,BLR,23,9,Saturday,1899,Clear,0,0
QP,BOM,BLR,18,2,Saturday,1322,Clear,18,1
6E,HYD,MAA,18,9,Saturday,649,Clear,20,1
AI,MAA,HYD,22,10,Sunday,588,Cloudy,2,0
UK,MAA,CCU,0,6,Monday,1564,Storm,36,1
AI,BOM,DEL,22,3,Saturday,1149,Clear,0,0
AI,CCU,BLR,2,12,Sunday,1158,,30,1
QP,BOM,DEL,3,9,Tuesday,1749,Fog,53,1
SG,BLR,DEL,5,2,Saturday,1261,Rain,33,1
6E,BOM,CCU,2,9,Friday,983,Cloudy,12,0
QP,DEL,BLR,2,2,Friday,1591,Clear,10,0
AI,BOM,HYD,3,8,Friday,722,Clear,22,1
6E,DEL,BOM,11,4,Wednesday,1881,,0,0
SG,MAA,DEL,8,8,Sunday,493,,37,1
6E,HYD,CCU,8,10,Saturday,1742,Cloudy,11,0
SG,BLR,HYD,4,10,Thursday,434,Clear,0,0
QP,HYD,MAA,23,10,Friday,1023,Clear,0,0
AI,HYD,BOM,7,9,Sunday,771,Clear,12,0
AI,BOM,BLR,11,10,Wednesday,1609,Storm,49,1
QP,BOM,BLR,3,11,Sunday,1141,Clear,3,0
UK,CCU,MAA,5,11,Monday,1552,Clear,2,0
UK,DEL,BOM,5,10,Saturday,1193,Cloudy,7,0
UK,CCU,BLR,23,6,Friday,932,Clear,18,1
UK,CCU,BOM,4,4,Friday,1457,Clear,0,0
SG,BOM,HYD,12,4,Friday,901,Clear,6,0
UK,BOM,CCU,13,8,Thursday,876,Clear,0,0
AI,BOM,CCU,1,8,Tuesday,1567,Clear,20,1
SG,HYD,BOM,8,6,Tuesday,1843,Clear,19,1
SG,BOM,DEL,1,5,Sunday,1164,Clear,7,0
AI,MAA,CCU,4,9,Wednesday,1768,Cloudy,5,0
6E,BLR,BOM,16,7,Tuesday,863,Cloudy,11,0
SG,CCU,BLR,13,1,Monday,495,Cloudy,23,1
SG,CCU,BLR,11,2,Wednesday,1710,Cloudy,12,0
AI,BLR,BOM,5,4,Saturday,1602,Rain,23,1
AI,HYD,BLR,14,5,Wednesday,1063,Clear,0,0
UK,DEL,CCU,21,9,Thursday,1709,Clear,2,0
UK,DEL,BOM,20,6,Friday,1746,Cloudy,19,1
QP,HYD,DEL,4,6,Friday,1033,Clear,5,0
UK,BLR,DEL,16,2,Monday,678,Clear,0,0
QP,BLR,CCU,5,1,Wednesday,1239,Clear,0,0
6E,DEL,BLR,20,12,Friday,1754,Rain,47,1
UK,CCU,MAA,11,11,Friday,1356,Rain,27,1
AI,BLR,HYD,17,1,Wednesday,1091,Clear,16,1
UK,BLR,HYD,12,6,Tuesday,706,Clear,0,0
AI,BLR,BOM,16,12,Tuesday,892,Clear,4,0
UK,BLR,DEL,22,9,Monday,1347,Clear,0,0
6E,HYD,BOM,3,1,Monday,1086,Clear,4,0
AI,MAA,BLR,21,6,Sunday,1173,Clear,16,1
AI,HYD,BLR,11,11,Wednesday,1310,Cloudy,13,0
UK,DEL,BOM,3,4,Wednesday,1011,Fog,17,1
QP,CCU,HYD,10,7,Thursday,817,Clear,0,0
AI,BOM,MAA,1,4,Thursday,1469,Clear,11,0
UK,DEL,CCU,12,3,Monday,1273,Cloudy,0,0
6E,DEL,CCU,11,11,Sunday,1402,Clear,3,0
QP,MAA,HYD,9,3,Thursday,1180,,4,0
UK,BLR,MAA,10,7,Thursday,485,Clear,0,0
QP,DEL,HYD,14,5,Thursday,1176,Cloudy,19,1
6E,MAA,DEL,19,8,Sunday,535,Clear,12,0
AI,BOM,MAA,9,10,Sunday,918,Clear,15,1
UK,CCU,HYD,0,7,Monday,1553,Cloudy,10,0
SG,CCU,DEL,13,2,Friday,834,Clear,9,0
QP,DEL,BLR,22,4,Tuesday,1763,Rain,20,1
QP,MAA,BOM,9,3,Monday,1497,Clear,0,0
QP,HYD,BLR,2,9,Thursday,1733,Clear,4,0
SG,BOM,DEL,21,9,Thursday,1274,Clear,18,1
6E,BLR,DEL,10,2,Thursday,1172,Rain,28,1
UK,BLR,HYD,8,8,Monday,543,Clear,0,0
AI,DEL,BOM,7,6,Friday,1630,Clear,16,1
UK,MAA,CCU,17,6,Thursday,1272,Clear,1,0
6E,BOM,CCU,3,11,Monday,1652,Storm,48,1
AI,CCU,BOM,14,1,Wednesday,773,Storm,37,1
6E,MAA,CCU,8,9,Monday,556,Cloudy,14,0
UK,HYD,CCU,9,7,Sunday,869,Clear,10,0
6E,DEL,BLR,5,4,Saturday,1081,Clear,5,0
QP,DEL,BLR,19,3,Thursday,1688,Clear,5,0
UK,DEL,CCU,10,2,Monday,940,Clear,0,0
QP,BLR,BOM,22,8,Saturday,819,Fog,24,1
SG,MAA,HYD,19,8,Wednesday,633,Cloudy,18,1
AI,DEL,BLR,18,4,Friday,979,Clear,36,1
6E,MAA,DEL,10,5,Saturday,415,Rain,20,1
SG,DEL,BOM,22,12,Wednesday,526,Clear,0,0
UK,BOM,HYD,14,9,Sunday,924,Clear,0,0
6E,HYD,BLR,10,8,Tuesday,1089,Clear,15,1
UK,MAA,DEL,8,2,Wednesday,1108,Clear,3,0
QP,MAA,HYD,21,7,Tuesday,1799,Clear,0,0
6E,HYD,MAA,6,5,Wednesday,1742,Clear,0,0
AI,DEL,BLR,21,11,Saturday,1196,Fog,31,1
6E,BOM,CCU,5,3,Thursday,1628,Fog,25,1
QP,MAA,CCU,18,12,Sunday,1593,Clear,1,0
SG,DEL,MAA,6,12,Sunday,430,Rain,29,1
QP,MAA,CCU,20,10,Wednesday,1441,Clear,0,0
QP,MAA,DEL,20,7,Saturday,1118,Clear,23,1
AI,MAA,BLR,17,8,Thursday,419,Clear,8,0
6E,BOM,CCU,23,11,Wednesday,1400,Clear,6,0
AI,BOM,CCU,12,11,Wednesday,1034,Clear,0,0
AI,BOM,DEL,20,10,Monday,1326,Cloudy,9,0
QP,BLR,DEL,13,3,Thursday,731,Cloudy,0,0
QP,HYD,BOM,0,5,Friday,1615,Clear,0,0
AI,DEL,BOM,10,10,Sunday,1150,Clear,17,1
SG,HYD,BOM,0,2,Wednesday,816,Cloudy,0,0
UK,BOM,BLR,15,9,Monday,860,Fog,25,1
AI,HYD,BOM,3,5,Thursday,881,Clear,0,0
QP,BOM,HYD,7,7,Wednesday,542,Clear,0,0
QP,CCU,DEL,20,12,Sunday,1546,Fog,54,1
UK,BOM,HYD,17,11,Friday,719,Clear,10,0
SG,CCU,BOM,8,5,Sunday,1460,Rain,37,1
6E,BOM,HYD,12,9,Wednesday,964,Clear,0,0
SG,DEL,HYD,13,1,Thursday,555,Fog,30,1
UK,BOM,CCU,8,9,Monday,1608,Rain,26,1
QP,BLR,CCU,17,2,Monday,1701,Clear,0,0
AI,CCU,BOM,3,11,Wednesday,1338,Clear,7,0
AI,BOM,CCU,10,4,Wednesday,851,Cloudy,15,1
QP,MAA,HYD,6,9,Friday,525,,0,0
6E,MAA,DEL,16,8,Tuesday,1380,Clear,8,0
6E,BLR,HYD,15,4,Sunday,1407,Clear,0,0
SG,BLR,DEL,19,11,Saturday,1858,Clear,30,1
AI,CCU,BLR,8,3,Sunday,544,Rain,34,1
UK,MAA,DEL,5,11,Wednesday,1877,Clear,0,0
6E,BOM,HYD,0,7,Thursday,402,Clear,0,0
AI,CCU,HYD,20,6,Thursday,676,Cloudy,23,1
QP,BLR,BOM,7,3,Saturday,1398,Cloudy,7,0
AI,DEL,BLR,18,1,Saturday,1568,Clear,20,1
AI,MAA,BLR,8,9,Thursday,804,Clear,12,0
SG,CCU,HYD,7,9,Sunday,1498,Clear,14,0
QP,BLR,MAA,5,11,Thursday,932,Rain,5,0
AI,MAA,DEL,18,12,Tuesday,576,Clear,12,0
SG,BOM,BLR,6,4,Tuesday,850,Clear,0,0
UK,CCU,BOM,7,7,Wednesday,1680,Fog,31,1
QP,BLR,DEL,16,11,Wednesday,1205,Clear,0,0
AI,BOM,DEL,12,7,Tuesday,1370,Rain,31,1
QP,HYD,MAA,17,9,Thursday,1280,Cloudy,25,1
SG,BOM,CCU,2,9,Tuesday,1364,Clear,27,1
QP,HYD,BLR,23,12,Sunday,1429,Fog,22,1
6E,MAA,BLR,5,5,Wednesday,457,Clear,0,0
QP,BLR,CCU,2,3,Friday,530,Rain,28,1
SG,MAA,BLR,2,11,Saturday,636,Clear,0,0
AI,BLR,HYD,7,6,Sunday,644,Clear,8,0
QP,CCU,HYD,10,3,Friday,1316,Clear,3,0
SG,BOM,HYD,1,8,Tuesday,1141,Clear,7,0
6E,MAA,BLR,14,11,Thursday,1048,Clear,0,0
UK,HYD,BLR,14,10,Monday,1727,Clear,0,0
6E,CCU,BOM,18,5,Tuesday,1085,Clear,0,0
UK,BOM,MAA,0,11,Sunday,1498,Clear,0,0
QP,BOM,MAA,2,1,Monday,1432,Clear,11,0
QP,CCU,BLR,4,11,Wednesday,783,Cloudy,6,0
6E,CCU,MAA,10,3,Monday,1081,Cloudy,8,0
QP,MAA,DEL,14,3,Thursday,860,Cloudy,0,0
UK,BLR,MAA,4,4,Saturday,1509,Cloudy,10,0
SG,BLR,CCU,8,6,Monday,1040,Clear,22,1
SG,HYD,MAA,12,1,Monday,1371,Clear,0,0
UK,MAA,HYD,13,9,Sunday,1448,Cloudy,21,1
UK,BOM,CCU,12,2,Tuesday,976,Clear,4,0
UK,DEL,HYD,15,2,Monday,1905,Cloudy,0,0
QP,DEL,HYD,18,1,Monday,839,Clear,19,1
6E,BLR,DEL,20,12,Sunday,515,Clear,7,0
6E,MAA,BLR,23,1,Sunday,755,Clear,0,0
6E,BLR,MAA,9,9,Tuesday,1197,Cloudy,6,0
AI,HYD,CCU,7,8,Tuesday,604,Fog,36,1
6E,BLR,DEL,6,10,Tuesday,989,Cloudy,4,0
AI,BOM,MAA,8,6,Thursday,917,,58,1
AI,MAA,BOM,12,11,Saturday,876,Cloudy,5,0
SG,MAA,BLR,14,6,Saturday,827,Fog,22,1
AI,CCU,DEL,1,3,Wednesday,1260,Rain,15,1
UK,MAA,BOM,23,11,Friday,931,Clear,0,0
SG,BLR,DEL,1,6,Tuesday,1523,Clear,7,0
SG,MAA,DEL,9,1,Sunday,1285,Fog,36,1
UK,BLR,DEL,10,8,Friday,1223,Cloudy,15,1
AI,CCU,BOM,8,4,Sunday,1458,Clear,22,1
QP,HYD,MAA,5,10,Tuesday,1137,Cloudy,2,0
QP,CCU,BOM,12,2,Sunday,785,Clear,0,0
SG,BOM,BLR,0,9,Wednesday,1483,Rain,38,1
AI,DEL,BLR,17,10,Friday,1793,Clear,8,0
AI,DEL,MAA,16,2,Monday,1045,Rain,33,1
6E,HYD,MAA,18,8,Tuesday,1560,Cloudy,30,1
AI,CCU,HYD,19,8,Thursday,1430,Clear,6,0
QP,HYD,BLR,21,12,Thursday,476,Fog,35,1
6E,MAA,BOM,3,4,Monday,731,Clear,0,0
6E,BLR,DEL,20,6,Monday,1265,Rain,37,1
QP,CCU,MAA,13,5,Saturday,869,Clear,0,0
QP,CCU,DEL,2,5,Tuesday,660,Clear,0,0
6E,BOM,BLR,23,12,Saturday,1169,Cloudy,0,0
6E,CCU,BLR,19,8,Tuesday,1159,Cloudy,15,1
UK,DEL,CCU,6,2,Tuesday,1548,Fog,22,1
SG,HYD,CCU,21,11,Monday,1928,Rain,39,1
QP,BLR,BOM,17,2,Thursday,430,Clear,13,0
QP,BOM,HYD,10,11,Thursday,1060,Rain,25,1
QP,CCU,BLR,3,5,Friday,1390,Fog,33,1
AI,HYD,MAA,17,9,Saturday,978,Fog,41,1
6E,DEL,BOM,22,11,Friday,1251,Fog,36,1
UK,DEL,MAA,4,11,Tuesday,1467,Cloudy,0,0
AI,DEL,CCU,0,2,Wednesday,1523,Rain,32,1
6E,BOM,MAA,5,5,Monday,1594,Cloudy,0,0
AI,DEL,BOM,7,1,Friday,601,,4,0
QP,BOM,BLR,9,8,Wednesday,1134,Rain,43,1
AI,MAA,HYD,23,6,Tuesday,1386,Clear,17,1
AI,CCU,HYD,23,12,Sunday,1754,Clear,0,0
AI,MAA,BOM,16,8,Thursday,1228,Clear,8,0
AI,BLR,BOM,5,6,Monday,456,Clear,4,0
UK,MAA,HYD,5,2,Monday,820,Rain,13,0
6E,CCU,HYD,1,4,Wednesday,1789,Clear,0,0
QP,DEL,BLR,18,10,Sunday,610,Clear,16,1
6E,CCU,DEL,5,2,Monday,1906,Clear,0,0
UK,MAA,DEL,21,11,Wednesday,1002,Cloudy,0,0
SG,BLR,DEL,14,8,Wednesday,749,Clear,8,0
SG,BLR,DEL,11,7,Friday,1014,Clear,13,0
SG,BLR,DEL,22,6,Friday,1028,Clear,25,1
6E,DEL,BOM,3,1,Thursday,1791,Storm,40,1
UK,BOM,CCU,11,3,Saturday,1576,Clear,3,0
QP,BOM,MAA,6,7,Monday,1228,Fog,36,1
QP,DEL,BLR,4,6,Wednesday,655,Clear,2,0
SG,HYD,MAA,22,3,Monday,626,Clear,0,0
SG,BLR,HYD,14,10,Wednesday,1602,Fog,19,1
QP,BOM,BLR,3,6,Tuesday,854,Cloudy,5,0
SG,BOM,CCU,2,5,Sunday,745,Clear,4,0
QP,CCU,BLR,7,10,Friday,856,Cloudy,9,0
AI,MAA,CCU,20,2,Tuesday,1247,Clear,22,1
6E,BLR,DEL,3,1,Friday,1318,Clear,0,0
AI,MAA,CCU,17,4,Saturday,881,Clear,2,0
AI,BLR,MAA,2,1,Tuesday,1203,Clear,5,0
UK,BOM,MAA,8,5,Thursday,1442,Clear,1,0
6E,MAA,HYD,12,2,Thursday,881,Clear,0,0
UK,MAA,BOM,3,8,Sunday,634,Rain,26,1
UK,HYD,CCU,9,1,Wednesday,612,Clear,0,0
SG,HYD,BOM,6,3,Friday,1970,Clear,7,0
QP,DEL,CCU,1,4,Thursday,1173,Clear,8,0
QP,HYD,MAA,0,8,Wednesday,1539,Storm,50,1
6E,HYD,BLR,3,5,Wednesday,809,Clear,0,0
6E,BLR,HYD,17,10,Sunday,1545,Clear,18,1
SG,BOM,MAA,0,10,Sunday,639,Fog,38,1
AI,CCU,BLR,12,5,Tuesday,729,Clear,0,0
UK,BLR,CCU,0,1,Thursday,1520,Clear,0,0
UK,BOM,CCU,5,12,Monday,1305,Cloudy,0,0
AI,MAA,DEL,4,5,Wednesday,1779,Clear,0,0
SG,BLR,DEL,8,7,Sunday,1180,Clear,31,1
6E,HYD,DEL,17,12,Friday,1495,Cloudy,14,0
AI,HYD,CCU,10,8,Thursday,1161,Storm,44,1
SG,BLR,BOM,0,7,Saturday,496,Fog,47,1
AI,DEL,MAA,3,5,Thursday,952,Cloudy,11,0
SG,BOM,MAA,7,10,Thursday,1744,Clear,14,0
AI,CCU,BOM,6,3,Monday,1694,Cloudy,6,0
UK,HYD,MAA,13,6,Monday,959,Fog,26,1
QP,BLR,MAA,8,5,Thursday,1624,Cloudy,15,1
6E,BOM,CCU,17,2,Monday,742,Clear,10,0
SG,MAA,HYD,6,4,Monday,873,Storm,38,1
SG,CCU,BLR,16,3,Wednesday,1434,Fog,49,1
QP,MAA,CCU,2,2,Thursday,374,Clear,0,0
AI,HYD,BOM,23,10,Saturday,586,Cloudy,0,0
SG,BLR,MAA,23,9,Sunday,735,Rain,52,1
QP,CCU,BLR,6,11,Friday,292,Clear,13,0
SG,CCU,HYD,5,1,Sunday,1292,Fog,38,1
AI,BLR,MAA,0,6,Wednesday,1468,Clear,13,0
QP,CCU,HYD,23,8,Friday,1340,Clear,9,0
AI,MAA,BOM,0,6,Monday,685,Fog,27,1
UK,CCU,BOM,0,1,Monday,1717,Fog,28,1
UK,DEL,CCU,2,6,Friday,1130,Clear,0,0
UK,DEL,MAA,7,2,Wednesday,742,Rain,18,1
UK,BOM,HYD,23,1,Thursday,1068,Cloudy,0,0
AI,MAA,CCU,3,9,Sunday,535,Rain,23,1
UK,DEL,MAA,13,2,Saturday,1788,Clear,0,0
QP,DEL,BLR,15,4,Wednesday,1123,Storm,52,1
UK,DEL,MAA,19,12,Friday,830,Cloudy,19,1
6E,BOM,MAA,16,12,Sunday,1348,Rain,37,1
QP,CCU,BLR,23,1,Tuesday,802,Clear,0,0
AI,MAA,DEL,15,5,Thursday,1457,Clear,0,0
UK,MAA,HYD,20,5,Saturday,1166,Clear,0,0
UK,BOM,BLR,7,8,Friday,1641,Clear,5,0
UK,HYD,BLR,9,9,Thursday,1219,Fog,28,1
QP,MAA,BLR,17,1,Thursday,1302,Cloudy,14,0
UK,HYD,MAA,21,6,Friday,1213,Cloudy,4,0
QP,CCU,DEL,0,4,Thursday,1788,Clear,3,0
AI,HYD,MAA,10,12,Wednesday,1698,Cloudy,14,0
SG,BOM,BLR,19,4,Sunday,1125,Clear,25,1
UK,HYD,MAA,2,1,Saturday,1438,Rain,16,1
6E,CCU,DEL,8,8,Friday,988,Clear,0,0
6E,MAA,BOM,13,11,Tuesday,1787,Clear,0,0
SG,BLR,BOM,1,10,Thursday,1258,Clear,5,0
SG,HYD,CCU,21,2,Tuesday,1107,Clear,0,0
SG,CCU,BLR,8,9,Tuesday,1801,Cloudy,19,1
AI,MAA,CCU,18,3,Tuesday,1408,Cloudy,21,1
UK,HYD,BLR,10,2,Tuesday,492,Clear,0,0
QP,BOM,HYD,9,7,Saturday,1812,Rain,30,1
AI,CCU,HYD,23,10,Thursday,834,Fog,25,1
UK,CCU,HYD,20,11,Saturday,334,Cloudy,0,0
UK,DEL,HYD,12,8,Sunday,948,Cloudy,11,0
QP,DEL,HYD,11,5,Tuesday,1061,Clear,0,0
6E,DEL,BLR,18,8,Tuesday,499,Cloudy,16,1
UK,BLR,BOM,16,4,Tuesday,1424,Clear,0,0
SG,DEL,BLR,23,2,Monday,1035,Clear,6,0
AI,CCU,BLR,7,5,Monday,1232,Clear,8,0
QP,CCU,MAA,2,3,Friday,1144,Clear,0,0
QP,BOM,DEL,4,2,Friday,1043,Clear,0,0
SG,MAA,HYD,12,9,Wednesday,580,Clear,17,1
SG,DEL,HYD,7,11,Thursday,1345,Rain,34,1
SG,MAA,DEL,19,9,Tuesday,1358,Clear,11,0
SG,BLR,HYD,21,11,Friday,824,Clear,11,0
QP,DEL,BLR,4,6,Friday,628,Clear,7,0
UK,BLR,DEL,23,9,Friday,1817,Clear,9,0
UK,MAA,BLR,15,3,Thursday,1171,Clear,0,0
SG,CCU,BOM,6,6,Saturday,1715,Cloudy,5,0
AI,DEL,BOM,4,2,Monday,1105,Clear,0,0
QP,CCU,MAA,3,8,Wednesday,937,Clear,0,0
SG,BOM,BLR,11,6,Monday,929,Cloudy,15,1
SG,BLR,MAA,1,7,Saturday,367,Clear,0,0
6E,DEL,HYD,3,11,Monday,1272,Storm,40,1
6E,CCU,BLR,18,1,Thursday,1355,Clear,0,0
UK,MAA,BLR,11,6,Tuesday,550,Clear,0,0
SG,HYD,BOM,12,5,Friday,467,Clear,0,0
SG,MAA,BLR,7,9,Wednesday,791,Fog,27,1
SG,CCU,BLR,13,8,Thursday,1063,Clear,15,1
QP,DEL,MAA,8,9,Sunday,1201,Clear,23,1
QP,BOM,BLR,1,11,Sunday,1120,Clear,0,0
SG,DEL,CCU,13,4,Wednesday,1605,Fog,41,1
6E,BLR,DEL,1,5,Wednesday,1773,Cloudy,0,0
UK,BLR,BOM,16,5,Wednesday,1817,Clear,10,0
UK,DEL,MAA,21,10,Friday,818,Cloudy,13,0
SG,HYD,BOM,16,6,Sunday,937,Cloudy,28,1
QP,DEL,BLR,13,10,Friday,1412,Clear,2,0
6E,MAA,CCU,23,3,Thursday,762,Clear,0,0
UK,MAA,HYD,5,12,Sunday,1804,Clear,0,0
AI,MAA,CCU,18,6,Tuesday,741,Clear,21,1
SG,DEL,BOM,4,12,Monday,1064,Cloudy,16,1
UK,CCU,BOM,0,6,Monday,1533,Fog,29,1
UK,HYD,BOM,5,1,Friday,607,Cloudy,0,0
UK,CCU,MAA,12,4,Sunday,1877,Clear,0,0
6E,MAA,HYD,1,6,Tuesday,531,Clear,0,0
UK,HYD,MAA,6,2,Saturday,798,Clear,0,0
SG,DEL,BOM,1,10,Sunday,1077,Cloudy,22,1
6E,MAA,CCU,5,5,Sunday,1277,Cloudy,4,0
AI,BLR,BOM,17,10,Saturday,885,Cloudy,19,1
6E,CCU,HYD,3,12,Wednesday,1239,Storm,31,1
AI,MAA,DEL,6,1,Friday,756,Clear,0,0
6E,DEL,CCU,3,4,Thursday,998,Rain,34,1
SG,CCU,BOM,9,8,Thursday,1074,Rain,32,1
AI,DEL,MAA,18,11,Friday,857,Clear,21,1
SG,BOM,MAA,12,11,Friday,1254,Rain,33,1
6E,BOM,HYD,4,3,Saturday,1095,Clear,0,0
QP,CCU,DEL,7,3,Thursday,711,Clear,0,0
SG,DEL,BOM,16,3,Friday,1048,Clear,38,1
6E,CCU,HYD,11,5,Wednesday,1151,Clear,0,0
UK,BOM,HYD,11,8,Thursday,1069,Cloudy,11,0
AI,HYD,CCU,20,5,Saturday,1430,Clear,7,0
AI,DEL,BOM,19,9,Saturday,891,Clear,22,1
QP,BLR,HYD,5,5,Thursday,1270,Cloudy,7,0
QP,HYD,DEL,16,8,Thursday,1133,Clear,23,1
AI,MAA,BLR,18,7,Tuesday,1425,Clear,27,1
6E,CCU,DEL,21,4,Wednesday,1230,Rain,0,0
AI,MAA,HYD,6,1,Friday,935,Storm,31,1
6E,HYD,BLR,17,3,Monday,722,Clear,18,1
6E,BOM,CCU,4,10,Monday,844,Storm,35,1
6E,BOM,BLR,10,9,Friday,925,Storm,54,1
UK,CCU,DEL,1,2,Saturday,1213,Clear,0,0
AI,HYD,BOM,14,5,Sunday,819,Fog,19,1
QP,CCU,MAA,16,10,Thursday,1685,Rain,28,1
SG,BLR,CCU,10,10,Monday,1772,Rain,27,1
SG,BLR,DEL,9,1,Friday,1224,Clear,8,0
AI,MAA,BLR,5,10,Wednesday,1203,Rain,12,0
SG,MAA,BLR,18,10,Tuesday,719,Clear,19,1
QP,BOM,DEL,21,2,Friday,1165,Cloudy,10,0
AI,HYD,MAA,3,5,Saturday,542,Clear,0,0
SG,BOM,CCU,6,1,Monday,622,Rain,28,1
6E,MAA,BOM,14,8,Saturday,1200,Rain,16,1
SG,DEL,CCU,8,11,Friday,525,Clear,11,0
UK,MAA,DEL,0,3,Saturday,1816,Clear,0,0
QP,CCU,MAA,0,5,Friday,1341,Clear,8,0
AI,DEL,CCU,5,7,Thursday,1396,Clear,10,0
6E,HYD,DEL,23,1,Wednesday,1758,Storm,43,1
6E,DEL,BOM,14,4,Friday,959,Cloudy,11,0
6E,BLR,MAA,6,3,Tuesday,1803,Rain,28,1
6E,BLR,HYD,1,1,Thursday,386,Rain,11,0
6E,HYD,MAA,18,9,Saturday,1631,Cloudy,10,0
AI,CCU,DEL,9,9,Tuesday,685,Clear,27,1
SG,BLR,CCU,9,1,Monday,542,Clear,16,1
UK,BLR,MAA,13,2,Monday,1518,Clear,0,0
QP,DEL,BLR,5,1,Thursday,1356,Rain,27,1
SG,CCU,MAA,17,12,Wednesday,916,Rain,44,1
AI,BOM,DEL,7,7,Friday,640,Clear,11,0
AI,BLR,BOM,16,7,Saturday,857,Clear,9,0
UK,DEL,BOM,12,2,Sunday,1047,Cloudy,3,0
UK,BOM,DEL,3,1,Wednesday,719,Cloudy,1,0
6E,HYD,CCU,14,12,Monday,1687,Cloudy,0,0
SG,CCU,BLR,1,12,Saturday,1762,Clear,10,0
UK,BOM,HYD,17,7,Monday,1163,Cloudy,8,0
SG,HYD,CCU,9,2,Friday,1080,Rain,32,1
AI,CCU,MAA,16,1,Tuesday,809,Clear,28,1
QP,BLR,CCU,5,11,Wednesday,695,Cloudy,7,0
6E,BOM,BLR,9,7,Monday,660,Clear,20,1
UK,DEL,BOM,7,4,Monday,994,Rain,15,1
UK,CCU,MAA,6,1,Tuesday,1668,Fog,22,1
QP,DEL,CCU,8,7,Thursday,1620,Cloudy,18,1
6E,BOM,HYD,1,11,Wednesday,609,Clear,0,0
6E,DEL,BLR,9,11,Wednesday,961,Fog,36,1
6E,MAA,CCU,2,9,Monday,996,Clear,0,0
6E,BLR,DEL,12,1,Monday,1571,Clear,0,0
AI,MAA,BLR,2,10,Saturday,1098,Clear,0,0
AI,HYD,CCU,0,9,Saturday,1409,Clear,0,0
6E,DEL,BLR,10,11,Saturday,537,Rain,32,1
UK,BOM,CCU,7,2,Sunday,712,Clear,12,0
6E,DEL,BLR,21,11,Saturday,823,Rain,26,1
6E,DEL,BLR,6,9,Monday,1772,Rain,13,0
SG,BLR,CCU,9,10,Saturday,1449,Cloudy,33,1
6E,BOM,HYD,5,2,Tuesday,605,Clear,0,0
QP,DEL,CCU,21,11,Saturday,796,Clear,0,0
SG,BLR,CCU,18,1,Friday,1292,Fog,35,1
AI,BLR,CCU,4,3,Saturday,1099,Clear,0,0
6E,CCU,BOM,6,2,Sunday,1144,Clear,0,0
AI,HYD,BLR,4,3,Friday,1019,Cloudy,0,0
6E,BLR,HYD,3,8,Sunday,1072,Cloudy,6,0
6E,BLR,HYD,5,12,Thursday,712,Cloudy,0,0
AI,DEL,BOM,20,12,Sunday,1006,Clear,18,1
AI,BLR,BOM,11,2,Monday,1516,Clear,3,0
UK,HYD,DEL,9,12,Thursday,1232,Clear,3,0
SG,DEL,BOM,4,2,Saturday,641,Cloudy,13,0
6E,CCU,MAA,4,9,Sunday,946,Storm,52,1
QP,HYD,BLR,13,3,Sunday,1496,Rain,17,1
6E,MAA,CCU,18,10,Wednesday,1318,Cloudy,20,1
QP,BOM,MAA,13,5,Friday,1822,Cloudy,23,1
6E,CCU,DEL,15,11,Monday,1258,Cloudy,0,0
UK,BLR,HYD,6,7,Monday,1611,Clear,0,0
SG,CCU,DEL,22,7,Friday,1694,Rain,33,1
AI,HYD,MAA,19,6,Wednesday,1650,Cloudy,20,1
QP,HYD,BOM,21,3,Thursday,615,Clear,0,0
6E,BOM,DEL,16,7,Tuesday,1102,Cloudy,24,1
UK,CCU,HYD,16,8,Saturday,1050,Clear,9,0
SG,BOM,MAA,1,2,Monday,584,Clear,0,0
SG,DEL,BOM,3,2,Friday,1284,Rain,31,1
AI,BLR,HYD,3,6,Friday,618,Cloudy,18,1
QP,CCU,DEL,11,10,Saturday,1502,Clear,10,0
SG,CCU,BOM,14,5,Tuesday,676,Cloudy,6,0
QP,CCU,MAA,2,5,Wednesday,931,Clear,0,0
UK,HYD,DEL,18,12,Thursday,794,Cloudy,4,0
SG,CCU,BLR,13,4,Wednesday,855,Clear,0,0
UK,BLR,HYD,14,5,Saturday,1059,Cloudy,0,0
QP,BLR,DEL,22,11,Saturday,1768,Rain,5,0
QP,BOM,CCU,14,7,Saturday,521,Clear,9,0
QP,MAA,HYD,0,2,Thursday,709,Cloudy,5,0
UK,BOM,BLR,18,3,Friday,890,Cloudy,13,0
SG,BOM,CCU,21,12,Tuesday,1392,Rain,32,1
6E,BLR,HYD,2,10,Tuesday,1479,Fog,9,0
UK,HYD,MAA,12,12,Wednesday,1594,Clear,0,0
SG,BOM,DEL,11,6,Tuesday,1529,Clear,8,0
AI,BLR,DEL,3,8,Saturday,879,Cloudy,10,0
SG,BOM,DEL,6,2,Tuesday,1476,Clear,13,0
AI,HYD,DEL,20,9,Sunday,1055,Rain,31,1
UK,MAA,CCU,9,7,Wednesday,1385,Rain,19,1
UK,MAA,CCU,12,1,Saturday,1344,Cloudy,0,0
UK,DEL,HYD,18,11,Monday,1741,,12,0
UK,BLR,DEL,10,6,Saturday,1479,Clear,0,0
UK,HYD,BOM,21,12,Thursday,1768,Fog,21,1
UK,BOM,HYD,11,11,Saturday,1700,Clear,0,0
UK,DEL,HYD,23,6,Tuesday,1045,Cloudy,0,0
UK,BOM,MAA,3,1,Tuesday,1015,Cloudy,6,0
SG,MAA,HYD,21,2,Sunday,856,Clear,17,1
UK,HYD,MAA,2,4,Friday,990,Rain,5,0
SG,DEL,BLR,19,4,Thursday,567,Clear,15,1
QP,MAA,DEL,15,5,Friday,761,Storm,30,1
QP,BOM,DEL,13,12,Wednesday,1636,Cloudy,7,0
AI,MAA,CCU,21,9,Sunday,710,Clear,15,1
SG,HYD,BLR,15,3,Thursday,1577,Rain,16,1
6E,DEL,BOM,16,9,Monday,404,Rain,32,1
AI,BLR,BOM,18,1,Wednesday,717,Clear,21,1
SG,MAA,DEL,20,1,Sunday,1666,Clear,12,0
AI,BLR,CCU,5,8,Thursday,1260,Clear,1,0
QP,MAA,DEL,20,3,Saturday,762,Cloudy,11,0
SG,MAA,BOM,14,6,Monday,710,Clear,0,0
QP,DEL,BLR,0,10,Monday,616,Cloudy,1,0
SG,CCU,BLR,22,5,Tuesday,710,,17,1
QP,BLR,DEL,18,3,Thursday,600,Rain,35,1
AI,MAA,BOM,21,12,Friday,1493,Rain,28,1
QP,BLR,MAA,18,4,Monday,1879,Clear,15,1
AI,HYD,BOM,8,8,Sunday,743,Cloudy,24,1
6E,BLR,CCU,8,2,Friday,484,Clear,0,0
AI,CCU,BLR,6,2,Wednesday,1918,Clear,2,0
UK,DEL,HYD,9,10,Thursday,1445,Clear,3,0
SG,CCU,DEL,0,11,Thursday,1033,Cloudy,7,0
6E,BOM,MAA,17,1,Saturday,1564,Rain,42,1
QP,CCU,BLR,18,12,Monday,1419,Clear,0,0
SG,DEL,CCU,23,4,Friday,1587,Clear,9,0
SG,DEL,MAA,13,12,Thursday,811,Cloudy,22,1
QP,DEL,MAA,23,7,Saturday,823,Storm,58,1
UK,HYD,BOM,5,10,Wednesday,1259,Cloudy,0,0
6E,BOM,MAA,11,1,Wednesday,1341,Clear,0,0
QP,HYD,DEL,18,2,Saturday,1112,Rain,30,1
UK,MAA,CCU,18,12,Saturday,761,Clear,16,1
SG,DEL,CCU,18,2,Saturday,931,Clear,14,0
6E,HYD,MAA,11,11,Sunday,1128,Clear,0,0
6E,MAA,CCU,1,2,Monday,462,Clear,0,0
AI,BLR,HYD,20,8,Friday,1451,Cloudy,42,1
6E,CCU,MAA,9,5,Friday,1334,Rain,26,1
AI,HYD,CCU,15,6,Tuesday,1256,Rain,20,1
SG,DEL,MAA,3,9,Thursday,1618,Fog,49,1
AI,HYD,MAA,22,2,Sunday,1128,Clear,0,0
SG,BLR,BOM,6,5,Monday,1337,Cloudy,11,0
QP,DEL,BOM,23,7,Saturday,1376,Cloudy,20,1
SG,CCU,HYD,17,5,Wednesday,1249,Clear,4,0
UK,BOM,DEL,7,3,Saturday,1604,Clear,0,0
AI,DEL,BLR,8,1,Thursday,493,Rain,45,1
QP,BOM,HYD,23,8,Monday,1810,Clear,10,0
AI,MAA,BLR,14,1,Monday,1155,Fog,17,1
SG,HYD,BLR,16,2,Saturday,1584,Rain,36,1
SG,MAA,HYD,14,3,Saturday,533,Clear,0,0
AI,BLR,BOM,5,9,Tuesday,1132,Clear,7,0
SG,DEL,CCU,3,2,Friday,1123,Cloudy,21,1
AI,BLR,BOM,0,4,Thursday,733,Clear,0,0
6E,BOM,BLR,9,1,Monday,1547,Cloudy,5,0
QP,HYD,CCU,16,7,Friday,1134,Clear,30,1
QP,BOM,BLR,7,3,Tuesday,1802,Rain,21,1
6E,CCU,MAA,5,2,Wednesday,1061,Clear,0,0
QP,BLR,HYD,9,4,Monday,1250,Cloudy,8,0
QP,BOM,HYD,5,4,Tuesday,1312,Storm,52,1
SG,CCU,MAA,10,1,Sunday,1425,Rain,49,1
AI,HYD,BOM,13,6,Thursday,1300,,0,0
6E,BOM,MAA,6,7,Saturday,1438,Rain,20,1
SG,BLR,DEL,0,6,Wednesday,767,Storm,48,1
QP,BOM,MAA,2,6,Monday,1485,Rain,31,1
QP,MAA,DEL,9,12,Friday,1594,Rain,16,1
UK,HYD,CCU,4,4,Tuesday,1552,Clear,0,0
6E,MAA,HYD,19,5,Monday,1058,Rain,33,1
QP,CCU,DEL,3,7,Thursday,1017,Rain,20,1
6E,MAA,DEL,0,2,Wednesday,1513,Cloudy,0,0
6E,BLR,BOM,14,12,Monday,1144,Cloudy,6,0
QP,BOM,CCU,14,7,Friday,487,Cloudy,30,1
UK,HYD,CCU,16,9,Thursday,1526,Clear,14,0
6E,BLR,BOM,3,4,Sunday,1481,Clear,0,0
AI,BOM,HYD,16,9,Monday,1182,Cloudy,33,1
UK,MAA,DEL,20,11,Thursday,1253,Clear,0,0
QP,CCU,BOM,14,7,Saturday,1241,Clear,0,0
UK,BLR,CCU,9,3,Wednesday,1085,Fog,28,1
SG,MAA,HYD,11,9,Tuesday,1543,Clear,11,0
6E,CCU,BLR,19,11,Sunday,711,Fog,40,1
SG,DEL,BLR,3,9,Wednesday,1033,Cloudy,28,1
SG,BLR,CCU,17,8,Sunday,1784,Fog,54,1
SG,MAA,BLR,6,6,Saturday,1663,Clear,7,0
SG,BLR,DEL,21,3,Friday,414,Clear,6,0
UK,MAA,HYD,3,9,Saturday,758,Cloudy,3,0
6E,BLR,HYD,12,5,Thursday,686,Clear,0,0
SG,DEL,CCU,9,3,Friday,1786,Cloudy,39,1
QP,BLR,HYD,11,6,Tuesday,1450,Cloudy,15,1
QP,BLR,BOM,9,1,Monday,1043,Clear,2,0
6E,CCU,MAA,0,7,Friday,1389,Fog,35,1
SG,DEL,BLR,20,7,Saturday,1266,Clear,27,1
AI,DEL,HYD,12,5,Saturday,1497,Clear,15,1
UK,DEL,MAA,14,9,Saturday,1774,Rain,31,1
UK,HYD,CCU,12,8,Sunday,1708,Clear,3,0
6E,CCU,BOM,12,5,Friday,777,Cloudy,24,1
QP,HYD,MAA,14,9,Tuesday,1112,Cloudy,11,0
QP,MAA,DEL,10,2,Tuesday,655,Clear,0,0
AI,CCU,MAA,3,7,Tuesday,1544,Clear,14,0
6E,HYD,DEL,0,2,Sunday,909,Clear,0,0
6E,HYD,MAA,12,8,Sunday,423,Clear,10,0
QP,BOM,HYD,4,1,Saturday,1554,Clear,6,0
UK,CCU,BLR,10,11,Sunday,1677,Clear,3,0
SG,MAA,DEL,14,1,Wednesday,1617,Rain,30,1
QP,CCU,MAA,14,6,Saturday,1235,Rain,14,0
SG,CCU,BLR,4,8,Tuesday,1593,Clear,15,1
AI,BLR,HYD,15,5,Monday,1560,Cloudy,11,0
AI,DEL,BLR,22,3,Friday,1033,Clear,0,0
6E,CCU,DEL,8,3,Friday,1101,Clear,6,0
6E,BLR,HYD,2,11,Friday,846,Clear,0,0
SG,CCU,MAA,12,2,Thursday,1305,Cloudy,8,0
AI,MAA,HYD,14,9,Friday,1887,Clear,16,1
6E,BOM,BLR,9,4,Wednesday,1788,Rain,18,1
6E,BLR,MAA,14,1,Wednesday,1691,Rain,14,0
AI,HYD,BLR,18,5,Tuesday,846,Cloudy,8,0
AI,BLR,BOM,13,2,Wednesday,1568,Rain,23,1
AI,BOM,DEL,19,10,Wednesday,739,Clear,18,1
UK,BOM,HYD,3,10,Tuesday,528,Cloudy,0,0
UK,HYD,DEL,7,3,Thursday,1638,Clear,0,0
UK,DEL,MAA,13,10,Wednesday,962,Clear,0,0
UK,DEL,BLR,6,9,Tuesday,1560,Clear,2,0
SG,DEL,BOM,23,9,Sunday,1296,Clear,25,1
QP,MAA,DEL,16,1,Thursday,1238,Cloudy,7,0
UK,DEL,BOM,9,2,Monday,1357,Clear,0,0
SG,BLR,DEL,18,2,Monday,976,Clear,24,1
SG,DEL,HYD,23,10,Monday,1758,Rain,36,1
SG,HYD,DEL,0,4,Wednesday,597,Clear,0,0
AI,DEL,MAA,13,7,Tuesday,767,Clear,9,0
QP,DEL,HYD,10,6,Sunday,1314,Clear,21,1
AI,BLR,DEL,18,12,Thursday,1945,Clear,20,1
UK,MAA,BLR,7,3,Saturday,1538,Rain,12,0
SG,DEL,MAA,7,10,Tuesday,1346,Rain,32,1
UK,BLR,CCU,18,2,Monday,544,Cloudy,11,0
6E,MAA,HYD,21,12,Wednesday,588,Clear,0,0
QP,HYD,MAA,3,7,Friday,917,Rain,14,0
AI,MAA,BLR,14,4,Saturday,1334,Rain,15,1
6E,BOM,DEL,18,5,Tuesday,516,Rain,40,1
QP,CCU,BOM,3,9,Wednesday,972,Clear,11,0
SG,DEL,BLR,15,5,Thursday,1036,Cloudy,14,0
AI,HYD,MAA,23,1,Wednesday,599,Clear,0,0
SG,BLR,MAA,20,4,Wednesday,1130,Clear,9,0
QP,DEL,CCU,4,11,Sunday,873,Rain,20,1
AI,CCU,BLR,23,5,Sunday,475,Cloudy,18,1
UK,MAA,BOM,8,6,Wednesday,1105,Rain,19,1
UK,BOM,BLR,11,3,Monday,917,Clear,0,0
AI,DEL,HYD,6,1,Wednesday,726,Clear,21,1
6E,MAA,BLR,16,4,Sunday,437,Storm,50,1
AI,HYD,DEL,3,11,Sunday,480,Clear,0,0
AI,DEL,HYD,17,7,Friday,1733,Clear,35,1
UK,CCU,BLR,1,5,Friday,1591,Clear,4,0
UK,MAA,BLR,20,7,Wednesday,1381,Rain,15,1
6E,BLR,HYD,7,10,Thursday,800,Clear,2,0
6E,BOM,MAA,12,11,Sunday,1289,Clear,0,0
AI,BOM,CCU,5,4,Tuesday,1904,Cloudy,23,1
SG,BLR,BOM,2,10,Wednesday,1602,Cloudy,19,1
6E,DEL,MAA,0,10,Sunday,1609,Cloudy,11,0
QP,BLR,CCU,23,1,Friday,570,Clear,0,0
UK,BOM,CCU,3,11,Monday,1075,Clear,1,0
QP,DEL,CCU,1,3,Saturday,1761,Clear,5,0
SG,DEL,MAA,12,10,Monday,1467,Clear,2,0
6E,BLR,BOM,23,11,Wednesday,498,Clear,0,0
SG,BLR,MAA,1,7,Sunday,1832,Rain,28,1
6E,BLR,MAA,6,4,Monday,1189,Fog,24,1
AI,MAA,BOM,13,11,Tuesday,664,Clear,0,0
6E,HYD,MAA,11,6,Sunday,329,Cloudy,10,0
6E,BOM,MAA,3,10,Friday,1047,Clear,10,0
AI,CCU,BLR,22,9,Tuesday,1691,Clear,5,0
AI,MAA,CCU,8,4,Wednesday,1212,Cloudy,5,0
QP,BLR,DEL,16,7,Sunday,1175,Clear,20,1
UK,DEL,MAA,10,3,Friday,1061,Clear,10,0
UK,CCU,MAA,14,1,Wednesday,841,Clear,0,0
QP,MAA,DEL,21,9,Tuesday,516,Cloudy,0,0
6E,BLR,HYD,7,3,Wednesday,1130,Cloudy,0,0
UK,DEL,HYD,19,7,Wednesday,592,Clear,14,0
QP,DEL,BOM,7,2,Thursday,1931,Clear,0,0
SG,BOM,CCU,7,8,Monday,825,Clear,0,0
6E,BOM,HYD,0,3,Thursday,770,Clear,0,0
6E,BOM,CCU,8,3,Tuesday,958,Clear,0,0
AI,BLR,CCU,14,2,Sunday,856,Cloudy,17,1
AI,DEL,CCU,15,12,Tuesday,1261,Cloudy,28,1
AI,BOM,DEL,10,8,Tuesday,459,Cloudy,15,1
SG,CCU,MAA,8,8,Wednesday,1840,Clear,21,1
SG,CCU,DEL,5,5,Friday,723,Cloudy,16,1
UK,DEL,BOM,21,11,Saturday,1507,Rain,5,0
SG,MAA,BOM,9,1,Wednesday,1651,Clear,0,0
AI,CCU,MAA,7,5,Friday,531,Clear,0,0
6E,HYD,DEL,22,1,Monday,1221,Rain,10,0
6E,BLR,DEL,15,9,Tuesday,1229,Cloudy,25,1
QP,BLR,MAA,20,12,Wednesday,462,Clear,12,0
SG,BOM,BLR,9,10,Friday,1334,Cloudy,17,1
QP,BLR,DEL,10,2,Thursday,1693,Clear,0,0
6E,CCU,BLR,17,10,Thursday,631,Clear,2,0
QP,HYD,MAA,23,4,Friday,1693,Cloudy,0,0
AI,BLR,HYD,18,5,Tuesday,986,Cloudy,12,0
6E,DEL,HYD,11,7,Tuesday,1671,Clear,9,0
UK,CCU,BOM,14,6,Friday,901,Clear,0,0
AI,DEL,BLR,8,3,Sunday,564,Fog,39,1
QP,MAA,BLR,10,7,Monday,1286,Cloudy,20,1
QP,BOM,HYD,9,3,Wednesday,959,Clear,0,0
UK,BOM,MAA,2,9,Sunday,1322,Clear,7,0
6E,BOM,CCU,20,1,Saturday,1682,Cloudy,9,0
AI,BLR,DEL,3,10,Tuesday,1545,Clear,6,0
SG,MAA,CCU,6,12,Monday,607,Clear,0,0
UK,BLR,MAA,6,9,Thursday,410,Storm,39,1
SG,DEL,MAA,5,8,Friday,897,Cloudy,23,1
SG,BOM,DEL,11,6,Tuesday,514,Storm,59,1
AI,DEL,BLR,23,7,Wednesday,1705,Clear,5,0
AI,BLR,CCU,7,7,Friday,1157,Clear,18,1
SG,CCU,HYD,17,11,Thursday,697,Fog,43,1
AI,CCU,BOM,17,2,Tuesday,1253,Rain,40,1
QP,CCU,HYD,18,8,Saturday,1344,Cloudy,30,1
AI,DEL,CCU,14,7,Sunday,1613,Clear,10,0
SG,BLR,MAA,17,4,Saturday,1759,Cloudy,27,1
QP,DEL,MAA,18,5,Sunday,1381,Clear,13,0
UK,BLR,BOM,16,6,Wednesday,1173,Fog,26,1
AI,HYD,DEL,13,1,Monday,582,Cloudy,3,0
QP,MAA,CCU,2,6,Saturday,1862,Clear,18,1
AI,BLR,CCU,12,3,Thursday,1584,Clear,0,0
UK,DEL,BLR,18,5,Wednesday,1513,Clear,11,0
QP,BLR,BOM,8,4,Tuesday,1913,Rain,31,1
SG,BLR,BOM,5,10,Monday,1515,Clear,0,0
AI,HYD,DEL,14,12,Tuesday,1094,Clear,0,0
QP,DEL,HYD,3,2,Friday,1531,Clear,15,1
AI,HYD,MAA,17,4,Tuesday,1634,Clear,15,1
SG,BLR,DEL,23,2,Sunday,592,Cloudy,13,0
SG,MAA,HYD,11,6,Thursday,835,Clear,0,0
6E,CCU,HYD,0,5,Monday,1095,Clear,0,0
UK,BOM,DEL,6,6,Friday,1435,Clear,8,0
AI,MAA,BLR,0,1,Friday,1437,Fog,7,0
QP,DEL,CCU,11,11,Tuesday,792,Clear,6,0
6E,CCU,MAA,7,12,Saturday,810,Clear,3,0
6E,BLR,CCU,18,11,Saturday,684,Clear,19,1
UK,MAA,CCU,20,6,Friday,823,Clear,20,1
SG,MAA,DEL,10,9,Monday,638,Rain,37,1
UK,HYD,BOM,23,1,Thursday,1225,Clear,0,0
UK,BLR,BOM,10,8,Sunday,1579,Storm,47,1
UK,MAA,HYD,2,8,Tuesday,1107,Cloudy,0,0
QP,BLR,MAA,21,9,Sunday,1041,Cloudy,17,1
6E,HYD,MAA,9,10,Tuesday,1448,Clear,0,0
QP,HYD,MAA,21,1,Friday,493,Clear,0,0
SG,BLR,DEL,17,5,Wednesday,1698,Clear,32,1
QP,DEL,MAA,22,6,Monday,619,Rain,23,1
QP,BOM,MAA,15,6,Friday,504,Storm,55,1
SG,CCU,MAA,14,7,Thursday,1289,Clear,0,0
6E,HYD,MAA,5,9,Wednesday,542,Storm,33,1
SG,HYD,DEL,6,8,Tuesday,1047,Cloudy,7,0
SG,BOM,DEL,7,3,Thursday,1422,Rain,27,1
6E,MAA,BLR,7,8,Monday,1307,Storm,35,1
SG,BLR,CCU,14,8,Friday,411,Storm,53,1
6E,BOM,MAA,20,3,Monday,1530,Cloudy,14,0
UK,DEL,BLR,0,8,Tuesday,700,Clear,0,0
SG,BLR,HYD,14,7,Thursday,724,Cloudy,3,0
AI,HYD,BOM,18,10,Saturday,773,Clear,0,0
6E,BOM,HYD,10,5,Wednesday,1182,Clear,9,0
SG,BOM,DEL,6,11,Friday,862,Rain,27,1
UK,BOM,MAA,10,7,Sunday,1050,Clear,11,0
QP,BOM,MAA,19,12,Friday,1299,Clear,20,1
AI,MAA,DEL,21,2,Saturday,569,Clear,0,0
SG,BLR,CCU,16,2,Thursday,753,Cloudy,11,0
QP,BLR,MAA,11,3,Tuesday,909,Clear,0,0
QP,DEL,BLR,15,10,Wednesday,1411,Fog,27,1
AI,HYD,BLR,16,7,Wednesday,888,Rain,38,1
QP,CCU,DEL,18,9,Thursday,1418,Clear,29,1
6E,MAA,CCU,3,1,Tuesday,1590,Clear,6,0
6E,BLR,DEL,1,5,Saturday,493,Clear,0,0
6E,BOM,CCU,8,5,Tuesday,1318,Clear,2,0
SG,BLR,HYD,6,12,Friday,951,Clear,5,0
SG,DEL,CCU,14,2,Thursday,862,Clear,6,0
UK,DEL,BLR,12,11,Saturday,556,Clear,0,0
AI,MAA,CCU,22,5,Tuesday,1045,Clear,7,0
QP,CCU,BLR,18,10,Tuesday,1619,Clear,8,0
6E,CCU,BLR,3,4,Tuesday,779,Fog,26,1
AI,HYD,BLR,20,1,Saturday,749,Rain,33,1
UK,CCU,BOM,18,9,Tuesday,486,Clear,0,0
UK,BLR,MAA,9,3,Wednesday,1655,Cloudy,0,0
SG,BOM,BLR,1,2,Monday,662,Clear,8,0
QP,BOM,HYD,19,12,Tuesday,1690,Rain,45,1
AI,BOM,HYD,4,3,Saturday,821,Rain,26,1
6E,MAA,HYD,5,12,Monday,1172,Cloudy,3,0
UK,DEL,BLR,11,5,Sunday,1042,Cloudy,0,0
SG,CCU,DEL,1,4,Saturday,1722,Rain,27,1
SG,MAA,CCU,9,6,Sunday,810,Clear,8,0
6E,BLR,MAA,5,4,Friday,993,Cloudy,9,0
SG,MAA,CCU,1,12,Friday,1105,Clear,4,0
QP,DEL,BLR,21,8,Saturday,1004,Clear,21,1
UK,BLR,HYD,6,9,Friday,666,Cloudy,6,0
QP,DEL,HYD,13,1,Thursday,688,Clear,0,0
SG,DEL,CCU,19,3,Wednesday,1197,,22,1
6E,DEL,MAA,11,8,Sunday,1352,Clear,6,0
6E,MAA,HYD,7,6,Wednesday,775,Storm,47,1
SG,MAA,DEL,17,12,Thursday,1080,Clear,7,0
6E,CCU,BLR,16,9,Monday,1390,Clear,25,1
6E,CCU,HYD,0,4,Friday,1736,Clear,0,0
6E,CCU,BOM,19,6,Monday,588,Fog,54,1
SG,CCU,BOM,2,9,Monday,1687,Clear,2,0
6E,DEL,CCU,17,5,Wednesday,1003,Clear,5,0
SG,MAA,HYD,2,7,Friday,1036,Clear,16,1
QP,MAA,DEL,1,10,Saturday,427,Cloudy,16,1
QP,DEL,BLR,2,4,Friday,1094,Rain,27,1
QP,DEL,BOM,17,2,Friday,902,Clear,7,0
AI,CCU,BOM,10,5,Tuesday,708,Clear,0,0
UK,CCU,DEL,14,3,Monday,1546,Clear,0,0
6E,BOM,HYD,6,7,Monday,666,Clear,15,1
QP,DEL,MAA,2,11,Monday,581,Rain,30,1
SG,BLR,DEL,18,10,Wednesday,753,Clear,16,1
6E,DEL,BOM,19,9,Saturday,1588,Rain,35,1
UK,MAA,DEL,20,7,Monday,1198,Clear,11,0
SG,BLR,MAA,1,11,Wednesday,949,Clear,4,0
UK,DEL,MAA,22,12,Friday,784,,19,1
UK,CCU,HYD,13,10,Monday,1004,Rain,17,1
AI,MAA,BLR,4,2,Thursday,1706,Clear,4,0
UK,CCU,HYD,4,4,Wednesday,1226,Storm,33,1
6E,CCU,BOM,12,12,Sunday,1788,Clear,0,0
QP,DEL,CCU,14,1,Thursday,488,Rain,22,1
QP,MAA,BOM,1,7,Thursday,933,Clear,0,0
SG,MAA,BLR,11,8,Saturday,588,Clear,6,0
AI,MAA,CCU,5,5,Saturday,1434,Rain,22,1
QP,BOM,HYD,22,9,Thursday,493,Clear,2,0
6E,BLR,MAA,14,1,Friday,958,Clear,0,0
UK,CCU,MAA,8,3,Wednesday,529,Rain,26,1
QP,DEL,BLR,10,4,Friday,1311,Clear,12,0
QP,HYD,BLR,20,3,Wednesday,724,Cloudy,11,0
AI,MAA,HYD,16,6,Wednesday,1402,Clear,14,0
6E,MAA,BOM,9,6,Saturday,1159,Clear,2,0
SG,HYD,CCU,20,12,Wednesday,1231,Clear,27,1
UK,MAA,DEL,14,6,Thursday,771,Clear,0,0
6E,CCU,BLR,1,10,Monday,1407,Clear,0,0
UK,MAA,BLR,15,2,Wednesday,362,Clear,0,0
QP,DEL,BLR,22,1,Friday,685,Cloudy,5,0
6E,BOM,HYD,20,5,Thursday,1484,Clear,17,1
SG,BOM,CCU,1,4,Wednesday,907,Clear,0,0
SG,BLR,CCU,21,12,Monday,1337,Rain,24,1
QP,BLR,MAA,23,6,Thursday,1646,,11,0
6E,BOM,CCU,3,6,Wednesday,547,Storm,37,1
6E,MAA,CCU,15,11,Sunday,1934,Cloudy,9,0
UK,DEL,CCU,18,11,Monday,1451,Fog,43,1
UK,MAA,CCU,1,10,Friday,1437,Rain,11,0
UK,HYD,CCU,19,6,Wednesday,863,Clear,15,1
SG,CCU,MAA,9,3,Tuesday,689,Cloudy,15,1
SG,DEL,MAA,7,1,Friday,841,Clear,10,0
6E,BOM,MAA,6,1,Thursday,1162,Clear,2,0
SG,CCU,HYD,12,10,Monday,585,Clear,12,0
6E,BLR,HYD,19,2,Friday,1045,Clear,0,0
UK,HYD,BLR,19,5,Tuesday,1115,Clear,0,0
AI,DEL,CCU,5,7,Saturday,1316,Rain,24,1
6E,MAA,HYD,19,7,Tuesday,533,Clear,15,1
QP,BOM,HYD,19,2,Saturday,916,Rain,36,1
UK,CCU,MAA,1,7,Wednesday,678,Fog,12,0
SG,BLR,DEL,7,3,Wednesday,1644,Clear,17,1
AI,BOM,CCU,0,5,Monday,1683,Clear,8,0
SG,HYD,CCU,23,10,Sunday,1757,Cloudy,9,0
6E,BLR,CCU,11,6,Thursday,1633,Storm,47,1
SG,BLR,DEL,6,5,Tuesday,1679,Rain,22,1
QP,CCU,BOM,21,1,Monday,1034,Clear,6,0
UK,BLR,CCU,16,12,Tuesday,1782,Fog,42,1
AI,BLR,MAA,22,8,Thursday,405,Clear,16,1
UK,HYD,DEL,19,10,Monday,662,Clear,2,0
AI,BOM,BLR,22,6,Wednesday,857,Clear,10,0
UK,MAA,HYD,5,4,Wednesday,704,Rain,16,1
AI,BOM,HYD,4,4,Sunday,1454,Clear,20,1
SG,BOM,DEL,1,1,Wednesday,1588,Cloudy,12,0
6E,DEL,HYD,8,11,Monday,575,Clear,14,0
6E,BLR,HYD,13,7,Tuesday,1182,Clear,0,0
AI,HYD,BOM,13,5,Saturday,538,Storm,32,1
QP,MAA,BLR,16,9,Monday,1586,Cloudy,24,1
QP,CCU,MAA,17,2,Monday,1495,Clear,6,0
QP,MAA,BLR,19,6,Monday,730,Cloudy,6,0
AI,BOM,BLR,12,6,Monday,1577,Clear,9,0
6E,MAA,HYD,6,11,Sunday,838,Clear,13,0
QP,BOM,BLR,10,10,Sunday,741,Clear,0,0
UK,BOM,BLR,20,10,Saturday,1313,Fog,42,1
AI,BLR,HYD,19,4,Monday,695,Clear,9,0
AI,HYD,BOM,21,7,Friday,1048,Clear,1,0
6E,BOM,DEL,12,12,Saturday,1667,Cloudy,0,0
QP,CCU,HYD,18,1,Saturday,914,Clear,11,0
AI,BOM,CCU,9,8,Saturday,596,Clear,13,0
QP,BLR,CCU,0,5,Friday,1235,Clear,5,0
SG,HYD,CCU,17,9,Thursday,766,Fog,64,1
QP,BLR,CCU,2,6,Monday,1587,Clear,5,0
QP,BLR,MAA,15,9,Saturday,1363,Clear,0,0
6E,CCU,HYD,23,4,Sunday,1054,Clear,2,0
QP,BLR,MAA,0,11,Thursday,1245,Clear,0,0
AI,DEL,MAA,17,11,Thursday,562,Clear,12,0
6E,MAA,DEL,20,8,Sunday,1392,Cloudy,17,1
6E,MAA,BOM,15,6,Thursday,1556,Cloudy,13,0
AI,BOM,HYD,16,2,Wednesday,1959,Cloudy,31,1
AI,CCU,DEL,21,3,Sunday,1353,Clear,4,0
AI,BLR,MAA,18,5,Sunday,988,Clear,5,0
AI,DEL,CCU,0,10,Tuesday,1207,Clear,0,0
6E,BOM,DEL,18,12,Tuesday,1107,Rain,32,1
AI,MAA,CCU,18,8,Wednesday,1164,Cloudy,33,1
AI,BOM,DEL,5,12,Tuesday,1806,Clear,0,0
QP,BLR,DEL,15,3,Saturday,1112,Cloudy,5,0
AI,MAA,BOM,20,9,Sunday,1550,Clear,27,1
AI,CCU,MAA,20,7,Thursday,521,Rain,47,1
AI,BLR,CCU,20,2,Friday,1641,Cloudy,29,1
AI,CCU,BLR,18,9,Wednesday,1492,Clear,29,1
UK,BOM,HYD,2,11,Sunday,1639,Clear,0,0
QP,CCU,DEL,11,6,Sunday,1135,Clear,15,1
SG,BOM,MAA,5,4,Saturday,1473,Clear,0,0
UK,DEL,CCU,1,4,Sunday,1814,Clear,0,0
AI,MAA,HYD,6,8,Monday,698,Clear,6,0
SG,MAA,CCU,21,9,Sunday,1790,Cloudy,15,1
AI,CCU,BLR,14,3,Wednesday,904,Clear,0,0
SG,CCU,HYD,18,9,Tuesday,654,Clear,18,1
UK,DEL,HYD,12,9,Sunday,698,Clear,9,0
QP,HYD,DEL,8,1,Saturday,688,Clear,0,0
6E,MAA,BLR,11,5,Monday,1242,Clear,0,0
SG,HYD,BLR,23,3,Friday,1500,Cloudy,13,0
UK,DEL,HYD,6,10,Sunday,1584,Clear,1,0
UK,DEL,CCU,7,8,Friday,1644,Clear,17,1
QP,MAA,BOM,20,7,Thursday,1379,Fog,52,1
SG,CCU,MAA,8,3,Monday,452,Clear,12,0
UK,BOM,CCU,21,6,Thursday,1134,Clear,0,0
UK,DEL,BLR,23,12,Thursday,1329,Clear,4,0
SG,BLR,HYD,1,12,Saturday,528,Clear,14,0
6E,BOM,HYD,16,2,Tuesday,866,Cloudy,5,0
AI,CCU,MAA,2,6,Tuesday,878,Cloudy,14,0
UK,CCU,DEL,21,9,Sunday,440,Clear,0,0
AI,HYD,BLR,2,4,Saturday,1038,Clear,0,0
AI,CCU,HYD,21,12,Thursday,1035,Clear,0,0
UK,BOM,DEL,18,6,Thursday,1299,Clear,10,0
SG,CCU,HYD,12,5,Friday,798,Storm,58,1
SG,BLR,HYD,4,12,Tuesday,1731,Clear,0,0
6E,BLR,DEL,6,8,Tuesday,911,Rain,23,1
UK,DEL,MAA,10,1,Thursday,1334,Clear,0,0
AI,BOM,DEL,20,2,Wednesday,1197,Cloudy,32,1
SG,BOM,HYD,21,12,Tuesday,373,Clear,6,0
6E,BLR,HYD,12,8,Thursday,818,Fog,36,1
SG,BOM,BLR,5,11,Friday,1375,Cloudy,18,1
QP,DEL,HYD,13,12,Saturday,992,Cloudy,0,0
SG,HYD,BLR,19,9,Friday,824,Clear,19,1
6E,CCU,BLR,12,12,Friday,1343,Clear,12,0
QP,DEL,CCU,21,12,Thursday,1665,Cloudy,13,0
SG,HYD,DEL,0,5,Monday,1597,Clear,15,1
SG,CCU,MAA,12,8,Wednesday,1078,Cloudy,29,1
QP,BLR,MAA,1,10,Thursday,1047,Clear,0,0
QP,BOM,MAA,14,12,Thursday,1463,Cloudy,0,0
AI,DEL,BOM,14,10,Wednesday,1259,Clear,13,0
QP,CCU,BLR,7,10,Saturday,1041,Cloudy,13,0
SG,BLR,HYD,19,4,Thursday,871,Clear,15,1
6E,DEL,HYD,22,6,Wednesday,1708,Clear,0,0
6E,CCU,HYD,10,10,Thursday,1624,Rain,20,1
SG,MAA,DEL,10,2,Friday,913,Clear,11,0
6E,MAA,BLR,4,2,Monday,474,Rain,18,1
UK,DEL,MAA,0,10,Wednesday,1948,Rain,10,0
SG,DEL,HYD,9,12,Tuesday,464,Clear,20,1
SG,BOM,MAA,10,6,Wednesday,764,Clear,24,1
QP,DEL,MAA,18,11,Friday,609,Rain,45,1
AI,HYD,CCU,20,5,Tuesday,1560,Fog,43,1
6E,BLR,HYD,2,7,Thursday,560,Clear,0,0
QP,MAA,HYD,3,12,Wednesday,999,,25,1
UK,DEL,HYD,13,5,Monday,1246,Clear,0,0
6E,MAA,BOM,9,11,Sunday,498,Clear,4,0
6E,CCU,BLR,16,12,Friday,1701,Rain,23,1
6E,DEL,BOM,7,9,Wednesday,1622,Clear,0,0
UK,HYD,BLR,9,1,Thursday,1342,Rain,19,1
6E,HYD,DEL,10,12,Sunday,1286,Clear,0,0
SG,DEL,BLR,14,6,Tuesday,818,Clear,0,0
UK,BOM,CCU,1,4,Saturday,1281,Fog,14,0
SG,MAA,BLR,21,6,Monday,1605,Clear,6,0
AI,CCU,MAA,8,6,Sunday,1178,Cloudy,33,1
SG,BLR,HYD,5,5,Wednesday,958,Fog,31,1
QP,DEL,CCU,15,9,Wednesday,776,Rain,25,1
AI,BOM,CCU,3,2,Saturday,1078,Fog,30,1
6E,CCU,BOM,14,8,Tuesday,1889,Fog,38,1
SG,HYD,MAA,1,4,Monday,1008,Clear,3,0
SG,BLR,CCU,6,10,Thursday,1364,Cloudy,15,1
SG,DEL,CCU,17,12,Sunday,1265,Clear,37,1
UK,MAA,CCU,8,6,Wednesday,1163,Cloudy,7,0
SG,BLR,CCU,21,10,Thursday,468,Cloudy,13,0
SG,HYD,BOM,8,4,Wednesday,819,Clear,0,0
AI,CCU,HYD,16,11,Saturday,1831,Rain,38,1
SG,HYD,BLR,0,7,Sunday,1740,Clear,1,0
UK,CCU,DEL,23,7,Sunday,831,Cloudy,4,0
AI,HYD,MAA,14,2,Tuesday,1271,Clear,0,0
UK,BLR,HYD,16,8,Tuesday,1294,Clear,9,0
UK,CCU,BOM,7,10,Sunday,1707,Cloudy,0,0
AI,HYD,BLR,6,7,Friday,498,Clear,3,0
QP,MAA,HYD,10,2,Wednesday,841,Rain,26,1
6E,BOM,CCU,6,9,Wednesday,1156,Rain,27,1
6E,MAA,DEL,0,8,Tuesday,1229,Rain,20,1
UK,HYD,CCU,16,11,Monday,1601,Rain,22,1
QP,DEL,MAA,17,12,Wednesday,996,Fog,41,1
SG,BOM,CCU,16,3,Saturday,1374,Clear,27,1
SG,CCU,DEL,13,4,Friday,1595,Cloudy,15,1
6E,HYD,MAA,12,12,Monday,884,Clear,6,0
QP,MAA,BLR,23,2,Monday,1073,Clear,0,0
QP,BOM,CCU,12,11,Sunday,1378,Rain,32,1
UK,BOM,MAA,16,2,Saturday,1502,Cloudy,11,0
UK,CCU,HYD,9,6,Saturday,1605,Cloudy,16,1
AI,BLR,DEL,0,2,Sunday,1126,Cloudy,18,1
SG,CCU,DEL,8,12,Friday,671,Clear,15,1
QP,MAA,BLR,17,7,Wednesday,568,Fog,39,1
UK,BLR,DEL,15,11,Friday,586,Clear,0,0
UK,CCU,BLR,16,1,Friday,1217,Clear,23,1
UK,MAA,CCU,17,1,Saturday,1029,Clear,0,0
AI,DEL,BLR,5,7,Thursday,808,Fog,36,1
SG,DEL,HYD,19,1,Monday,1090,Clear,19,1
SG,DEL,HYD,17,7,Friday,1393,Clear,29,1
QP,MAA,BOM,7,9,Saturday,561,Clear,0,0
QP,DEL,MAA,12,6,Sunday,655,Clear,4,0
UK,BOM,CCU,20,10,Tuesday,1432,Clear,13,0
QP,BLR,CCU,4,2,Sunday,949,Clear,0,0
UK,DEL,MAA,7,3,Monday,1314,Clear,0,0
SG,BOM,BLR,4,2,Saturday,1541,Clear,4,0
SG,MAA,CCU,7,6,Wednesday,778,Clear,1,0
QP,CCU,BOM,4,5,Monday,560,Clear,0,0
SG,BLR,DEL,19,7,Wednesday,866,Clear,34,1
AI,MAA,BLR,23,2,Thursday,1356,Rain,12,0
AI,HYD,BOM,23,6,Tuesday,743,Clear,0,0
UK,BLR,HYD,8,10,Thursday,1749,Clear,0,0
UK,HYD,MAA,22,1,Friday,531,Clear,0,0
SG,CCU,HYD,1,10,Sunday,1037,Fog,43,1
UK,DEL,BOM,2,3,Thursday,1830,Fog,11,0
UK,HYD,DEL,7,11,Friday,1461,Clear,0,0
QP,DEL,MAA,6,10,Sunday,476,Clear,0,0
6E,CCU,MAA,22,6,Monday,755,Clear,0,0
UK,HYD,DEL,18,1,Saturday,446,Clear,2,0
UK,DEL,BLR,18,5,Sunday,1742,Clear,12,0
UK,HYD,BOM,19,8,Saturday,1622,Clear,7,0
QP,BLR,BOM,17,5,Sunday,795,Clear,2,0
QP,DEL,MAA,12,8,Sunday,1201,Clear,12,0
UK,CCU,HYD,1,10,Friday,971,Clear,2,0
UK,BLR,DEL,0,12,Saturday,1701,Clear,0,0
UK,DEL,BLR,23,5,Wednesday,587,Clear,0,0
AI,HYD,MAA,12,12,Monday,1143,Rain,27,1
UK,BLR,HYD,22,3,Monday,1449,Clear,0,0
6E,HYD,CCU,0,12,Tuesday,1911,Clear,0,0
AI,DEL,HYD,15,2,Saturday,896,Fog,39,1
AI,MAA,BLR,6,7,Wednesday,1124,Clear,7,0
UK,BLR,CCU,8,9,Saturday,1431,Clear,7,0
AI,BLR,HYD,15,1,Wednesday,1170,Cloudy,2,0
SG,MAA,DEL,11,6,Saturday,1636,Clear,14,0
UK,HYD,BLR,3,4,Sunday,774,Clear,0,0
6E,DEL,HYD,23,10,Wednesday,1002,Rain,18,1
SG,HYD,BLR,17,6,Thursday,1041,Cloudy,33,1
UK,HYD,BLR,8,2,Thursday,1129,Rain,25,1
SG,BOM,CCU,14,1,Sunday,774,Clear,12,0
SG,BOM,BLR,3,1,Wednesday,682,Clear,14,0
AI,DEL,BOM,10,1,Wednesday,1189,Clear,10,0
6E,CCU,DEL,10,6,Saturday,580,Clear,12,0
UK,DEL,BLR,8,4,Sunday,1097,Cloudy,16,1
QP,HYD,MAA,11,3,Monday,870,Cloudy,0,0
AI,CCU,BOM,21,5,Monday,539,Clear,6,0
AI,BLR,DEL,0,6,Sunday,1269,Fog,40,1
QP,BOM,HYD,13,7,Thursday,646,Clear,8,0
QP,MAA,CCU,22,6,Thursday,1290,Storm,51,1
AI,HYD,MAA,21,12,Sunday,1350,Clear,0,0
UK,DEL,BOM,21,5,Wednesday,651,Cloudy,0,0
SG,HYD,DEL,9,5,Thursday,1590,Cloudy,13,0
AI,DEL,MAA,13,5,Saturday,800,Cloudy,13,0
6E,BLR,BOM,14,1,Saturday,1233,Rain,0,0
6E,BOM,BLR,20,9,Friday,1782,Cloudy,34,1
SG,CCU,DEL,22,7,Wednesday,1590,Cloudy,24,1
6E,CCU,MAA,6,5,Friday,818,Rain,11,0
UK,MAA,DEL,2,5,Saturday,1171,Clear,0,0
6E,MAA,BLR,6,7,Sunday,810,Clear,10,0
SG,DEL,BLR,6,11,Friday,1011,Cloudy,10,0
AI,DEL,BLR,7,5,Sunday,1650,Clear,20,1
6E,MAA,BOM,22,6,Saturday,1435,Clear,0,0
6E,BLR,HYD,5,2,Saturday,1182,Clear,0,0
QP,HYD,CCU,10,4,Thursday,760,Clear,0,0
QP,MAA,BOM,8,9,Thursday,1007,Cloudy,20,1
UK,BLR,DEL,6,9,Friday,1213,Cloudy,9,0
AI,MAA,DEL,4,10,Sunday,1416,Clear,3,0
SG,MAA,HYD,23,6,Thursday,617,Clear,0,0
UK,BOM,MAA,15,11,Friday,1829,Clear,0,0
QP,MAA,BLR,2,7,Thursday,1155,Fog,24,1
6E,BOM,MAA,15,2,Friday,888,Cloudy,1,0
QP,BOM,BLR,14,2,Friday,1337,Clear,14,0
QP,MAA,DEL,8,6,Monday,1295,Clear,29,1
6E,CCU,BOM,18,5,Monday,944,Rain,24,1
SG,DEL,MAA,19,2,Monday,1767,Cloudy,31,1
6E,HYD,MAA,18,1,Saturday,1766,Clear,11,0
6E,HYD,BLR,15,8,Sunday,1689,Cloudy,4,0
6E,HYD,DEL,10,10,Wednesday,674,Clear,0,0
SG,MAA,BOM,4,3,Monday,1664,Fog,30,1
6E,DEL,MAA,1,3,Monday,778,Rain,19,1
SG,MAA,BOM,22,7,Thursday,845,Clear,0,0
UK,BOM,MAA,20,2,Friday,1384,Cloudy,19,1
SG,DEL,HYD,4,11,Wednesday,1047,Rain,35,1
QP,BLR,CCU,19,8,Friday,1549,Clear,24,1
AI,DEL,HYD,1,5,Tuesday,1271,Rain,24,1
QP,HYD,DEL,5,7,Saturday,522,Clear,0,0
AI,HYD,MAA,3,2,Wednesday,502,Clear,0,0
UK,HYD,DEL,8,4,Sunday,620,Storm,32,1
6E,DEL,BOM,7,7,Saturday,833,Cloudy,9,0
SG,MAA,CCU,12,12,Thursday,1246,Clear,0,0
SG,DEL,CCU,11,11,Sunday,1769,Clear,18,1
QP,BOM,BLR,2,8,Sunday,939,Cloudy,25,1
UK,BLR,BOM,3,5,Tuesday,637,Cloudy,0,0
QP,MAA,BLR,19,12,Friday,1296,Clear,11,0
6E,BLR,BOM,13,2,Friday,988,Cloudy,9,0
6E,MAA,HYD,22,4,Wednesday,1611,Rain,7,0
6E,CCU,BLR,3,6,Sunday,596,Rain,22,1
UK,MAA,DEL,7,7,Friday,957,Clear,9,0
SG,DEL,HYD,3,9,Saturday,1356,Storm,68,1
QP,MAA,HYD,22,5,Tuesday,671,Clear,0,0
6E,BOM,MAA,3,12,Sunday,1116,Rain,19,1
6E,CCU,HYD,19,5,Sunday,1183,Clear,19,1
QP,CCU,MAA,4,8,Sunday,651,Fog,40,1
UK,DEL,MAA,17,1,Thursday,1303,Rain,28,1
6E,DEL,BOM,10,2,Sunday,1770,Rain,22,1
QP,MAA,BLR,23,3,Monday,1244,,0,0
UK,DEL,BLR,1,1,Tuesday,630,Rain,9,0
QP,CCU,HYD,7,11,Friday,1391,Clear,13,0
QP,HYD,BLR,17,8,Saturday,493,Clear,6,0
QP,HYD,MAA,21,11,Monday,1576,Fog,24,1
UK,CCU,HYD,12,4,Wednesday,1695,Cloudy,2,0
SG,BOM,DEL,2,2,Monday,598,Cloudy,11,0
QP,HYD,CCU,15,4,Monday,781,Clear,0,0
6E,CCU,MAA,11,1,Monday,1572,Clear,0,0
AI,DEL,BOM,18,4,Sunday,1522,Clear,19,1
6E,BOM,DEL,13,2,Sunday,1257,Clear,0,0
SG,DEL,CCU,21,3,Friday,1420,Fog,36,1
UK,BLR,BOM,2,8,Monday,1440,Cloudy,14,0
AI,DEL,BLR,14,12,Saturday,1358,Clear,19,1
UK,BOM,HYD,17,3,Thursday,1154,Clear,13,0
AI,CCU,DEL,9,12,Saturday,1100,Clear,18,1
UK,BLR,BOM,11,10,Thursday,1626,Clear,0,0
UK,BLR,CCU,16,2,Monday,1080,Rain,22,1
SG,BLR,DEL,10,1,Sunday,1677,Clear,6,0
UK,CCU,MAA,9,2,Sunday,1656,Clear,3,0
UK,BLR,HYD,13,9,Sunday,1132,Clear,0,0
SG,BLR,BOM,19,9,Friday,1367,Cloudy,25,1
SG,CCU,BOM,3,11,Sunday,1330,Clear,0,0
QP,DEL,BLR,20,7,Monday,676,Clear,24,1
6E,BLR,HYD,4,1,Wednesday,1152,,31,1
UK,MAA,CCU,2,12,Wednesday,1712,Cloudy,3,0
6E,HYD,BOM,4,11,Thursday,1100,Clear,0,0
UK,CCU,HYD,1,9,Monday,1431,Rain,27,1
AI,CCU,MAA,22,12,Saturday,609,Clear,0,0
UK,BLR,DEL,7,4,Wednesday,992,Rain,0,0
AI,MAA,CCU,18,7,Monday,597,Clear,8,0
UK,BOM,CCU,4,7,Tuesday,1012,Clear,0,0
QP,BOM,DEL,12,4,Monday,1004,Clear,0,0
QP,CCU,BOM,10,12,Friday,730,Clear,11,0
UK,DEL,MAA,15,7,Sunday,1174,Clear,8,0
AI,BLR,MAA,23,12,Monday,1239,Clear,3,0
6E,HYD,DEL,15,4,Monday,1120,Clear,0,0
AI,BLR,CCU,16,6,Sunday,947,Clear,9,0
SG,CCU,BOM,6,12,Wednesday,1181,Clear,0,0
QP,BOM,DEL,2,3,Monday,1265,Clear,0,0
UK,HYD,BLR,2,7,Tuesday,526,Cloudy,0,0
AI,DEL,MAA,7,10,Friday,1193,Rain,25,1
AI,BOM,HYD,13,10,Monday,1724,Storm,31,1
QP,BOM,HYD,1,10,Wednesday,1560,Clear,6,0
6E,MAA,DEL,6,8,Sunday,1395,Clear,12,0
AI,BOM,DEL,15,1,Thursday,938,Clear,0,0
AI,MAA,BLR,20,4,Tuesday,1622,Cloudy,13,0
6E,BLR,MAA,23,10,Saturday,1139,Clear,0,0
SG,HYD,MAA,5,7,Thursday,1785,Rain,28,1
QP,CCU,MAA,2,5,Wednesday,791,Fog,31,1
6E,CCU,DEL,13,11,Tuesday,1575,Clear,0,0
SG,DEL,BOM,22,5,Saturday,817,Clear,11,0
AI,MAA,CCU,10,5,Thursday,1514,Clear,6,0
AI,CCU,MAA,21,5,Thursday,465,Cloudy,3,0
AI,MAA,BLR,17,5,Saturday,796,Rain,31,1
QP,BOM,DEL,21,7,Wednesday,1581,Clear,0,0
UK,HYD,DEL,22,12,Friday,1267,Clear,0,0
QP,HYD,CCU,2,12,Tuesday,858,Cloudy,0,0
AI,HYD,DEL,9,5,Friday,849,Clear,2,0
AI,BLR,DEL,1,5,Thursday,606,Cloudy,0,0
QP,HYD,MAA,1,11,Thursday,1809,Clear,4,0
AI,HYD,DEL,11,7,Wednesday,736,Clear,12,0
AI,BLR,CCU,15,3,Monday,1268,Clear,0,0
UK,MAA,CCU,21,7,Sunday,495,Rain,22,1
SG,MAA,BOM,3,10,Wednesday,1177,Clear,0,0
6E,BOM,DEL,0,5,Saturday,1248,Clear,0,0
UK,HYD,BOM,2,8,Sunday,1292,Clear,0,0
SG,MAA,BOM,22,10,Thursday,1665,Rain,15,1
UK,BLR,CCU,15,2,Saturday,1391,Clear,0,0
6E,MAA,CCU,11,12,Thursday,800,Rain,8,0
AI,DEL,CCU,2,1,Monday,1772,Fog,25,1
UK,BLR,CCU,8,2,Sunday,647,Clear,13,0
QP,MAA,BLR,3,4,Saturday,310,Fog,35,1
SG,CCU,HYD,0,1,Thursday,1852,Clear,11,0
QP,HYD,MAA,10,8,Saturday,937,Cloudy,0,0
AI,HYD,BOM,12,7,Friday,1087,Clear,18,1
AI,BLR,HYD,10,5,Saturday,1870,Cloudy,24,1
UK,MAA,HYD,20,12,Monday,1297,Cloudy,0,0
AI,BLR,HYD,21,4,Saturday,1536,Clear,0,0
UK,DEL,BLR,2,11,Tuesday,1831,Clear,0,0
QP,BOM,BLR,6,7,Sunday,663,Clear,13,0
6E,HYD,DEL,12,9,Sunday,778,Clear,11,0
UK,CCU,MAA,9,12,Monday,930,Cloudy,0,0
SG,BLR,CCU,10,4,Friday,585,Cloudy,32,1
AI,CCU,MAA,16,2,Wednesday,1140,Clear,1,0
QP,MAA,CCU,4,10,Tuesday,1204,Clear,1,0
6E,HYD,BLR,19,8,Sunday,1906,Storm,58,1
QP,MAA,DEL,6,3,Wednesday,691,Clear,3,0
SG,BLR,BOM,8,11,Thursday,1812,Cloudy,19,1
AI,BLR,CCU,5,9,Wednesday,725,Clear,5,0
SG,MAA,DEL,15,7,Friday,467,,22,1
AI,HYD,CCU,16,2,Tuesday,1543,Rain,26,1
UK,HYD,DEL,14,12,Wednesday,766,Clear,0,0
QP,BLR,BOM,11,7,Friday,749,Clear,0,0
QP,CCU,DEL,7,8,Tuesday,720,Clear,10,0
QP,DEL,BOM,16,1,Saturday,1171,Clear,23,1
UK,DEL,BOM,2,9,Sunday,721,Cloudy,15,1
UK,BLR,HYD,7,11,Friday,1197,Cloudy,2,0
6E,DEL,MAA,16,10,Wednesday,1262,Cloudy,16,1
QP,BLR,BOM,16,5,Tuesday,806,Clear,26,1
UK,HYD,MAA,6,3,Thursday,1237,Clear,0,0
SG,BLR,MAA,8,6,Thursday,620,Clear,2,0
6E,BOM,MAA,7,7,Tuesday,1567,Clear,9,0
SG,BOM,HYD,21,4,Wednesday,1392,Clear,7,0
6E,HYD,MAA,13,8,Sunday,450,Clear,15,1
SG,CCU,BOM,2,12,Tuesday,1919,Fog,34,1
AI,MAA,CCU,3,2,Tuesday,743,Clear,0,0
AI,HYD,BLR,1,3,Wednesday,1873,Clear,10,0
6E,DEL,CCU,5,6,Sunday,1183,Clear,11,0
UK,BOM,MAA,5,3,Wednesday,1754,Cloudy,0,0
SG,BLR,BOM,10,10,Wednesday,1001,Rain,47,1
6E,BOM,CCU,17,1,Wednesday,1462,Cloudy,17,1
AI,MAA,DEL,21,1,Sunday,924,Clear,0,0
6E,BLR,DEL,13,5,Wednesday,1528,Clear,1,0
UK,CCU,DEL,18,5,Wednesday,862,Rain,33,1
UK,BOM,MAA,15,9,Wednesday,689,Rain,28,1
SG,BLR,CCU,7,2,Sunday,1441,Fog,45,1
6E,MAA,DEL,14,10,Friday,408,Rain,1,0
SG,BOM,DEL,7,3,Friday,617,Clear,15,1
SG,MAA,BOM,7,12,Tuesday,1190,Clear,1,0
SG,HYD,BLR,23,7,Monday,1385,Cloudy,14,0
UK,HYD,DEL,21,10,Monday,1260,Cloudy,0,0
QP,BLR,HYD,15,1,Wednesday,1697,Clear,0,0
6E,CCU,DEL,14,9,Saturday,1399,Cloudy,7,0
SG,MAA,HYD,16,6,Saturday,813,Storm,63,1
AI,BOM,HYD,18,7,Saturday,1588,Clear,7,0
AI,HYD,DEL,1,1,Friday,1352,Clear,6,0
QP,CCU,BLR,8,8,Thursday,1472,Clear,19,1
UK,BOM,MAA,2,12,Wednesday,1550,Clear,0,0
SG,HYD,BOM,12,12,Saturday,1263,Rain,26,1
SG,MAA,HYD,7,11,Tuesday,1443,Cloudy,15,1
SG,BOM,MAA,7,9,Monday,1133,Clear,15,1
6E,HYD,CCU,20,3,Saturday,1076,Rain,41,1
AI,HYD,DEL,4,5,Thursday,1887,Clear,0,0
AI,BOM,DEL,21,1,Friday,794,Cloudy,21,1
QP,BOM,BLR,10,3,Sunday,1639,Cloudy,11,0
6E,HYD,CCU,4,4,Friday,1587,Rain,16,1
UK,BOM,DEL,3,9,Saturday,1230,Clear,8,0
UK,CCU,HYD,17,1,Thursday,945,Cloudy,9,0
AI,HYD,BLR,21,12,Wednesday,1569,Cloudy,0,0
UK,MAA,BOM,20,9,Wednesday,1521,Rain,32,1
AI,BLR,BOM,4,9,Sunday,1266,Rain,32,1
AI,BOM,CCU,21,7,Wednesday,1685,Fog,33,1
AI,BLR,HYD,5,4,Sunday,1299,Clear,0,0
QP,MAA,CCU,11,7,Monday,1601,Clear,3,0
UK,BLR,MAA,0,8,Wednesday,1037,Clear,0,0
QP,BOM,CCU,6,11,Sunday,1590,Clear,5,0
UK,DEL,HYD,7,9,Friday,521,Rain,19,1
6E,HYD,CCU,22,10,Wednesday,1543,Clear,0,0
SG,MAA,BOM,6,6,Tuesday,1317,Clear,0,0
QP,HYD,BLR,6,5,Thursday,1641,Cloudy,0,0
UK,BOM,DEL,6,10,Sunday,1729,Clear,11,0
AI,BOM,CCU,6,8,Wednesday,1100,Clear,2,0
6E,BLR,DEL,12,5,Thursday,1264,Cloudy,0,0
QP,BLR,BOM,4,6,Wednesday,833,Rain,22,1
UK,BOM,DEL,6,7,Sunday,1985,Clear,0,0
QP,CCU,MAA,12,8,Friday,654,Cloudy,2,0
UK,BOM,BLR,18,5,Friday,680,Clear,13,0
AI,BOM,MAA,2,2,Friday,977,Clear,2,0
QP,HYD,MAA,8,11,Wednesday,992,Clear,12,0
SG,MAA,CCU,13,4,Saturday,662,Clear,0,0
SG,BLR,HYD,22,2,Friday,1960,Rain,43,1
QP,MAA,CCU,22,4,Monday,1463,Cloudy,0,0
AI,DEL,BLR,20,11,Wednesday,579,Clear,15,1
QP,HYD,MAA,12,3,Sunday,1694,Clear,0,0
6E,DEL,MAA,2,9,Tuesday,704,Clear,10,0
QP,DEL,MAA,23,5,Sunday,1138,Fog,29,1
AI,HYD,DEL,14,8,Saturday,1903,Rain,22,1
UK,BOM,DEL,21,9,Sunday,1510,Rain,26,1
SG,DEL,MAA,22,3,Saturday,946,Clear,26,1
AI,BOM,BLR,19,5,Monday,1342,Rain,48,1
AI,MAA,BOM,10,10,Tuesday,1501,Cloudy,7,0
QP,HYD,MAA,14,12,Thursday,1199,Clear,0,0
AI,BLR,DEL,16,11,Wednesday,781,Clear,5,0
SG,CCU,BOM,21,4,Sunday,1543,Clear,0,0
QP,BLR,DEL,5,3,Saturday,995,Clear,3,0
SG,CCU,MAA,13,12,Saturday,1563,Clear,0,0
UK,BLR,MAA,14,9,Sunday,1246,Clear,9,0
UK,DEL,MAA,4,3,Monday,1534,Cloudy,10,0
SG,DEL,MAA,9,8,Friday,1661,Clear,23,1
UK,BOM,MAA,22,4,Sunday,1293,Clear,0,0
UK,BOM,BLR,0,2,Sunday,728,Cloudy,9,0
AI,DEL,CCU,12,2,Saturday,932,Clear,0,0
SG,BLR,MAA,14,5,Saturday,435,Clear,1,0
SG,CCU,HYD,21,3,Saturday,975,Fog,44,1
SG,BOM,DEL,6,10,Monday,768,Clear,0,0
AI,BOM,MAA,9,2,Wednesday,1414,Clear,7,0
SG,CCU,BLR,1,3,Sunday,1355,Clear,3,0
SG,BOM,BLR,8,8,Friday,1784,Clear,20,1
AI,MAA,HYD,23,6,Tuesday,696,Clear,0,0
QP,HYD,BLR,18,3,Saturday,1393,Rain,44,1
UK,CCU,HYD,10,1,Monday,873,Rain,20,1
UK,HYD,DEL,15,2,Wednesday,1653,Clear,0,0
SG,HYD,BOM,23,4,Saturday,1582,Clear,2,0
UK,BOM,HYD,10,4,Saturday,808,Clear,7,0
UK,HYD,CCU,7,7,Thursday,1740,Cloudy,0,0
6E,MAA,CCU,21,9,Tuesday,1214,Rain,32,1
QP,CCU,BLR,20,2,Thursday,1321,Clear,0,0
QP,DEL,CCU,12,6,Tuesday,1508,Rain,39,1
AI,DEL,BOM,0,6,Sunday,1335,Clear,13,0
SG,DEL,CCU,0,2,Sunday,1420,Cloudy,12,0
AI,MAA,BLR,2,6,Saturday,462,Clear,9,0
6E,DEL,MAA,16,1,Wednesday,1365,Cloudy,24,1
QP,CCU,DEL,4,4,Tuesday,1304,Cloudy,17,1
AI,BLR,CCU,1,9,Monday,340,Cloudy,23,1
6E,BOM,HYD,16,3,Wednesday,1075,Rain,32,1
6E,CCU,DEL,11,9,Saturday,1600,Clear,0,0
SG,MAA,CCU,12,2,Wednesday,841,Clear,0,0
UK,HYD,DEL,4,6,Saturday,482,Cloudy,0,0
UK,CCU,BLR,5,11,Tuesday,973,Cloudy,0,0
QP,MAA,CCU,5,7,Saturday,1223,Fog,32,1
UK,HYD,DEL,15,10,Monday,611,Rain,11,0
SG,BOM,CCU,23,3,Wednesday,1046,Clear,10,0
AI,CCU,MAA,21,3,Tuesday,1461,Clear,0,0
6E,MAA,CCU,2,6,Friday,1809,Cloudy,20,1
QP,CCU,MAA,16,3,Tuesday,1480,Clear,24,1
QP,CCU,MAA,18,9,Monday,650,Clear,9,0
SG,HYD,BOM,0,5,Wednesday,1734,Clear,0,0
6E,BLR,BOM,15,10,Monday,1358,Clear,0,0
AI,CCU,BOM,10,1,Wednesday,1659,Rain,41,1
QP,CCU,DEL,4,5,Tuesday,999,Clear,2,0
SG,DEL,HYD,18,3,Sunday,504,Rain,40,1
6E,HYD,DEL,22,9,Thursday,1076,Rain,11,0
UK,HYD,BLR,14,3,Thursday,1001,Rain,0,0
SG,MAA,HYD,4,6,Friday,873,Rain,30,1
UK,CCU,HYD,10,5,Monday,1637,Clear,0,0
QP,BOM,BLR,12,9,Monday,957,Clear,0,0
AI,CCU,BOM,21,5,Tuesday,739,Cloudy,13,0
6E,HYD,DEL,18,9,Sunday,1658,Clear,12,0
AI,DEL,CCU,16,2,Saturday,1703,Clear,21,1
SG,HYD,BLR,18,10,Sunday,1676,Fog,36,1
SG,DEL,HYD,16,8,Saturday,608,Cloudy,41,1
QP,CCU,HYD,7,2,Monday,1518,Clear,5,0
UK,MAA,BLR,3,2,Tuesday,525,Cloudy,2,0
AI,CCU,MAA,20,4,Saturday,1674,Rain,36,1
UK,HYD,BLR,13,12,Thursday,1534,Fog,14,0
AI,BLR,BOM,23,4,Friday,1075,Cloudy,14,0
SG,BLR,MAA,16,6,Tuesday,659,Clear,31,1
SG,CCU,BOM,11,6,Thursday,498,Rain,32,1
QP,DEL,MAA,15,4,Sunday,425,Cloudy,0,0
6E,CCU,HYD,15,6,Thursday,802,Clear,0,0
6E,BLR,DEL,23,3,Friday,1096,Rain,29,1
AI,HYD,MAA,8,9,Saturday,1016,Clear,14,0
UK,MAA,CCU,9,2,Sunday,1557,Fog,29,1
UK,DEL,BOM,8,7,Tuesday,605,Fog,32,1
SG,DEL,CCU,2,4,Sunday,1484,Clear,24,1
SG,DEL,MAA,11,7,Friday,448,Clear,9,0
AI,MAA,BOM,10,7,Saturday,1029,Clear,10,0
6E,DEL,CCU,4,8,Tuesday,620,Clear,8,0
UK,HYD,CCU,19,8,Monday,1758,Clear,10,0
6E,DEL,MAA,16,4,Monday,1055,Clear,5,0
AI,MAA,HYD,5,8,Wednesday,1233,Clear,10,0
QP,CCU,BOM,3,3,Thursday,794,Rain,24,1
SG,BLR,HYD,14,5,Wednesday,843,Clear,3,0
UK,BOM,HYD,0,3,Tuesday,824,Clear,0,0
6E,BLR,DEL,3,7,Saturday,608,Clear,0,0
QP,MAA,HYD,10,10,Saturday,1314,Clear,14,0
AI,MAA,DEL,23,8,Friday,856,Clear,18,1
UK,HYD,DEL,1,2,Friday,631,Rain,6,0
QP,HYD,BOM,12,1,Saturday,430,Clear,0,0
QP,HYD,BOM,13,4,Tuesday,545,Fog,30,1
6E,BOM,DEL,6,8,Sunday,1679,Clear,14,0
SG,BOM,CCU,12,4,Sunday,1685,Clear,12,0
AI,CCU,MAA,15,12,Wednesday,1387,Rain,16,1
AI,HYD,CCU,3,8,Wednesday,1658,Clear,0,0
6E,CCU,BLR,22,11,Tuesday,1184,Clear,0,0
QP,HYD,BOM,5,12,Friday,839,Clear,9,0
SG,BLR,CCU,8,2,Wednesday,1030,Rain,39,1
UK,HYD,MAA,0,11,Tuesday,1097,Clear,0,0
6E,MAA,BLR,14,1,Friday,592,Clear,0,0
AI,BOM,BLR,14,2,Tuesday,968,Rain,8,0
6E,BLR,DEL,2,7,Monday,1154,Cloudy,10,0
AI,MAA,HYD,7,7,Sunday,1047,Rain,32,1
AI,DEL,BLR,18,8,Monday,974,,13,0
SG,DEL,BOM,17,1,Sunday,826,Cloudy,47,1
AI,DEL,BOM,7,2,Friday,716,Cloudy,18,1
AI,HYD,DEL,15,10,Wednesday,924,Clear,0,0
UK,BOM,CCU,17,8,Thursday,641,Cloudy,14,0
6E,BLR,DEL,8,5,Wednesday,1122,Fog,30,1
UK,DEL,MAA,4,3,Wednesday,1001,Clear,0,0
AI,BOM,CCU,0,3,Friday,869,Clear,21,1
6E,DEL,HYD,22,4,Sunday,1701,Clear,10,0
UK,MAA,HYD,7,6,Tuesday,1599,Cloudy,3,0
SG,BLR,DEL,19,10,Thursday,1274,Cloudy,11,0
UK,BOM,MAA,7,6,Sunday,1182,Clear,0,0
UK,HYD,BLR,17,6,Monday,1553,Clear,0,0
UK,CCU,DEL,7,12,Monday,677,Clear,0,0
6E,MAA,DEL,14,2,Friday,788,Clear,0,0
6E,CCU,MAA,22,1,Monday,1625,Cloudy,4,0
UK,BLR,CCU,18,12,Sunday,1693,Clear,12,0
AI,BLR,HYD,3,12,Monday,572,Clear,14,0
SG,BOM,CCU,12,5,Saturday,1138,Clear,0,0
SG,BOM,HYD,6,3,Wednesday,557,Clear,0,0
6E,CCU,HYD,5,2,Sunday,1763,Cloudy,8,0
6E,DEL,BLR,19,2,Sunday,852,Cloudy,10,0
6E,CCU,BOM,23,11,Saturday,1627,Rain,17,1
SG,CCU,HYD,22,9,Friday,1685,Clear,13,0
SG,CCU,MAA,20,11,Tuesday,835,Cloudy,14,0
AI,HYD,DEL,11,7,Monday,1713,Clear,0,0
UK,CCU,BLR,12,8,Tuesday,1955,Clear,0,0
AI,DEL,CCU,12,11,Monday,1272,Cloudy,6,0
UK,MAA,BLR,17,5,Saturday,1806,Clear,0,0
6E,HYD,MAA,1,7,Wednesday,1797,Clear,8,0
6E,CCU,MAA,19,4,Thursday,1286,Clear,16,1
UK,DEL,BOM,19,7,Friday,1373,Cloudy,28,1
6E,CCU,MAA,23,3,Friday,1750,Clear,5,0
6E,HYD,DEL,14,3,Friday,700,Rain,8,0
SG,DEL,MAA,10,5,Saturday,1092,Clear,18,1
QP,HYD,CCU,11,12,Monday,1344,Clear,0,0
AI,DEL,BLR,14,4,Tuesday,562,Clear,8,0
6E,DEL,BOM,7,8,Saturday,1501,Rain,41,1
QP,HYD,DEL,18,7,Saturday,1310,Cloudy,28,1
UK,MAA,HYD,10,8,Friday,587,Clear,10,0
6E,DEL,HYD,6,2,Sunday,1565,Rain,17,1
UK,BOM,CCU,17,10,Sunday,936,Clear,10,0
AI,BLR,CCU,8,10,Monday,559,Storm,49,1
AI,HYD,MAA,1,2,Thursday,484,Clear,3,0
SG,DEL,BLR,12,5,Sunday,817,Clear,5,0
UK,HYD,DEL,12,11,Wednesday,1075,Rain,7,0
SG,BLR,CCU,6,3,Monday,891,Clear,14,0
6E,CCU,HYD,0,7,Monday,1200,Cloudy,10,0
QP,BOM,MAA,11,10,Saturday,1562,Clear,0,0
UK,BLR,HYD,18,10,Sunday,1292,Clear,0,0
SG,DEL,BLR,19,5,Friday,968,Clear,19,1
AI,CCU,BLR,5,9,Monday,974,Clear,1,0
AI,CCU,BLR,10,12,Wednesday,1348,Clear,10,0
SG,BLR,MAA,21,6,Wednesday,609,Clear,17,1
QP,BLR,DEL,8,12,Sunday,1862,Cloudy,25,1
QP,CCU,BLR,11,10,Thursday,1087,Clear,9,0
6E,BOM,DEL,16,8,Tuesday,1245,Clear,13,0
AI,BOM,DEL,10,9,Thursday,483,Rain,36,1
QP,BOM,MAA,20,3,Saturday,494,Clear,12,0
SG,MAA,DEL,8,1,Friday,563,Rain,53,1
6E,BOM,MAA,11,10,Wednesday,1195,Clear,1,0
SG,DEL,MAA,12,9,Saturday,1458,Rain,36,1
QP,DEL,BLR,17,12,Wednesday,1778,Cloudy,16,1
6E,CCU,BLR,8,7,Monday,1298,Clear,18,1
SG,CCU,MAA,6,5,Sunday,971,Clear,0,0
SG,CCU,MAA,8,11,Saturday,980,Clear,12,0
UK,BOM,HYD,5,12,Saturday,816,Clear,0,0
SG,BLR,DEL,4,10,Sunday,738,Clear,3,0
6E,BLR,HYD,19,10,Friday,1750,Cloudy,33,1
QP,HYD,DEL,8,3,Monday,1759,Cloudy,12,0
QP,DEL,BOM,6,11,Saturday,1726,Clear,10,0
QP,HYD,MAA,19,1,Monday,1515,,5,0
SG,DEL,BLR,18,10,Friday,1472,Clear,33,1
AI,BOM,CCU,5,3,Sunday,1675,,19,1
6E,BOM,CCU,7,1,Wednesday,637,Clear,0,0
UK,MAA,DEL,19,9,Wednesday,578,Clear,3,0
QP,CCU,DEL,6,5,Sunday,1743,Clear,0,0
UK,MAA,CCU,20,11,Thursday,571,Clear,0,0
UK,BLR,DEL,14,4,Sunday,680,Clear,0,0
AI,HYD,BLR,15,9,Wednesday,1056,Fog,28,1
SG,HYD,CCU,12,8,Tuesday,1142,Cloudy,17,1
6E,DEL,MAA,0,10,Thursday,928,Fog,28,1
AI,CCU,DEL,19,11,Wednesday,1738,Clear,12,0
QP,CCU,HYD,13,8,Friday,1056,Rain,28,1
AI,BOM,CCU,4,5,Wednesday,1591,Clear,0,0
AI,DEL,BOM,19,7,Saturday,1424,Clear,23,1
AI,DEL,MAA,7,8,Wednesday,631,Clear,1,0
UK,HYD,MAA,8,12,Wednesday,1647,Clear,0,0
AI,DEL,MAA,15,3,Friday,715,Clear,10,0
QP,DEL,BOM,6,1,Tuesday,1209,Cloudy,0,0
UK,HYD,BOM,0,6,Tuesday,1189,Rain,13,0
6E,DEL,BLR,7,6,Thursday,392,Clear,7,0
AI,DEL,BOM,16,11,Wednesday,1749,Rain,29,1
UK,DEL,BOM,10,4,Wednesday,523,Clear,0,0
AI,MAA,HYD,17,2,Wednesday,1023,Clear,0,0
QP,BLR,MAA,1,2,Friday,797,Clear,6,0
6E,BOM,BLR,6,11,Wednesday,761,Clear,0,0
UK,HYD,CCU,5,8,Friday,280,Clear,0,0
AI,BOM,MAA,1,12,Tuesday,639,Clear,9,0
AI,HYD,BLR,15,4,Sunday,575,Clear,0,0
6E,BLR,MAA,5,1,Sunday,1236,,33,1
AI,MAA,BLR,11,6,Monday,544,Rain,29,1
SG,HYD,MAA,23,3,Monday,1213,Storm,46,1
QP,MAA,CCU,5,2,Monday,851,Clear,0,0
QP,BOM,MAA,4,11,Tuesday,562,Clear,9,0
6E,DEL,MAA,22,5,Saturday,452,Cloudy,0,0
SG,HYD,DEL,8,1,Tuesday,1531,Cloudy,18,1
UK,DEL,MAA,7,3,Friday,1721,Clear,0,0
AI,BLR,CCU,17,5,Tuesday,1275,Rain,25,1
AI,HYD,BOM,3,11,Monday,1425,Fog,24,1
UK,MAA,BOM,9,8,Monday,766,Clear,0,0
UK,HYD,CCU,4,7,Sunday,1653,Fog,14,0
AI,CCU,BLR,21,7,Thursday,1054,Clear,0,0
QP,HYD,BOM,7,10,Friday,1301,Clear,0,0
SG,BLR,HYD,13,3,Tuesday,1394,Clear,0,0
UK,BOM,HYD,12,6,Thursday,1059,Cloudy,11,0
QP,MAA,BOM,11,5,Friday,886,Clear,0,0
QP,MAA,BOM,1,1,Saturday,1193,Clear,0,0
QP,BOM,MAA,6,7,Friday,1672,Clear,6,0
6E,DEL,CCU,20,9,Friday,1415,Clear,33,1
QP,DEL,BLR,13,8,Friday,1430,Cloudy,16,1
UK,HYD,BOM,21,1,Wednesday,882,Clear,0,0
SG,HYD,BOM,13,5,Friday,979,Clear,3,0
QP,DEL,CCU,7,5,Wednesday,1314,Storm,38,1
AI,DEL,MAA,8,2,Saturday,476,Rain,47,1
UK,HYD,BOM,18,7,Thursday,518,Storm,57,1
AI,BLR,HYD,5,7,Friday,1206,Clear,8,0
6E,BLR,DEL,14,10,Thursday,1558,Clear,1,0
UK,BOM,BLR,22,10,Thursday,854,Rain,14,0
QP,MAA,BOM,20,11,Friday,874,Fog,37,1
QP,MAA,HYD,9,6,Tuesday,1288,Clear,2,0
6E,DEL,BLR,6,3,Thursday,728,Storm,40,1
6E,DEL,MAA,14,7,Wednesday,480,Clear,6,0
UK,HYD,CCU,14,8,Monday,1449,Rain,17,1
QP,HYD,CCU,17,4,Saturday,1120,Clear,10,0
QP,DEL,HYD,1,6,Friday,455,Clear,11,0
6E,DEL,CCU,12,12,Monday,1337,Clear,0,0
AI,MAA,CCU,0,10,Monday,1676,Clear,1,0
SG,BLR,MAA,23,8,Sunday,1071,Cloudy,14,0
6E,DEL,MAA,20,12,Saturday,1526,Cloudy,6,0
AI,HYD,DEL,17,1,Saturday,1527,Clear,8,0
AI,DEL,BOM,7,7,Friday,1491,Cloudy,18,1
UK,BOM,DEL,17,4,Saturday,1135,Clear,0,0
6E,MAA,BOM,10,4,Friday,540,Clear,0,0
UK,BOM,BLR,15,10,Monday,666,Clear,0,0
6E,DEL,BLR,5,10,Thursday,1378,Clear,0,0
SG,CCU,HYD,11,6,Wednesday,1075,Clear,3,0
SG,BOM,BLR,21,7,Tuesday,523,Fog,43,1
UK,HYD,DEL,4,8,Sunday,618,Fog,23,1
AI,MAA,CCU,9,11,Friday,863,Clear,9,0
UK,CCU,BOM,6,1,Sunday,1578,Clear,0,0
SG,MAA,CCU,4,7,Monday,1484,Rain,32,1
6E,BLR,HYD,9,1,Sunday,1706,Clear,0,0
6E,CCU,BLR,14,12,Friday,861,Clear,9,0
UK,DEL,CCU,1,3,Thursday,1535,Storm,24,1
6E,BOM,BLR,4,1,Tuesday,1496,Rain,25,1
UK,BOM,DEL,19,10,Friday,672,Fog,37,1
6E,HYD,BOM,6,9,Friday,1178,Clear,17,1
6E,CCU,HYD,8,11,Friday,761,Clear,4,0
SG,MAA,HYD,16,5,Tuesday,1735,Rain,41,1
UK,CCU,HYD,17,4,Friday,1055,Clear,0,0
UK,DEL,MAA,23,9,Monday,1125,Rain,32,1
SG,MAA,BOM,3,12,Monday,1893,Clear,4,0
6E,MAA,DEL,18,12,Thursday,1085,Rain,12,0
AI,BLR,MAA,17,5,Monday,1292,Clear,7,0
QP,DEL,CCU,2,8,Friday,1882,Clear,10,0
AI,DEL,HYD,21,10,Thursday,1214,Fog,41,1
UK,CCU,MAA,7,9,Tuesday,1187,Cloudy,3,0
6E,BOM,CCU,10,8,Tuesday,782,Clear,0,0
6E,HYD,DEL,19,2,Thursday,773,Fog,28,1
AI,CCU,DEL,12,8,Friday,1589,Cloudy,23,1
QP,BLR,CCU,6,3,Saturday,1106,Cloudy,2,0
UK,BOM,DEL,7,6,Friday,933,Clear,8,0
6E,BLR,MAA,17,7,Thursday,922,Rain,16,1
SG,BOM,MAA,4,1,Friday,414,Cloudy,29,1
AI,BOM,BLR,11,6,Friday,605,Cloudy,20,1
UK,MAA,BOM,17,4,Wednesday,1747,Fog,32,1
UK,BLR,HYD,21,2,Tuesday,1579,Clear,0,0
UK,MAA,HYD,19,8,Thursday,1714,Rain,39,1
AI,MAA,CCU,8,9,Monday,1609,Rain,41,1
QP,HYD,BOM,4,11,Tuesday,433,Clear,0,0
6E,HYD,CCU,22,9,Tuesday,1088,Cloudy,0,0
SG,BOM,MAA,14,3,Thursday,764,Rain,31,1
SG,HYD,BOM,9,2,Sunday,524,Clear,17,1
6E,MAA,BOM,21,10,Sunday,684,Clear,0,0
AI,BOM,HYD,17,1,Monday,564,Clear,0,0
6E,BOM,DEL,11,5,Saturday,1654,Clear,13,0
QP,MAA,CCU,4,5,Tuesday,1241,Clear,0,0
QP,CCU,MAA,1,3,Sunday,1670,Cloudy,16,1
QP,BLR,CCU,12,8,Tuesday,831,Cloudy,0,0
6E,MAA,CCU,2,10,Monday,1127,Clear,1,0
SG,BOM,DEL,7,11,Saturday,843,Clear,13,0
AI,HYD,MAA,16,6,Saturday,1187,Cloudy,20,1
SG,CCU,HYD,0,6,Wednesday,1172,Rain,43,1
UK,BLR,MAA,23,3,Thursday,578,Rain,11,0
SG,HYD,CCU,10,2,Saturday,1333,Cloudy,18,1
SG,DEL,HYD,20,11,Saturday,635,Clear,18,1
QP,HYD,DEL,4,11,Wednesday,693,Fog,16,1
UK,HYD,CCU,11,12,Saturday,1867,Rain,23,1
6E,CCU,BLR,23,2,Saturday,1466,Fog,28,1
UK,BOM,BLR,15,6,Saturday,567,Cloudy,0,0
AI,BLR,HYD,19,8,Sunday,678,Clear,23,1
AI,HYD,CCU,16,11,Saturday,438,Clear,13,0
UK,CCU,HYD,17,5,Thursday,1328,Clear,13,0
QP,BOM,HYD,8,2,Wednesday,1446,Clear,22,1
UK,MAA,HYD,10,11,Sunday,1347,Clear,2,0
SG,CCU,HYD,1,1,Thursday,549,Fog,26,1
AI,HYD,DEL,6,9,Sunday,886,Clear,5,0
UK,BLR,HYD,1,5,Sunday,822,Clear,2,0
SG,BOM,MAA,7,1,Monday,1550,Cloudy,8,0
6E,BOM,CCU,17,7,Monday,592,Clear,18,1
AI,DEL,BOM,4,5,Thursday,1602,Clear,1,0
AI,DEL,HYD,11,6,Monday,792,Cloudy,15,1
QP,BLR,MAA,13,3,Friday,1554,Clear,0,0
SG,DEL,HYD,3,9,Monday,1064,Clear,15,1
6E,DEL,BLR,19,4,Saturday,1086,Clear,10,0
6E,MAA,BOM,18,2,Wednesday,1218,Clear,0,0
AI,DEL,MAA,4,5,Friday,1694,Clear,18,1
QP,DEL,MAA,0,3,Thursday,1016,Clear,9,0
AI,HYD,CCU,0,7,Friday,1162,Storm,51,1
SG,CCU,HYD,7,7,Friday,1115,Clear,24,1
6E,MAA,HYD,3,10,Wednesday,1123,Clear,0,0
6E,DEL,MAA,0,12,Saturday,1801,Clear,5,0
6E,BOM,BLR,11,2,Saturday,1290,Cloudy,7,0
QP,MAA,HYD,12,1,Wednesday,1789,Clear,1,0
AI,MAA,BOM,0,6,Monday,1724,Cloudy,4,0
6E,BLR,BOM,14,1,Thursday,975,Rain,12,0
6E,CCU,HYD,9,11,Friday,1571,Clear,0,0
6E,CCU,HYD,4,10,Saturday,608,Rain,7,0
AI,MAA,CCU,2,6,Tuesday,817,Clear,13,0
QP,MAA,BOM,18,12,Thursday,1251,Rain,32,1
6E,MAA,BOM,2,7,Saturday,566,Cloudy,0,0
UK,DEL,BOM,4,7,Thursday,574,Cloudy,0,0
6E,MAA,CCU,17,10,Saturday,1067,Clear,0,0
QP,CCU,MAA,15,7,Friday,521,Clear,0,0
6E,BOM,MAA,23,9,Tuesday,1624,Clear,0,0
6E,DEL,CCU,0,3,Tuesday,1236,Clear,0,0
6E,BLR,MAA,4,7,Saturday,1826,Cloudy,15,1
6E,BOM,BLR,15,10,Friday,1551,Clear,4,0
AI,CCU,BLR,5,12,Saturday,813,Clear,3,0
SG,BLR,HYD,9,3,Wednesday,1520,Clear,13,0
AI,HYD,DEL,7,1,Monday,517,Rain,17,1
6E,CCU,BOM,19,8,Tuesday,1119,Clear,16,1
6E,MAA,CCU,18,1,Thursday,1292,Cloudy,11,0
6E,MAA,BOM,19,9,Monday,1177,Storm,65,1
SG,CCU,DEL,12,6,Tuesday,786,Clear,4,0
UK,MAA,CCU,11,10,Tuesday,1741,Clear,0,0
QP,BOM,CCU,13,2,Monday,719,Fog,20,1
6E,MAA,BOM,1,1,Wednesday,858,Cloudy,0,0
QP,BOM,DEL,13,3,Saturday,1415,Clear,0,0
AI,BOM,CCU,6,1,Wednesday,853,Clear,0,0
UK,HYD,BOM,22,2,Wednesday,645,Clear,0,0
SG,BOM,DEL,4,10,Thursday,641,Rain,19,1
UK,DEL,CCU,0,9,Friday,1592,Clear,8,0
QP,CCU,BOM,23,8,Wednesday,747,Rain,38,1
6E,HYD,CCU,3,6,Monday,1765,Clear,0,0
AI,MAA,DEL,12,3,Wednesday,775,Clear,0,0
SG,MAA,BOM,9,11,Monday,664,Clear,13,0
AI,HYD,CCU,6,11,Tuesday,1711,Clear,0,0
SG,HYD,MAA,11,4,Friday,1403,Rain,26,1
SG,MAA,CCU,17,11,Tuesday,1443,Clear,1,0
QP,BOM,HYD,2,8,Wednesday,1515,Cloudy,15,1
UK,MAA,CCU,15,5,Wednesday,798,Clear,0,0
QP,MAA,CCU,21,3,Sunday,1246,Clear,12,0
AI,BOM,CCU,6,8,Tuesday,1143,Clear,7,0
UK,DEL,BOM,16,1,Monday,1723,Clear,17,1
AI,CCU,DEL,22,4,Thursday,1819,Storm,40,1
SG,CCU,HYD,22,9,Friday,583,Clear,21,1
SG,CCU,DEL,15,6,Thursday,1320,Clear,5,0
QP,DEL,CCU,22,2,Friday,1984,Clear,7,0
SG,CCU,MAA,18,2,Sunday,918,Cloudy,23,1
6E,CCU,MAA,12,9,Friday,1103,Clear,6,0
AI,MAA,CCU,3,11,Thursday,1600,Fog,27,1
QP,BLR,CCU,20,9,Friday,768,Cloudy,27,1
UK,HYD,DEL,6,2,Tuesday,798,Cloudy,0,0
AI,BLR,MAA,17,9,Tuesday,1371,Clear,19,1
QP,DEL,HYD,15,4,Wednesday,1899,Clear,5,0
QP,HYD,BLR,8,8,Saturday,1285,Rain,26,1
UK,BOM,MAA,18,8,Saturday,1526,Clear,7,0
SG,BOM,DEL,15,11,Thursday,460,Cloudy,6,0
AI,DEL,MAA,17,10,Friday,609,Cloudy,34,1
AI,BLR,DEL,22,1,Saturday,1679,Fog,29,1
6E,DEL,MAA,6,1,Tuesday,1359,Clear,9,0
SG,CCU,BLR,18,12,Monday,597,,36,1
AI,CCU,HYD,0,4,Saturday,825,Clear,0,0
AI,MAA,DEL,17,1,Monday,747,Cloudy,20,1
SG,BOM,HYD,3,3,Tuesday,1204,Cloudy,17,1
SG,DEL,HYD,5,6,Wednesday,1302,Clear,24,1
SG,HYD,BLR,4,11,Saturday,540,Clear,0,0
SG,MAA,BLR,19,12,Wednesday,1539,Clear,17,1
QP,DEL,BLR,8,8,Monday,633,Clear,5,0
SG,CCU,BOM,9,4,Monday,1226,Clear,9,0
UK,BLR,DEL,8,9,Tuesday,1612,Clear,0,0
QP,MAA,HYD,14,11,Monday,1281,Clear,0,0
6E,DEL,BOM,21,5,Wednesday,1858,Clear,0,0
AI,BLR,HYD,16,8,Monday,1101,Clear,5,0
SG,BLR,DEL,2,6,Saturday,960,Cloudy,7,0
6E,DEL,CCU,12,11,Monday,1172,Clear,6,0
QP,MAA,BLR,2,8,Tuesday,1558,Cloudy,14,0
UK,CCU,MAA,3,1,Monday,1007,Rain,22,1
QP,HYD,DEL,4,11,Wednesday,648,Rain,0,0
AI,BLR,HYD,16,7,Saturday,894,Clear,32,1
SG,HYD,MAA,21,6,Friday,1119,Clear,28,1
UK,BLR,MAA,5,3,Sunday,822,Clear,0,0
UK,BLR,DEL,22,9,Friday,1846,Clear,4,0
6E,MAA,HYD,6,1,Wednesday,1641,Clear,0,0
QP,HYD,DEL,7,3,Sunday,1296,Clear,3,0
6E,BOM,BLR,3,9,Tuesday,959,Fog,45,1
QP,BLR,DEL,1,4,Monday,604,Clear,0,0
UK,CCU,DEL,14,9,Wednesday,1572,Clear,0,0
AI,HYD,MAA,9,4,Sunday,1782,Clear,5,0
QP,DEL,MAA,2,9,Saturday,1312,Clear,35,1
AI,CCU,BLR,13,9,Thursday,573,Clear,13,0
6E,MAA,DEL,8,9,Sunday,772,Clear,11,0
QP,BOM,HYD,9,9,Friday,1362,Cloudy,32,1
QP,CCU,DEL,21,10,Tuesday,663,Rain,28,1
QP,CCU,MAA,9,5,Monday,1119,Cloudy,13,0
UK,CCU,BOM,10,6,Monday,542,Rain,25,1
SG,BLR,DEL,16,1,Saturday,1010,Cloudy,17,1
6E,CCU,MAA,21,5,Wednesday,1153,Clear,0,0
SG,MAA,HYD,17,6,Wednesday,1491,Rain,51,1
UK,CCU,DEL,11,10,Wednesday,752,Clear,0,0
AI,HYD,BLR,7,11,Monday,1259,Rain,14,0
UK,BOM,MAA,4,8,Monday,786,Clear,0,0
UK,BOM,BLR,2,2,Saturday,1102,Clear,0,0
6E,CCU,MAA,18,3,Friday,1659,Clear,21,1
6E,HYD,DEL,17,7,Tuesday,613,Clear,13,0
UK,CCU,BLR,8,6,Monday,1071,Cloudy,9,0
AI,HYD,BOM,22,12,Thursday,1972,Rain,16,1
AI,HYD,BOM,23,3,Monday,884,Rain,10,0
SG,DEL,MAA,14,7,Wednesday,986,Rain,36,1
6E,BLR,DEL,6,10,Saturday,817,Rain,26,1
SG,HYD,MAA,12,6,Tuesday,759,Rain,21,1
UK,DEL,BLR,19,3,Saturday,1003,Cloudy,3,0
UK,DEL,HYD,12,2,Sunday,1310,Rain,21,1
UK,HYD,CCU,11,8,Tuesday,780,Clear,1,0
UK,BOM,BLR,12,8,Friday,1274,Fog,40,1
QP,MAA,BLR,20,9,Saturday,525,Clear,22,1
QP,BLR,CCU,9,11,Thursday,1412,Clear,0,0
6E,BLR,CCU,4,12,Wednesday,1789,Clear,1,0
SG,DEL,CCU,12,3,Sunday,1542,Rain,36,1
QP,BLR,DEL,15,6,Wednesday,1315,Cloudy,8,0
AI,HYD,MAA,22,4,Tuesday,1686,Clear,0,0
SG,HYD,MAA,2,11,Monday,1630,Clear,6,0
UK,BOM,BLR,22,2,Sunday,489,Rain,22,1
QP,DEL,BOM,19,8,Tuesday,1482,Cloudy,33,1
UK,CCU,DEL,17,4,Monday,1472,Clear,9,0
QP,CCU,BLR,5,1,Monday,316,Cloudy,0,0
AI,CCU,DEL,4,8,Wednesday,989,Cloudy,5,0
AI,BOM,DEL,10,5,Friday,1375,Clear,8,0
QP,HYD,BLR,4,9,Friday,1465,Clear,11,0
UK,DEL,HYD,15,5,Saturday,575,Clear,0,0
UK,CCU,BOM,18,3,Friday,715,Cloudy,14,0
AI,DEL,HYD,11,2,Monday,475,Fog,33,1
6E,BLR,MAA,16,3,Saturday,1135,Storm,54,1
QP,CCU,BOM,18,6,Tuesday,389,Cloudy,14,0
6E,MAA,CCU,21,4,Sunday,1450,Clear,0,0
UK,CCU,DEL,16,2,Wednesday,1702,Clear,1,0
6E,BLR,CCU,5,4,Monday,1785,Cloudy,5,0
6E,DEL,BLR,3,11,Wednesday,1200,Clear,8,0
AI,DEL,BOM,22,11,Thursday,1466,Cloudy,6,0
QP,DEL,BLR,18,5,Saturday,1422,,37,1
QP,DEL,BLR,20,7,Thursday,1662,Clear,24,1
AI,BLR,HYD,10,3,Monday,1324,Clear,21,1
6E,DEL,BOM,3,5,Monday,1817,Cloudy,9,0
UK,BOM,HYD,14,8,Friday,759,Clear,7,0
6E,BLR,CCU,15,1,Monday,1232,Clear,8,0
SG,MAA,BOM,5,11,Thursday,1213,Cloudy,14,0
6E,MAA,CCU,11,11,Sunday,1615,Clear,0,0
AI,DEL,BOM,10,12,Saturday,734,Clear,1,0
6E,CCU,HYD,6,3,Friday,841,Storm,42,1
UK,HYD,DEL,19,11,Wednesday,551,Clear,3,0
AI,BLR,BOM,11,2,Thursday,918,Clear,0,0
QP,BLR,CCU,22,11,Monday,1053,Rain,25,1
AI,CCU,HYD,0,2,Saturday,965,Clear,0,0
AI,BLR,HYD,22,5,Monday,567,Clear,0,0
UK,BOM,HYD,15,12,Monday,1096,Fog,15,1
UK,BLR,BOM,16,7,Friday,1500,Rain,38,1
6E,DEL,CCU,6,3,Friday,749,Clear,6,0
6E,DEL,BLR,1,5,Thursday,1457,Cloudy,0,0
AI,BOM,DEL,5,4,Thursday,1024,Clear,7,0
SG,BOM,CCU,10,12,Friday,1354,Rain,45,1
6E,BLR,DEL,8,5,Thursday,986,Cloudy,12,0
AI,DEL,CCU,4,2,Monday,1704,Cloudy,14,0
6E,HYD,BOM,0,2,Thursday,1523,Clear,0,0
QP,DEL,BOM,16,7,Monday,967,Clear,19,1
6E,BOM,CCU,16,1,Monday,1019,Clear,0,0
QP,CCU,HYD,3,3,Thursday,981,Cloudy,0,0
6E,DEL,HYD,18,8,Friday,533,Cloudy,26,1
AI,BOM,DEL,23,11,Monday,753,Clear,0,0
6E,HYD,BOM,23,2,Wednesday,746,Clear,0,0
6E,BOM,DEL,4,5,Sunday,668,Clear,11,0
AI,BOM,HYD,10,5,Saturday,927,Clear,21,1
UK,DEL,CCU,1,11,Saturday,1407,Rain,12,0
6E,BLR,BOM,0,10,Friday,1488,Rain,33,1
SG,MAA,CCU,20,12,Tuesday,1287,Cloudy,29,1
UK,HYD,BLR,23,8,Wednesday,1276,Fog,17,1
UK,CCU,DEL,4,3,Friday,1337,Cloudy,6,0
UK,MAA,BOM,11,12,Friday,1462,Clear,0,0
AI,MAA,CCU,0,10,Monday,774,Cloudy,0,0
SG,BLR,MAA,19,8,Sunday,1347,Clear,17,1
AI,HYD,MAA,13,5,Sunday,1828,Clear,6,0
SG,HYD,BLR,7,10,Monday,403,Cloudy,0,0
QP,MAA,BOM,23,5,Friday,1246,Clear,12,0
SG,HYD,MAA,3,4,Tuesday,788,Rain,28,1
UK,BLR,MAA,6,4,Wednesday,677,Clear,0,0
6E,DEL,HYD,17,8,Sunday,1255,Clear,10,0
QP,CCU,HYD,9,8,Friday,868,Clear,22,1
6E,BLR,CCU,16,3,Wednesday,1002,Clear,13,0
UK,MAA,CCU,5,5,Monday,1035,Clear,0,0
SG,MAA,HYD,15,3,Saturday,1182,Clear,7,0
QP,DEL,BOM,13,9,Wednesday,958,Clear,21,1
QP,HYD,BLR,1,5,Friday,1073,Clear,0,0
AI,BLR,HYD,7,10,Tuesday,616,Clear,0,0
QP,BOM,MAA,7,3,Saturday,814,,0,0
AI,BOM,HYD,14,5,Wednesday,862,Rain,30,1
UK,HYD,DEL,10,1,Saturday,1271,Rain,12,0
QP,DEL,MAA,11,1,Monday,413,Clear,0,0
SG,HYD,CCU,4,1,Friday,1725,Cloudy,11,0
QP,CCU,DEL,22,1,Sunday,629,Storm,29,1
6E,DEL,BOM,17,12,Thursday,1549,Clear,12,0
6E,DEL,BLR,16,4,Thursday,1430,Fog,41,1
6E,DEL,MAA,6,7,Friday,731,Rain,27,1
6E,MAA,HYD,16,12,Saturday,1273,Clear,12,0
SG,CCU,BLR,5,6,Saturday,809,Clear,0,0
UK,CCU,BOM,11,5,Monday,792,Fog,20,1
SG,DEL,BLR,6,9,Wednesday,1547,Clear,16,1
UK,BLR,BOM,7,9,Saturday,1859,Clear,0,0
6E,DEL,BLR,15,2,Sunday,1316,Clear,11,0
AI,BLR,BOM,7,12,Friday,682,Clear,0,0
UK,BOM,DEL,17,2,Monday,981,Clear,5,0
QP,HYD,MAA,12,5,Friday,1418,Clear,0,0
QP,CCU,MAA,23,12,Sunday,1117,Rain,21,1
6E,MAA,BOM,4,7,Saturday,1264,Clear,0,0
UK,DEL,BLR,22,7,Saturday,747,Rain,34,1
SG,BOM,BLR,3,11,Thursday,1199,Storm,43,1
SG,BOM,DEL,13,6,Sunday,1049,Clear,11,0
AI,BOM,HYD,8,8,Friday,668,Storm,45,1
UK,BLR,BOM,18,7,Thursday,1706,Cloudy,17,1
AI,HYD,CCU,3,2,Sunday,1074,Clear,1,0
AI,MAA,BLR,6,4,Monday,987,Clear,6,0
SG,CCU,MAA,5,10,Monday,1174,Clear,1,0
AI,MAA,BLR,22,4,Saturday,1507,Fog,28,1
6E,BOM,MAA,12,11,Monday,569,Clear,3,0
UK,BOM,BLR,3,12,Sunday,1981,Cloudy,16,1
SG,BLR,CCU,18,10,Sunday,758,Rain,43,1
UK,MAA,BOM,6,1,Tuesday,602,Storm,26,1
AI,CCU,DEL,5,10,Sunday,1051,Fog,43,1
SG,BLR,HYD,11,12,Thursday,1825,Clear,12,0
QP,BOM,MAA,18,10,Thursday,1033,Clear,0,0
QP,DEL,MAA,20,8,Sunday,1349,Clear,28,1
SG,DEL,HYD,0,8,Saturday,610,Clear,20,1
UK,HYD,MAA,21,6,Sunday,1152,Rain,24,1
QP,HYD,DEL,23,3,Sunday,701,Cloudy,1,0
UK,HYD,MAA,7,6,Saturday,517,Fog,17,1
AI,DEL,MAA,12,11,Thursday,1302,Clear,15,1
QP,BLR,DEL,9,2,Tuesday,1114,Clear,4,0
6E,BOM,HYD,11,2,Monday,1323,Clear,0,0
QP,BLR,HYD,15,11,Tuesday,1854,Clear,0,0
6E,HYD,BOM,15,10,Thursday,1620,Rain,13,0
QP,BOM,DEL,11,7,Monday,1793,Cloudy,14,0
UK,HYD,DEL,11,5,Wednesday,1089,,16,1
UK,BOM,MAA,11,2,Saturday,1850,Rain,19,1
6E,HYD,BOM,9,9,Monday,599,Clear,5,0
QP,BLR,BOM,2,7,Wednesday,1673,Clear,2,0
AI,BLR,HYD,8,10,Sunday,816,Cloudy,20,1
UK,DEL,BLR,17,5,Wednesday,1774,Clear,1,0
6E,HYD,DEL,23,10,Saturday,1540,Clear,0,0
UK,CCU,DEL,19,12,Friday,495,Clear,0,0
6E,HYD,BOM,20,2,Saturday,764,Fog,29,1
SG,MAA,CCU,18,10,Saturday,467,Rain,30,1
6E,MAA,BOM,12,8,Friday,1327,Clear,2,0
AI,DEL,MAA,16,5,Sunday,600,Cloudy,24,1
AI,MAA,BOM,20,3,Tuesday,1305,Clear,14,0
SG,BOM,MAA,5,2,Tuesday,486,Clear,0,0
6E,HYD,DEL,3,2,Friday,1148,Clear,0,0
6E,CCU,BOM,6,4,Saturday,783,Clear,6,0
SG,CCU,DEL,12,7,Friday,768,Storm,49,1
6E,BLR,BOM,18,7,Sunday,1001,Clear,21,1
6E,CCU,BLR,10,12,Friday,553,Clear,2,0
6E,HYD,DEL,23,9,Saturday,809,Rain,25,1
6E,DEL,MAA,7,12,Monday,1464,Clear,0,0
SG,BOM,MAA,11,10,Monday,954,Cloudy,22,1
UK,CCU,HYD,22,7,Saturday,864,Clear,0,0
QP,CCU,BOM,4,10,Thursday,1015,Clear,0,0
SG,CCU,BLR,19,10,Wednesday,832,Clear,15,1
AI,BLR,DEL,3,10,Saturday,1812,Rain,14,0
6E,BOM,CCU,21,3,Wednesday,465,Clear,2,0
6E,MAA,HYD,7,9,Monday,1127,Clear,0,0
UK,DEL,BOM,15,3,Thursday,1331,Clear,0,0
6E,CCU,BOM,17,4,Monday,954,Rain,28,1
QP,HYD,MAA,9,9,Sunday,1721,Cloudy,16,1
6E,HYD,MAA,13,7,Wednesday,1876,Fog,35,1
UK,BLR,HYD,18,10,Wednesday,1097,Rain,13,0
AI,CCU,DEL,21,9,Saturday,1329,Clear,0,0
QP,MAA,BLR,2,9,Monday,1093,Clear,0,0
QP,DEL,BLR,11,2,Friday,1802,Clear,5,0
SG,HYD,BOM,20,2,Sunday,1262,Clear,14,0
6E,CCU,DEL,13,3,Monday,1208,Clear,0,0
AI,DEL,BLR,0,5,Sunday,962,Cloudy,27,1
SG,MAA,BOM,3,10,Friday,1138,,13,0
UK,BOM,MAA,19,1,Tuesday,815,Storm,28,1
QP,HYD,BLR,10,7,Saturday,803,Clear,0,0
SG,CCU,HYD,16,10,Saturday,1804,Cloudy,28,1
UK,BLR,HYD,21,5,Sunday,705,Clear,0,0
QP,DEL,BOM,2,4,Sunday,1753,Cloudy,7,0
QP,DEL,BOM,10,3,Friday,418,Storm,63,1
UK,MAA,DEL,3,6,Monday,1310,Clear,0,0
AI,CCU,BOM,20,8,Saturday,1524,Clear,21,1
AI,BOM,HYD,10,7,Saturday,361,Cloudy,21,1
UK,CCU,BLR,21,11,Saturday,469,Rain,14,0
UK,BLR,MAA,7,1,Tuesday,922,Cloudy,0,0
AI,DEL,MAA,3,4,Saturday,947,Clear,7,0
AI,HYD,DEL,20,5,Saturday,678,Cloudy,9,0
SG,CCU,DEL,14,5,Monday,1162,Cloudy,13,0
SG,BOM,DEL,4,9,Monday,1284,Clear,9,0
AI,CCU,BOM,16,2,Monday,1608,Cloudy,32,1
UK,HYD,BOM,10,4,Friday,1096,Clear,0,0
AI,BLR,DEL,1,1,Wednesday,1529,Clear,1,0
SG,MAA,HYD,6,7,Saturday,983,Clear,15,1
QP,BLR,HYD,18,12,Sunday,1609,Rain,37,1
QP,DEL,MAA,3,12,Monday,1754,Clear,8,0
UK,CCU,BOM,8,1,Saturday,807,Clear,0,0
SG,BLR,DEL,6,2,Saturday,1476,Cloudy,14,0
QP,HYD,DEL,17,7,Monday,1379,Clear,12,0
SG,MAA,BLR,20,4,Monday,836,Clear,19,1
UK,DEL,BLR,18,3,Saturday,1636,Storm,54,1
SG,MAA,BLR,17,9,Monday,1122,Cloudy,31,1
UK,BLR,CCU,2,4,Tuesday,1215,Clear,0,0
QP,HYD,CCU,21,8,Sunday,1567,Clear,12,0
UK,BLR,MAA,3,1,Saturday,1334,Clear,0,0
QP,MAA,DEL,9,12,Sunday,1727,Cloudy,6,0
AI,BOM,BLR,19,2,Tuesday,433,Clear,15,1
AI,DEL,HYD,5,1,Saturday,1508,Clear,0,0
AI,BLR,HYD,5,6,Friday,1165,Fog,37,1
UK,DEL,CCU,0,11,Sunday,582,,5,0
SG,BOM,BLR,8,8,Tuesday,950,Rain,52,1
6E,HYD,BLR,11,6,Monday,1241,Cloudy,10,0
AI,MAA,CCU,11,4,Wednesday,530,Fog,30,1
QP,MAA,BLR,0,3,Thursday,1156,Clear,0,0
SG,BOM,HYD,4,8,Friday,1389,Clear,4,0
SG,MAA,DEL,0,7,Sunday,988,Clear,5,0
UK,BLR,DEL,5,8,Friday,1647,Clear,0,0
UK,BOM,DEL,14,5,Sunday,1579,Rain,24,1
AI,MAA,BLR,0,4,Saturday,1350,Cloudy,5,0
AI,HYD,CCU,3,3,Wednesday,1292,Clear,0,0
QP,BLR,DEL,13,4,Saturday,683,Clear,0,0
6E,HYD,CCU,13,3,Wednesday,1701,Cloudy,0,0
SG,MAA,CCU,21,6,Saturday,1275,Clear,0,0
SG,BOM,DEL,13,4,Friday,511,Rain,28,1
6E,DEL,BLR,22,10,Tuesday,1035,Fog,30,1
6E,HYD,CCU,17,7,Monday,1612,Rain,20,1
SG,DEL,HYD,13,4,Sunday,1470,Clear,13,0
AI,HYD,BOM,9,1,Saturday,1312,Cloudy,0,0
UK,BLR,CCU,2,2,Monday,1423,Cloudy,1,0
QP,BOM,HYD,16,2,Tuesday,879,Rain,25,1
SG,HYD,BOM,22,4,Thursday,842,Clear,4,0
SG,BLR,MAA,8,4,Thursday,1654,Cloudy,5,0
AI,BLR,BOM,8,1,Wednesday,1088,Cloudy,5,0
AI,BOM,BLR,2,9,Tuesday,1606,Clear,16,1
6E,MAA,DEL,14,7,Friday,1275,Clear,1,0
6E,CCU,HYD,7,12,Saturday,1077,Clear,0,0
AI,HYD,CCU,0,11,Friday,1038,Rain,27,1
QP,BOM,HYD,0,1,Sunday,1958,Clear,0,0
AI,CCU,MAA,8,9,Wednesday,1231,Clear,13,0
SG,DEL,BOM,11,12,Thursday,1636,Clear,23,1
UK,BOM,HYD,10,10,Wednesday,706,Clear,0,0
SG,DEL,CCU,17,9,Sunday,1184,Cloudy,35,1
6E,CCU,DEL,12,2,Wednesday,1237,Clear,0,0
6E,DEL,BOM,18,11,Wednesday,705,Clear,2,0
SG,HYD,MAA,7,10,Saturday,1967,Clear,2,0
6E,BOM,DEL,5,7,Wednesday,1368,Clear,21,1
SG,BOM,BLR,12,12,Wednesday,546,Cloudy,9,0
AI,HYD,CCU,2,6,Saturday,950,Rain,18,1
AI,MAA,DEL,18,7,Monday,1819,Clear,22,1
SG,DEL,BLR,4,10,Monday,1262,Clear,13,0
SG,DEL,BOM,21,9,Sunday,723,Clear,18,1
AI,BOM,BLR,23,7,Tuesday,579,Clear,7,0
QP,CCU,BOM,12,10,Saturday,1024,Clear,2,0
AI,DEL,BOM,7,11,Friday,1603,Fog,27,1
QP,BOM,MAA,8,8,Tuesday,962,Clear,9,0
SG,BLR,DEL,10,11,Tuesday,1586,Clear,0,0
QP,BOM,DEL,11,5,Sunday,1110,Fog,32,1
QP,DEL,BOM,1,7,Sunday,1598,Cloudy,18,1
6E,HYD,MAA,4,8,Tuesday,1737,Clear,6,0
SG,HYD,BLR,18,7,Thursday,1517,Cloudy,20,1
6E,BOM,DEL,1,3,Sunday,1336,Cloudy,16,1
UK,MAA,HYD,10,6,Tuesday,818,Rain,20,1
6E,DEL,HYD,21,2,Friday,1628,Clear,8,0
UK,MAA,BLR,2,9,Wednesday,1105,Clear,0,0
QP,BOM,DEL,22,10,Sunday,765,Cloudy,11,0
UK,BOM,CCU,11,9,Tuesday,1550,Storm,46,1
AI,BOM,CCU,10,11,Thursday,1567,Cloudy,12,0
6E,CCU,BOM,17,8,Friday,1318,Clear,28,1
SG,HYD,CCU,18,5,Friday,1517,Storm,80,1
UK,MAA,BOM,11,1,Monday,1172,Clear,0,0
UK,BOM,BLR,1,1,Monday,1903,Clear,0,0
UK,DEL,CCU,23,12,Saturday,817,Clear,0,0
6E,DEL,BLR,0,10,Saturday,653,Rain,22,1
UK,BLR,CCU,20,5,Tuesday,1537,Clear,0,0
SG,BOM,HYD,10,12,Friday,937,Storm,51,1
QP,MAA,CCU,12,3,Tuesday,550,Clear,6,0
SG,MAA,DEL,18,10,Wednesday,1176,Clear,24,1
QP,BOM,MAA,22,3,Friday,449,Rain,13,0
QP,BLR,MAA,3,9,Friday,1187,Clear,22,1
AI,BLR,BOM,19,1,Wednesday,990,Clear,6,0
6E,MAA,BOM,15,9,Saturday,877,Fog,33,1
6E,HYD,BOM,8,6,Thursday,1221,Storm,45,1
AI,HYD,CCU,10,7,Saturday,924,Rain,33,1
AI,DEL,CCU,18,1,Thursday,967,Clear,18,1
SG,BLR,DEL,3,5,Wednesday,630,Cloudy,15,1
6E,CCU,HYD,12,2,Tuesday,1506,Cloudy,0,0
AI,BLR,BOM,17,8,Monday,505,Clear,32,1
6E,BOM,CCU,12,1,Thursday,1843,Clear,7,0
6E,BOM,DEL,10,11,Thursday,1833,Clear,2,0
AI,DEL,MAA,12,3,Sunday,632,Clear,8,0
AI,MAA,DEL,12,7,Tuesday,958,Clear,5,0
SG,DEL,BOM,19,12,Monday,1175,Clear,17,1
QP,HYD,CCU,19,5,Sunday,1058,Rain,30,1
UK,BLR,BOM,22,7,Friday,1646,Rain,29,1
SG,DEL,MAA,1,12,Monday,437,Clear,10,0
QP,CCU,DEL,7,1,Wednesday,1756,Fog,24,1
QP,MAA,CCU,21,7,Sunday,1367,Rain,28,1
AI,MAA,DEL,15,7,Sunday,1160,Rain,23,1
QP,CCU,BOM,9,9,Thursday,775,Rain,45,1
AI,CCU,MAA,15,8,Monday,1632,Clear,15,1
AI,MAA,CCU,11,6,Friday,535,Rain,28,1
UK,HYD,CCU,21,7,Monday,724,Clear,0,0
SG,MAA,BLR,13,4,Wednesday,1699,Storm,50,1
AI,BLR,DEL,10,5,Wednesday,1521,Cloudy,9,0
6E,BOM,MAA,14,12,Saturday,1070,Cloudy,4,0
6E,BLR,BOM,4,8,Friday,1718,Clear,10,0
6E,BLR,MAA,18,9,Thursday,805,Clear,3,0
QP,DEL,HYD,4,2,Monday,893,Clear,5,0
6E,CCU,BOM,0,5,Monday,793,Clear,13,0
6E,CCU,BLR,1,3,Saturday,727,Clear,0,0
AI,BLR,CCU,1,12,Friday,650,Clear,9,0
AI,BLR,HYD,2,12,Wednesday,665,Fog,18,1
AI,CCU,MAA,1,5,Saturday,1767,Rain,14,0
UK,BLR,DEL,7,5,Sunday,1115,Clear,0,0
UK,MAA,BOM,23,9,Monday,1902,Rain,21,1
UK,HYD,DEL,2,2,Sunday,860,Cloudy,1,0
QP,BOM,DEL,16,7,Tuesday,1746,Fog,49,1
UK,MAA,BLR,20,3,Saturday,1145,Cloudy,0,0
AI,BOM,BLR,19,7,Friday,612,Cloudy,32,1
6E,BOM,DEL,8,9,Saturday,1128,,0,0
6E,MAA,HYD,1,9,Monday,671,Rain,25,1
QP,MAA,BOM,8,2,Friday,1522,Rain,24,1
6E,CCU,BLR,14,4,Sunday,808,Clear,7,0
AI,MAA,CCU,18,5,Saturday,1745,Clear,4,0
SG,DEL,HYD,3,9,Saturday,1499,Rain,41,1
UK,CCU,DEL,7,4,Tuesday,896,Storm,20,1
AI,BLR,BOM,14,6,Tuesday,994,Cloudy,23,1
SG,DEL,MAA,17,3,Saturday,1513,Clear,24,1
6E,HYD,BOM,7,5,Wednesday,494,Clear,0,0
QP,BOM,CCU,19,6,Thursday,1202,Clear,17,1
QP,BLR,BOM,19,3,Tuesday,1502,Rain,29,1
6E,BLR,HYD,8,2,Saturday,1499,Clear,0,0
UK,DEL,BLR,12,2,Thursday,1647,Clear,0,0
UK,CCU,HYD,11,6,Thursday,1369,Cloudy,3,0
SG,HYD,MAA,16,2,Sunday,1053,Cloudy,20,1
AI,CCU,DEL,7,1,Friday,1420,Fog,42,1
6E,BLR,HYD,7,11,Thursday,716,Clear,0,0
AI,HYD,BOM,10,12,Wednesday,565,Clear,0,0
SG,MAA,BOM,5,7,Friday,572,Clear,9,0
AI,BOM,BLR,13,8,Wednesday,1410,Cloudy,22,1
UK,CCU,MAA,22,2,Tuesday,917,Clear,0,0
SG,BOM,DEL,8,1,Wednesday,585,Cloudy,18,1
QP,CCU,BOM,20,1,Wednesday,653,Clear,10,0
6E,HYD,BLR,11,3,Saturday,1448,Clear,0,0
AI,HYD,DEL,3,2,Thursday,1196,Clear,0,0
SG,BOM,DEL,11,9,Tuesday,1871,Fog,37,1
AI,HYD,CCU,11,10,Tuesday,1475,Cloudy,4,0
AI,HYD,BOM,0,9,Sunday,1340,Clear,10,0
QP,CCU,DEL,11,4,Sunday,776,Clear,2,0
QP,CCU,HYD,3,5,Saturday,1638,Clear,0,0
SG,BLR,MAA,19,5,Saturday,848,Clear,21,1
QP,BLR,DEL,12,2,Sunday,1645,Rain,12,0
AI,BLR,MAA,7,6,Friday,555,Clear,0,0
AI,BLR,DEL,0,7,Sunday,1416,Clear,3,0
6E,DEL,CCU,13,3,Sunday,1485,Fog,28,1
AI,DEL,BLR,16,4,Thursday,501,Cloudy,22,1
QP,MAA,BLR,10,6,Tuesday,1361,Clear,15,1
AI,BOM,HYD,21,2,Sunday,523,Clear,13,0
UK,BLR,HYD,4,8,Saturday,1298,Clear,0,0
QP,MAA,HYD,18,5,Thursday,1760,Cloudy,1,0
SG,HYD,BLR,11,9,Sunday,998,Fog,47,1
6E,BLR,HYD,7,10,Monday,1596,Clear,0,0
UK,MAA,BOM,6,5,Saturday,716,Clear,0,0
UK,DEL,CCU,10,5,Monday,1339,Clear,5,0
SG,BLR,CCU,1,7,Monday,998,Clear,17,1
UK,DEL,HYD,15,1,Monday,472,Rain,18,1
6E,HYD,CCU,9,3,Monday,1535,Clear,0,0
SG,DEL,CCU,16,2,Tuesday,540,Fog,32,1
QP,CCU,BLR,12,4,Wednesday,463,Clear,1,0
UK,HYD,BLR,23,8,Wednesday,1420,Rain,14,0
AI,BOM,MAA,1,3,Wednesday,1567,Cloudy,4,0
UK,HYD,DEL,11,7,Sunday,592,Clear,0,0
QP,BLR,BOM,12,9,Thursday,1362,Rain,27,1
QP,HYD,BOM,5,9,Tuesday,893,Cloudy,2,0
UK,BOM,CCU,16,7,Monday,1367,Rain,37,1
AI,HYD,CCU,8,7,Sunday,1652,Cloudy,28,1
UK,DEL,HYD,18,6,Tuesday,1308,Cloudy,16,1
QP,DEL,CCU,22,6,Saturday,960,Clear,23,1
QP,HYD,BOM,20,10,Saturday,1115,Cloudy,12,0
AI,HYD,DEL,15,6,Sunday,1073,Rain,34,1
6E,BOM,BLR,17,5,Tuesday,613,Cloudy,12,0
UK,DEL,BOM,20,12,Saturday,545,Rain,32,1
AI,BLR,CCU,23,12,Saturday,1386,Storm,36,1
QP,CCU,DEL,17,11,Sunday,1156,Clear,20,1
AI,MAA,HYD,21,10,Friday,1235,Cloudy,27,1
SG,DEL,MAA,23,5,Monday,1430,Rain,21,1
QP,CCU,DEL,4,12,Thursday,1207,Clear,0,0
SG,BLR,DEL,12,8,Thursday,701,Clear,4,0
SG,HYD,MAA,8,11,Thursday,406,Clear,6,0
6E,DEL,CCU,22,1,Wednesday,1161,Rain,21,1
QP,BOM,DEL,17,2,Saturday,973,Storm,52,1
UK,MAA,DEL,21,1,Tuesday,1114,Fog,24,1
AI,BOM,CCU,8,12,Thursday,654,Clear,5,0
6E,DEL,HYD,20,4,Thursday,1690,Cloudy,25,1
6E,DEL,MAA,1,1,Friday,1596,Clear,0,0
UK,CCU,BOM,22,10,Thursday,1039,Storm,27,1
6E,MAA,BOM,5,10,Sunday,280,Fog,23,1
UK,DEL,BLR,12,12,Sunday,1609,Cloudy,7,0
UK,CCU,BOM,17,7,Thursday,1313,Clear,25,1
6E,MAA,BLR,17,9,Tuesday,1203,Fog,43,1
SG,BLR,CCU,5,8,Saturday,869,Rain,33,1
6E,HYD,MAA,13,9,Sunday,453,Storm,44,1
SG,BOM,CCU,12,7,Sunday,759,Clear,12,0
6E,BOM,BLR,18,1,Tuesday,651,Clear,7,0
QP,MAA,BLR,7,3,Monday,886,Clear,0,0
6E,BOM,BLR,18,12,Friday,1832,Clear,16,1
AI,BLR,HYD,14,1,Wednesday,1297,Fog,17,1
AI,BLR,MAA,18,2,Wednesday,637,Clear,0,0
QP,DEL,MAA,21,10,Monday,1498,Cloudy,3,0
QP,MAA,CCU,10,12,Sunday,1687,Fog,27,1
6E,MAA,DEL,10,6,Monday,764,Clear,5,0
SG,CCU,MAA,19,2,Friday,1739,Clear,18,1
UK,HYD,MAA,18,8,Sunday,725,Rain,35,1
AI,BOM,MAA,21,1,Monday,1669,Clear,0,0
UK,BOM,DEL,13,5,Friday,917,Clear,13,0
SG,BLR,DEL,15,7,Sunday,1020,Rain,33,1
QP,CCU,HYD,1,11,Wednesday,1020,Clear,1,0
QP,BOM,CCU,10,2,Wednesday,831,Cloudy,7,0
AI,MAA,BOM,5,8,Friday,1835,Fog,35,1
6E,DEL,BLR,20,1,Sunday,847,Clear,18,1
UK,CCU,BOM,2,6,Thursday,1292,Clear,0,0
AI,HYD,CCU,18,9,Monday,775,Clear,21,1
UK,BLR,BOM,20,1,Friday,1758,Cloudy,22,1
AI,BLR,MAA,11,9,Tuesday,1149,Clear,21,1
AI,BLR,CCU,16,12,Sunday,1710,Clear,22,1
AI,BOM,DEL,13,4,Tuesday,1195,Cloudy,10,0
6E,HYD,DEL,16,10,Friday,1503,Clear,4,0
SG,CCU,DEL,16,7,Friday,1383,Cloudy,30,1
AI,BOM,DEL,6,12,Thursday,909,Rain,21,1
QP,MAA,BLR,16,8,Saturday,1511,,16,1
6E,HYD,BLR,21,10,Sunday,813,Rain,24,1
AI,MAA,BOM,7,2,Friday,705,Clear,3,0
6E,MAA,DEL,7,4,Saturday,1471,Clear,0,0
SG,DEL,HYD,7,6,Monday,1009,Clear,5,0
AI,DEL,MAA,21,11,Tuesday,1223,Cloudy,5,0
AI,CCU,DEL,21,8,Thursday,1532,Cloudy,17,1
QP,DEL,BOM,8,3,Monday,1369,Rain,33,1
UK,HYD,BOM,22,11,Thursday,1751,Clear,0,0
6E,MAA,BLR,18,8,Monday,1445,Rain,40,1
SG,HYD,BLR,9,6,Wednesday,1690,Clear,5,0
QP,DEL,HYD,19,5,Monday,1719,Cloudy,17,1
6E,DEL,HYD,21,9,Wednesday,1750,Clear,12,0
UK,MAA,CCU,20,11,Wednesday,582,Clear,7,0
AI,CCU,DEL,11,7,Thursday,1517,Clear,8,0
6E,BLR,BOM,5,11,Sunday,1747,Clear,10,0
UK,HYD,BOM,4,9,Thursday,1878,Clear,3,0
AI,CCU,HYD,19,1,Tuesday,729,Clear,18,1
QP,MAA,CCU,17,10,Friday,1718,Storm,57,1
QP,HYD,MAA,17,7,Sunday,1952,Rain,27,1
6E,HYD,DEL,1,7,Tuesday,1442,Storm,33,1
6E,CCU,BLR,23,8,Monday,1141,Clear,1,0
AI,MAA,CCU,2,1,Sunday,1281,Clear,13,0
UK,BLR,CCU,13,11,Tuesday,599,Clear,0,0
AI,MAA,DEL,22,11,Saturday,840,Cloudy,0,0
6E,BOM,BLR,5,12,Wednesday,1270,Storm,47,1
UK,CCU,DEL,12,8,Saturday,1623,Clear,0,0
SG,DEL,BOM,20,3,Friday,1008,Cloudy,11,0
UK,BOM,CCU,6,8,Saturday,1433,Clear,15,1
6E,BLR,BOM,2,4,Saturday,1070,Cloudy,0,0
SG,BOM,MAA,11,7,Thursday,1523,Fog,21,1
SG,HYD,DEL,19,10,Tuesday,1672,Cloudy,22,1
SG,MAA,BLR,13,3,Sunday,985,Cloudy,8,0
UK,CCU,DEL,10,6,Tuesday,1115,Clear,6,0
QP,HYD,BOM,15,6,Wednesday,932,Clear,13,0
6E,HYD,DEL,1,12,Tuesday,1416,Clear,0,0
QP,HYD,BOM,8,7,Wednesday,620,Rain,31,1
6E,DEL,CCU,21,5,Tuesday,774,Cloudy,0,0
6E,MAA,HYD,9,5,Saturday,1694,Clear,0,0
UK,DEL,BOM,23,4,Thursday,1425,Clear,0,0
UK,HYD,BOM,13,2,Sunday,1666,Clear,0,0
SG,CCU,HYD,22,9,Monday,1314,Clear,17,1
6E,MAA,BOM,15,10,Thursday,1560,Clear,0,0
QP,HYD,CCU,10,3,Friday,1215,Rain,24,1
6E,BOM,CCU,22,6,Saturday,1034,Clear,12,0
UK,CCU,BOM,6,10,Saturday,914,Fog,18,1
QP,CCU,MAA,9,9,Friday,445,Clear,3,0
UK,BLR,CCU,17,1,Saturday,882,Clear,11,0
SG,DEL,MAA,20,1,Wednesday,1852,Rain,43,1
QP,HYD,DEL,4,1,Sunday,1480,Clear,0,0
QP,HYD,CCU,23,7,Sunday,931,Fog,32,1
UK,CCU,HYD,10,11,Sunday,622,Cloudy,3,0
UK,CCU,DEL,8,1,Thursday,829,Clear,16,1
AI,BOM,HYD,3,9,Monday,1384,Fog,30,1
UK,BOM,MAA,0,9,Saturday,1855,Clear,4,0
QP,CCU,HYD,13,12,Wednesday,1097,Clear,0,0
UK,BOM,HYD,14,7,Saturday,726,Rain,27,1
6E,BLR,DEL,2,12,Monday,953,Clear,0,0
AI,BOM,BLR,21,6,Monday,633,Cloudy,25,1
6E,BLR,DEL,13,4,Wednesday,969,Clear,0,0
6E,HYD,DEL,1,12,Sunday,1120,Fog,19,1
QP,BOM,CCU,20,7,Monday,792,Clear,20,1
UK,BLR,MAA,4,4,Tuesday,991,Clear,0,0
AI,BLR,DEL,16,8,Thursday,1183,Storm,70,1
AI,DEL,CCU,16,6,Saturday,1769,Cloudy,22,1
QP,MAA,BOM,19,9,Tuesday,1521,Rain,43,1
QP,CCU,HYD,19,9,Saturday,1721,Clear,26,1
SG,BLR,DEL,23,1,Thursday,1330,Cloudy,15,1
AI,BOM,HYD,2,7,Saturday,919,Clear,9,0
AI,HYD,BOM,8,11,Saturday,508,Clear,0,0
AI,HYD,CCU,8,8,Sunday,659,Clear,16,1
SG,HYD,CCU,9,9,Monday,875,Clear,13,0
SG,HYD,BOM,5,12,Friday,1129,Clear,0,0
QP,MAA,CCU,5,5,Thursday,1337,Rain,23,1
AI,DEL,BOM,23,9,Wednesday,1083,Clear,6,0
AI,DEL,BLR,21,1,Saturday,788,Clear,0,0
QP,DEL,CCU,16,2,Friday,1698,Cloudy,34,1
QP,DEL,BOM,13,9,Thursday,1295,Clear,9,0
SG,CCU,DEL,11,3,Friday,567,Clear,6,0
AI,MAA,DEL,16,10,Friday,1226,Clear,11,0
AI,HYD,BLR,20,11,Wednesday,768,Clear,7,0
AI,MAA,BOM,10,11,Wednesday,1452,Rain,25,1
SG,DEL,MAA,12,1,Tuesday,615,Clear,18,1
QP,BOM,BLR,21,4,Wednesday,1180,Clear,0,0
SG,MAA,HYD,21,7,Thursday,562,Clear,25,1
6E,BLR,MAA,5,1,Tuesday,1847,Clear,12,0
SG,HYD,BOM,5,11,Sunday,654,Clear,0,0
AI,MAA,BLR,4,12,Friday,1295,Clear,3,0
QP,DEL,BOM,0,10,Friday,1201,Clear,6,0
QP,MAA,BLR,16,4,Friday,575,Cloudy,25,1
SG,MAA,BOM,10,2,Sunday,1745,Clear,12,0
QP,BLR,CCU,0,10,Saturday,877,Clear,0,0
UK,BLR,BOM,4,9,Thursday,1648,Cloudy,13,0
UK,DEL,HYD,12,12,Wednesday,1019,Clear,0,0
6E,BOM,HYD,20,5,Sunday,770,Clear,12,0
QP,BOM,CCU,15,3,Friday,746,Fog,34,1
SG,CCU,BOM,12,11,Saturday,656,Clear,1,0
AI,DEL,CCU,4,2,Monday,994,Cloudy,0,0
QP,BOM,CCU,6,7,Wednesday,1498,Rain,30,1
AI,DEL,BLR,18,6,Tuesday,1135,Clear,20,1
UK,BOM,BLR,18,7,Thursday,824,Clear,9,0
AI,DEL,BLR,20,5,Thursday,1078,Cloudy,24,1
SG,BOM,BLR,12,1,Sunday,1233,Clear,0,0
UK,MAA,BLR,6,8,Monday,873,Clear,0,0
UK,MAA,DEL,12,3,Sunday,1406,Fog,15,1
SG,BLR,BOM,21,2,Saturday,796,Clear,0,0
SG,MAA,CCU,4,5,Wednesday,1665,Rain,27,1
6E,HYD,CCU,20,4,Tuesday,744,Clear,0,0
QP,CCU,DEL,23,9,Saturday,644,Cloudy,15,1
UK,MAA,HYD,19,5,Monday,1722,Clear,7,0
AI,BOM,HYD,15,7,Sunday,493,Cloudy,19,1
AI,HYD,BOM,9,6,Sunday,550,Clear,20,1
6E,MAA,HYD,20,11,Tuesday,639,Clear,20,1
SG,BOM,CCU,3,2,Thursday,724,Rain,32,1
UK,HYD,MAA,18,1,Thursday,1245,Rain,19,1
6E,BLR,MAA,9,11,Saturday,1646,Clear,9,0
UK,BOM,MAA,12,4,Saturday,631,Clear,0,0
QP,BOM,HYD,11,9,Sunday,1209,Rain,51,1
UK,DEL,BLR,0,8,Monday,913,Clear,1,0
AI,MAA,BLR,23,10,Saturday,1634,Rain,22,1
AI,MAA,BLR,16,8,Saturday,652,Clear,4,0
UK,HYD,BLR,14,3,Saturday,1067,Clear,0,0
UK,BOM,BLR,2,7,Tuesday,705,Clear,0,0
QP,DEL,BOM,18,4,Saturday,603,Clear,12,0
UK,HYD,BLR,23,5,Thursday,1739,Cloudy,0,0
SG,BOM,DEL,19,7,Tuesday,1050,Clear,19,1
UK,HYD,BLR,5,1,Wednesday,1671,Fog,10,0
6E,CCU,MAA,4,1,Wednesday,1773,Clear,0,0
SG,DEL,BOM,8,9,Saturday,1293,Cloudy,29,1
SG,HYD,DEL,0,2,Tuesday,1239,Cloudy,18,1
SG,CCU,DEL,13,11,Tuesday,1578,Clear,8,0
AI,BLR,MAA,10,8,Wednesday,1552,Rain,28,1
SG,MAA,CCU,12,10,Thursday,906,Clear,2,0
6E,MAA,BLR,23,6,Sunday,1773,Cloudy,0,0
SG,BLR,DEL,15,9,Tuesday,1513,Clear,22,1
SG,BOM,HYD,10,3,Sunday,487,Clear,11,0
SG,MAA,BOM,18,8,Monday,1324,Clear,24,1
QP,HYD,BOM,8,4,Thursday,527,Clear,0,0
UK,BLR,CCU,18,10,Saturday,705,Fog,35,1
AI,BOM,MAA,22,5,Wednesday,1470,Rain,43,1
SG,MAA,CCU,21,10,Tuesday,1331,Rain,6,0
SG,BOM,HYD,12,11,Friday,680,Cloudy,18,1
AI,DEL,HYD,11,1,Tuesday,1168,Cloudy,13,0
AI,DEL,CCU,9,1,Monday,445,Rain,28,1
6E,BLR,HYD,12,5,Monday,1068,Clear,0,0
QP,DEL,HYD,22,7,Thursday,661,Fog,43,1
UK,BLR,DEL,20,11,Thursday,1770,Clear,3,0
QP,BOM,CCU,14,6,Monday,1646,Cloudy,15,1
QP,BLR,MAA,6,11,Tuesday,955,Clear,0,0
UK,MAA,BLR,9,9,Saturday,1155,Clear,0,0
SG,BLR,BOM,5,9,Thursday,1658,Clear,14,0
6E,HYD,CCU,4,11,Friday,1623,Fog,28,1
AI,DEL,CCU,0,4,Saturday,1690,Cloudy,6,0
6E,DEL,BLR,18,9,Sunday,1278,Clear,20,1
UK,CCU,BOM,17,10,Monday,1082,Fog,40,1
AI,HYD,MAA,4,12,Thursday,1408,Fog,38,1
6E,DEL,HYD,16,3,Tuesday,1530,Cloudy,31,1
AI,HYD,CCU,3,10,Friday,620,Clear,11,0
SG,DEL,HYD,6,3,Wednesday,549,Clear,7,0
QP,DEL,HYD,6,12,Tuesday,1242,Rain,31,1
QP,BLR,DEL,3,7,Sunday,1110,Clear,10,0
6E,HYD,BLR,17,11,Thursday,688,Clear,0,0
UK,HYD,BLR,1,7,Monday,556,Clear,0,0
QP,MAA,BOM,9,1,Tuesday,1214,Cloudy,5,0
UK,BOM,MAA,11,5,Saturday,783,Clear,0,0
6E,BOM,BLR,13,8,Thursday,412,Fog,38,1
6E,HYD,BOM,4,8,Sunday,1109,Rain,22,1
SG,CCU,BLR,11,7,Monday,1872,Storm,53,1
UK,MAA,CCU,19,9,Monday,691,Clear,1,0
QP,MAA,BLR,8,7,Friday,1109,Clear,8,0
QP,DEL,BOM,22,3,Wednesday,1810,Cloudy,8,0
AI,CCU,DEL,10,1,Sunday,479,Storm,55,1
SG,CCU,HYD,18,4,Saturday,1697,Clear,19,1
6E,HYD,CCU,2,2,Monday,1611,Clear,0,0
UK,BLR,HYD,20,9,Sunday,505,Cloudy,15,1
6E,HYD,MAA,11,12,Sunday,1122,Cloudy,0,0
6E,HYD,BLR,23,12,Tuesday,395,Clear,0,0
6E,CCU,MAA,16,7,Friday,977,Clear,15,1
AI,DEL,HYD,17,11,Friday,1655,Clear,11,0
SG,HYD,MAA,3,8,Monday,1704,Clear,0,0
AI,MAA,HYD,13,2,Saturday,372,Clear,0,0
6E,BLR,DEL,17,8,Sunday,1575,Cloudy,28,1
AI,CCU,HYD,19,7,Wednesday,1873,Clear,18,1
AI,DEL,CCU,9,7,Sunday,1466,Clear,14,0
6E,DEL,HYD,13,10,Friday,1330,Clear,0,0
QP,MAA,HYD,4,12,Saturday,1446,Clear,0,0
QP,DEL,HYD,10,3,Thursday,1119,Cloudy,11,0
6E,BLR,HYD,11,1,Friday,693,Cloudy,0,0
UK,BOM,BLR,0,8,Sunday,378,Cloudy,11,0
QP,MAA,CCU,21,2,Friday,422,Clear,1,0
6E,DEL,MAA,15,6,Thursday,971,Clear,0,0
QP,BLR,MAA,4,12,Tuesday,1574,Cloudy,0,0
AI,CCU,DEL,21,8,Thursday,1711,Clear,8,0
6E,BLR,BOM,16,12,Sunday,595,Clear,3,0
6E,HYD,DEL,16,1,Friday,899,Rain,30,1
AI,CCU,HYD,22,9,Saturday,440,Clear,14,0
QP,HYD,CCU,9,4,Tuesday,1508,Clear,0,0
QP,MAA,BOM,8,1,Saturday,749,Clear,0,0
6E,CCU,DEL,14,4,Thursday,1242,Clear,0,0
QP,HYD,BOM,21,12,Thursday,478,Rain,11,0
SG,MAA,HYD,19,6,Monday,1595,Rain,47,1
QP,HYD,BLR,18,12,Sunday,1696,Clear,28,1
QP,MAA,BOM,18,2,Friday,1583,Clear,4,0
UK,HYD,CCU,0,8,Wednesday,642,Clear,0,0
AI,BLR,HYD,11,6,Thursday,1021,Cloudy,15,1
QP,HYD,MAA,8,4,Sunday,1684,Cloudy,17,1
SG,BLR,MAA,8,7,Saturday,1752,Clear,31,1
QP,BLR,CCU,20,8,Wednesday,776,Fog,41,1
QP,BOM,MAA,9,1,Saturday,1560,Rain,22,1
AI,BLR,CCU,20,8,Monday,1045,Cloudy,20,1
UK,BLR,MAA,21,4,Thursday,1701,Fog,16,1
AI,HYD,BOM,10,10,Thursday,906,Clear,0,0
AI,BLR,MAA,4,3,Friday,731,Clear,3,0
QP,BLR,BOM,16,4,Monday,1068,Clear,9,0
QP,DEL,MAA,20,12,Wednesday,1650,Clear,5,0
QP,BLR,MAA,9,3,Tuesday,1583,Clear,0,0
QP,BLR,HYD,4,2,Wednesday,1362,Fog,24,1
SG,CCU,BLR,12,7,Friday,1641,Rain,32,1
UK,BLR,BOM,23,8,Monday,1463,Clear,0,0
QP,DEL,BOM,12,7,Saturday,1243,Cloudy,22,1
UK,BOM,CCU,10,5,Monday,1814,Clear,5,0
SG,MAA,BOM,10,2,Thursday,932,Clear,3,0
6E,DEL,MAA,17,4,Saturday,448,Clear,17,1
SG,DEL,BOM,8,1,Sunday,1779,Cloudy,33,1
QP,BLR,DEL,17,11,Sunday,1360,Cloudy,31,1
SG,BLR,DEL,23,4,Thursday,1489,Cloudy,21,1
UK,BLR,BOM,18,8,Thursday,977,Fog,36,1
AI,DEL,CCU,22,4,Sunday,1151,Clear,16,1
AI,MAA,BLR,18,8,Monday,1284,Clear,15,1
SG,BOM,MAA,20,2,Sunday,1400,Clear,32,1
SG,MAA,CCU,0,2,Monday,845,Fog,27,1
SG,HYD,DEL,8,4,Monday,800,Clear,4,0
QP,BOM,DEL,6,4,Monday,873,Clear,0,0
UK,BLR,CCU,20,4,Tuesday,1047,Storm,37,1
QP,DEL,HYD,5,4,Sunday,1270,Clear,8,0
SG,MAA,HYD,23,9,Tuesday,928,Clear,14,0
6E,BOM,BLR,16,6,Thursday,807,Clear,9,0
QP,BLR,MAA,2,2,Saturday,952,Clear,6,0
AI,DEL,HYD,16,12,Sunday,997,Cloudy,37,1
UK,BLR,BOM,8,8,Thursday,1592,Fog,35,1
QP,BLR,HYD,7,5,Wednesday,415,Clear,2,0
SG,BOM,DEL,23,7,Thursday,1262,Cloudy,16,1
QP,CCU,BOM,19,4,Friday,823,Clear,4,0
AI,BOM,MAA,18,5,Wednesday,1241,Rain,34,1
UK,BOM,MAA,7,1,Friday,1255,Clear,6,0
SG,HYD,MAA,15,10,Saturday,1245,Clear,9,0
SG,BOM,DEL,8,5,Monday,1075,Clear,3,0
QP,BLR,CCU,14,9,Saturday,1058,Rain,16,1
UK,MAA,HYD,9,1,Friday,481,Clear,0,0
SG,DEL,BLR,14,2,Monday,1884,Clear,0,0
UK,HYD,BOM,17,5,Saturday,926,Clear,0,0
QP,DEL,BLR,7,1,Thursday,649,Storm,47,1
AI,DEL,HYD,0,12,Monday,832,Clear,0,0
6E,DEL,HYD,2,1,Monday,828,Fog,26,1
AI,DEL,BLR,21,7,Monday,873,Clear,21,1
SG,BLR,DEL,23,5,Wednesday,1383,Clear,9,0
6E,CCU,HYD,16,3,Thursday,681,Clear,10,0
6E,CCU,MAA,2,2,Tuesday,1010,Clear,0,0
QP,DEL,BOM,14,4,Sunday,410,Clear,12,0
6E,CCU,HYD,10,1,Monday,672,Clear,4,0
AI,HYD,BOM,5,7,Sunday,1365,Clear,5,0
AI,HYD,BLR,9,3,Tuesday,809,Clear,8,0
6E,MAA,DEL,18,1,Monday,1562,Cloudy,1,0
QP,BLR,BOM,23,2,Thursday,1172,Clear,2,0
UK,BOM,BLR,20,11,Saturday,745,Clear,9,0
QP,HYD,CCU,4,3,Friday,990,Rain,20,1
6E,MAA,BLR,12,7,Saturday,812,Cloudy,5,0
6E,MAA,CCU,12,5,Thursday,1220,Cloudy,11,0
AI,BOM,BLR,7,6,Sunday,1701,Clear,23,1
6E,CCU,BOM,10,11,Saturday,819,Rain,33,1
UK,BOM,BLR,9,9,Monday,1806,Clear,11,0
QP,MAA,DEL,1,7,Thursday,1461,Clear,10,0
6E,BOM,HYD,9,3,Sunday,1271,Clear,10,0
SG,DEL,HYD,8,11,Saturday,833,Rain,33,1
SG,CCU,BLR,7,1,Saturday,916,Clear,9,0
6E,HYD,MAA,14,7,Saturday,1449,Clear,0,0
QP,BOM,CCU,17,8,Friday,1758,Clear,34,1
UK,DEL,MAA,1,12,Wednesday,1214,Clear,0,0
AI,DEL,BLR,8,2,Monday,524,Clear,7,0
QP,BOM,CCU,0,4,Wednesday,1280,Clear,0,0
QP,CCU,BLR,19,1,Tuesday,739,Rain,50,1
AI,BOM,MAA,22,3,Saturday,1499,Clear,0,0
QP,DEL,CCU,11,12,Wednesday,1228,Cloudy,8,0
QP,CCU,BOM,22,1,Wednesday,740,Clear,0,0
QP,CCU,BLR,15,10,Sunday,661,Clear,14,0
6E,BOM,MAA,20,12,Tuesday,1868,Clear,5,0
SG,HYD,BLR,22,2,Saturday,1872,Clear,11,0
UK,HYD,MAA,14,5,Wednesday,1072,Clear,0,0
SG,HYD,MAA,10,11,Sunday,1300,Clear,2,0
SG,BOM,DEL,17,9,Sunday,889,Clear,36,1
SG,MAA,BLR,4,1,Wednesday,1624,Rain,11,0
UK,CCU,BOM,7,11,Saturday,1647,Rain,17,1
SG,MAA,BOM,13,10,Sunday,939,Clear,0,0
UK,CCU,HYD,4,4,Friday,743,Clear,10,0
AI,DEL,BOM,11,5,Sunday,734,Clear,21,1
AI,HYD,CCU,20,4,Friday,1656,Cloudy,30,1
QP,CCU,DEL,18,7,Monday,1813,Clear,37,1
QP,HYD,DEL,21,10,Friday,1193,Clear,0,0
UK,CCU,MAA,20,9,Tuesday,899,Cloudy,23,1
AI,BLR,BOM,7,12,Friday,827,,2,0
SG,CCU,MAA,17,2,Saturday,1552,Clear,24,1
AI,CCU,MAA,8,12,Tuesday,574,Cloudy,16,1
6E,HYD,BOM,23,11,Friday,763,Clear,0,0
6E,MAA,HYD,4,5,Thursday,1305,Clear,0,0
AI,HYD,BLR,6,2,Tuesday,667,Cloudy,3,0
QP,BOM,DEL,22,3,Saturday,936,Cloudy,7,0
UK,HYD,MAA,5,12,Saturday,1280,Clear,0,0
6E,CCU,DEL,14,1,Monday,801,Clear,0,0
UK,DEL,CCU,6,2,Wednesday,888,Clear,0,0
AI,BOM,DEL,6,1,Monday,1402,Rain,3,0
UK,BLR,BOM,16,3,Friday,1881,Clear,12,0
UK,BLR,MAA,19,10,Sunday,764,Rain,33,1
6E,HYD,BOM,5,1,Sunday,894,Rain,22,1
QP,BLR,HYD,23,12,Wednesday,828,Clear,0,0
6E,HYD,BLR,2,5,Tuesday,817,Rain,6,0
AI,DEL,BOM,2,7,Wednesday,1779,Clear,3,0
UK,BOM,HYD,23,8,Monday,1447,Clear,5,0
QP,MAA,BOM,1,10,Wednesday,1511,Clear,0,0
6E,BLR,DEL,7,8,Friday,896,Cloudy,0,0
AI,MAA,HYD,2,1,Monday,571,Storm,47,1
QP,HYD,BOM,5,10,Saturday,835,Clear,0,0
UK,BOM,CCU,1,2,Saturday,1673,Clear,0,0
AI,BLR,MAA,8,7,Wednesday,839,Clear,0,0
SG,CCU,HYD,7,11,Saturday,577,Clear,3,0
6E,CCU,HYD,3,7,Thursday,1276,Cloudy,7,0
QP,DEL,MAA,17,6,Sunday,971,Cloudy,46,1
6E,MAA,DEL,0,4,Thursday,578,Rain,10,0
UK,BLR,BOM,11,10,Friday,885,Clear,0,0
UK,DEL,BLR,7,8,Saturday,1521,Clear,0,0
6E,HYD,BLR,15,10,Tuesday,898,Clear,0,0
UK,DEL,MAA,8,11,Friday,1797,Cloudy,22,1
AI,BOM,CCU,11,8,Saturday,1062,Rain,31,1
SG,MAA,BLR,19,5,Tuesday,633,Clear,9,0
SG,MAA,CCU,3,8,Saturday,1585,Clear,7,0
QP,BLR,DEL,10,5,Tuesday,916,Clear,24,1
6E,MAA,BLR,13,3,Friday,968,Fog,28,1
6E,CCU,DEL,17,5,Wednesday,999,Cloudy,12,0
UK,BLR,MAA,12,6,Friday,1141,Rain,30,1
SG,BOM,DEL,17,3,Tuesday,1366,Clear,10,0
QP,HYD,MAA,19,4,Saturday,1254,Clear,0,0
AI,DEL,CCU,18,7,Monday,1479,Clear,20,1
6E,CCU,BLR,14,2,Wednesday,752,Clear,0,0
6E,BLR,CCU,22,2,Saturday,1728,Clear,2,0
6E,MAA,BLR,0,10,Monday,1266,Clear,0,0
UK,MAA,DEL,11,11,Saturday,1901,Clear,0,0
QP,BLR,BOM,19,4,Wednesday,716,Clear,4,0
AI,CCU,HYD,2,2,Tuesday,953,Clear,3,0
QP,MAA,DEL,19,6,Saturday,1579,Cloudy,37,1
SG,CCU,DEL,0,3,Saturday,907,Rain,23,1
SG,DEL,MAA,18,11,Sunday,1181,Clear,20,1
SG,BLR,MAA,4,1,Thursday,871,Fog,20,1
AI,CCU,DEL,16,7,Tuesday,1371,Storm,62,1
SG,MAA,CCU,19,5,Friday,1440,,9,0
6E,BLR,HYD,19,6,Friday,1051,Rain,50,1
UK,DEL,HYD,13,10,Sunday,797,Clear,0,0
SG,BOM,DEL,21,4,Saturday,1655,Clear,0,0
SG,HYD,MAA,3,11,Wednesday,1644,Clear,0,0
6E,HYD,BLR,5,12,Thursday,1076,Clear,0,0
6E,CCU,BLR,3,6,Friday,1221,Clear,4,0
UK,DEL,MAA,17,5,Saturday,1462,Fog,45,1
AI,BLR,BOM,21,3,Wednesday,359,Storm,37,1
SG,BOM,DEL,22,10,Tuesday,1503,Clear,0,0
AI,CCU,BLR,12,9,Sunday,1698,Cloudy,19,1
UK,DEL,MAA,3,6,Sunday,1586,Fog,33,1
SG,BOM,DEL,4,9,Wednesday,1145,Cloudy,27,1
AI,BOM,CCU,15,5,Monday,1046,Clear,9,0
QP,DEL,MAA,21,9,Friday,1721,Fog,38,1
6E,HYD,CCU,23,10,Monday,1557,Cloudy,0,0
AI,HYD,BLR,17,6,Tuesday,1393,Clear,21,1
SG,HYD,DEL,21,8,Thursday,1095,Clear,0,0
UK,CCU,BOM,11,7,Wednesday,1173,Rain,19,1
SG,BLR,HYD,4,1,Monday,982,Clear,6,0
SG,BOM,HYD,11,1,Wednesday,466,Rain,41,1
UK,BLR,MAA,2,4,Friday,1655,Rain,33,1
QP,MAA,BOM,16,4,Saturday,1302,Clear,10,0
6E,HYD,MAA,7,3,Saturday,1279,Clear,0,0
UK,BOM,HYD,8,12,Wednesday,1209,Clear,0,0
AI,MAA,DEL,0,8,Friday,1443,Clear,7,0
SG,MAA,HYD,23,1,Wednesday,1631,Cloudy,5,0
6E,BOM,MAA,10,11,Friday,1483,Storm,51,1
SG,HYD,CCU,18,4,Monday,1734,Cloudy,21,1
QP,HYD,CCU,12,12,Wednesday,1404,Clear,0,0
QP,BOM,DEL,15,3,Wednesday,1821,Rain,28,1
QP,DEL,BLR,11,2,Friday,466,Fog,25,1
AI,MAA,HYD,16,2,Tuesday,1449,Fog,41,1
AI,HYD,BOM,4,5,Wednesday,700,Clear,10,0
QP,MAA,BLR,23,12,Thursday,1107,Clear,0,0
6E,BLR,DEL,10,7,Friday,566,Cloudy,17,1
AI,HYD,BOM,0,2,Wednesday,953,Clear,0,0
6E,CCU,DEL,22,4,Sunday,939,Clear,0,0
QP,BOM,CCU,0,6,Sunday,1105,Rain,34,1
6E,HYD,CCU,11,7,Friday,1581,Fog,24,1
AI,DEL,BLR,18,11,Thursday,954,Clear,23,1
SG,DEL,BLR,8,1,Thursday,702,Rain,39,1
AI,CCU,BLR,5,1,Monday,704,Clear,14,0
6E,DEL,BLR,5,9,Wednesday,1345,Cloudy,18,1
AI,HYD,BOM,16,2,Saturday,779,Clear,14,0
SG,HYD,BOM,13,9,Friday,1051,Clear,0,0
UK,MAA,CCU,12,5,Monday,1405,Rain,17,1
QP,HYD,CCU,12,5,Monday,1668,Cloudy,7,0
6E,MAA,CCU,7,2,Saturday,644,Rain,6,0
6E,CCU,MAA,22,10,Saturday,1615,Clear,10,0
AI,MAA,DEL,5,3,Wednesday,1051,Clear,4,0
6E,MAA,HYD,20,1,Sunday,1043,Clear,9,0
UK,DEL,HYD,18,8,Monday,595,Cloudy,26,1
AI,BOM,DEL,0,2,Saturday,659,Cloudy,13,0
UK,BLR,DEL,4,3,Sunday,1227,Clear,0,0
QP,HYD,BLR,13,3,Thursday,1472,Clear,0,0
SG,MAA,DEL,3,8,Thursday,930,Clear,16,1
SG,MAA,BOM,20,10,Tuesday,895,Clear,1,0
QP,DEL,BLR,10,11,Saturday,1135,Clear,8,0
SG,BOM,DEL,20,12,Saturday,1171,Fog,59,1
SG,DEL,HYD,2,3,Wednesday,1507,Clear,8,0
QP,HYD,BLR,0,3,Tuesday,581,Clear,0,0
AI,HYD,BOM,15,3,Thursday,1100,Rain,18,1
QP,DEL,MAA,19,3,Thursday,1390,Storm,50,1
6E,CCU,BLR,23,1,Wednesday,1011,Cloudy,9,0
SG,BOM,BLR,18,8,Saturday,838,Clear,37,1
QP,HYD,BLR,17,1,Wednesday,1246,Clear,2,0
UK,MAA,CCU,1,1,Monday,1029,Clear,0,0
AI,DEL,HYD,14,5,Saturday,1845,Clear,7,0
6E,CCU,MAA,17,10,Saturday,761,Cloudy,11,0
UK,CCU,MAA,9,6,Monday,1069,Rain,35,1
QP,CCU,DEL,23,5,Friday,1011,Clear,0,0
QP,DEL,HYD,23,3,Thursday,1003,Cloudy,0,0
UK,BLR,MAA,20,9,Friday,1417,Cloudy,18,1
QP,BOM,BLR,21,4,Tuesday,1564,Clear,0,0
UK,BLR,CCU,13,12,Tuesday,962,Clear,0,0
UK,CCU,HYD,19,2,Thursday,1396,Storm,43,1
QP,MAA,HYD,1,10,Monday,1583,Clear,0,0
SG,MAA,BOM,5,9,Tuesday,1684,Clear,5,0
UK,BLR,BOM,15,5,Monday,1428,Clear,0,0
UK,CCU,BOM,2,5,Wednesday,837,Cloudy,0,0
SG,CCU,DEL,19,12,Sunday,1588,Fog,42,1
SG,MAA,DEL,4,9,Thursday,1940,Clear,0,0
UK,MAA,CCU,8,1,Saturday,1792,Clear,0,0
AI,HYD,DEL,6,7,Saturday,1303,Fog,28,1
AI,DEL,HYD,12,9,Monday,620,Cloudy,4,0
AI,BOM,HYD,1,5,Sunday,1258,Fog,26,1
UK,MAA,DEL,19,9,Tuesday,744,Cloudy,12,0
SG,BOM,CCU,21,8,Tuesday,1551,Rain,32,1
QP,BOM,HYD,17,4,Friday,461,Clear,15,1
6E,CCU,DEL,4,1,Thursday,543,Clear,5,0
SG,BLR,DEL,6,1,Tuesday,1382,Cloudy,11,0
SG,CCU,MAA,5,9,Wednesday,947,Clear,0,0
AI,BOM,HYD,14,10,Wednesday,468,Clear,0,0
6E,BLR,DEL,21,5,Friday,681,Clear,0,0
6E,BLR,CCU,21,6,Saturday,933,Clear,0,0
QP,BLR,DEL,22,7,Wednesday,1089,Cloudy,2,0
QP,BLR,DEL,16,11,Wednesday,1377,Clear,16,1
QP,BOM,HYD,5,7,Monday,1221,Rain,26,1
UK,MAA,BLR,9,7,Sunday,1035,Clear,0,0
UK,BOM,MAA,7,7,Friday,1668,Cloudy,5,0
6E,BLR,MAA,1,2,Tuesday,1580,,6,0
SG,CCU,HYD,19,9,Monday,1215,Clear,15,1
AI,BLR,BOM,13,11,Sunday,1961,Clear,2,0
6E,DEL,BLR,23,2,Monday,1468,Clear,0,0
AI,DEL,BOM,20,1,Tuesday,657,Rain,43,1
UK,BLR,HYD,15,6,Sunday,994,Clear,0,0
6E,HYD,DEL,1,10,Wednesday,466,Rain,4,0
AI,CCU,DEL,10,1,Sunday,1549,Clear,17,1
6E,DEL,HYD,11,9,Thursday,1264,Clear,23,1
QP,HYD,BOM,16,3,Thursday,585,Cloudy,7,0
UK,BOM,MAA,13,3,Sunday,757,Clear,0,0
QP,BLR,CCU,18,3,Monday,575,Clear,26,1
QP,BLR,DEL,0,7,Wednesday,649,Clear,0,0
QP,BOM,MAA,2,8,Wednesday,944,Clear,4,0
6E,DEL,BLR,22,6,Saturday,1415,Clear,7,0
QP,DEL,CCU,10,8,Wednesday,1813,Storm,61,1
QP,HYD,MAA,19,10,Sunday,917,Clear,11,0
QP,BOM,MAA,20,10,Saturday,1253,Rain,42,1
6E,BOM,BLR,2,9,Sunday,1224,Fog,27,1
6E,DEL,MAA,16,7,Saturday,1548,Clear,17,1
UK,DEL,HYD,4,3,Saturday,1266,Rain,24,1
QP,DEL,MAA,3,9,Wednesday,674,Storm,33,1
QP,BLR,DEL,5,9,Saturday,1094,Clear,0,0
UK,DEL,CCU,18,11,Wednesday,905,Clear,12,0
AI,BOM,DEL,2,9,Wednesday,1389,Rain,33,1
UK,BOM,MAA,16,2,Tuesday,1759,Cloudy,9,0
SG,BOM,HYD,9,7,Sunday,969,Rain,47,1
UK,DEL,BLR,6,9,Saturday,1218,Clear,4,0
6E,DEL,CCU,5,12,Monday,608,Clear,0,0
6E,CCU,BOM,8,4,Wednesday,482,Cloudy,6,0
AI,MAA,DEL,8,11,Friday,663,Clear,0,0
6E,DEL,CCU,7,4,Friday,1558,Cloudy,18,1
SG,BOM,DEL,12,5,Wednesday,897,Clear,0,0
6E,BLR,MAA,23,12,Friday,695,Clear,0,0
QP,CCU,MAA,10,2,Tuesday,732,Rain,31,1
AI,CCU,HYD,4,3,Tuesday,1218,Cloudy,23,1
UK,MAA,CCU,14,11,Monday,1038,Cloudy,0,0
UK,DEL,MAA,19,11,Sunday,825,Storm,74,1
QP,BLR,HYD,14,2,Friday,1155,Clear,0,0
QP,BLR,BOM,12,10,Saturday,1535,Cloudy,8,0
UK,HYD,BLR,16,8,Thursday,1216,Clear,1,0
SG,CCU,HYD,21,11,Friday,1775,Cloudy,28,1
SG,BOM,MAA,1,6,Wednesday,945,Rain,34,1
UK,HYD,CCU,23,8,Monday,696,Fog,13,0
AI,BOM,HYD,21,3,Saturday,1286,Clear,12,0
UK,BOM,HYD,23,8,Tuesday,1460,Rain,19,1
6E,BOM,HYD,11,6,Sunday,1480,Clear,0,0
UK,MAA,BOM,20,5,Monday,1773,Cloudy,6,0
SG,BLR,MAA,1,4,Sunday,536,Rain,34,1
6E,MAA,DEL,9,5,Thursday,1445,Cloudy,3,0
6E,MAA,BLR,21,3,Tuesday,478,Cloudy,0,0
QP,BLR,CCU,6,11,Tuesday,1599,Rain,19,1
6E,CCU,DEL,18,5,Friday,855,Clear,0,0
AI,DEL,CCU,7,5,Saturday,1491,Cloudy,33,1
SG,CCU,MAA,14,12,Thursday,887,Cloudy,10,0
SG,DEL,MAA,15,6,Thursday,483,Clear,20,1
QP,BLR,BOM,21,9,Sunday,1592,Storm,62,1
SG,MAA,CCU,8,12,Thursday,911,Clear,0,0
QP,MAA,BOM,18,11,Wednesday,625,Clear,0,0
UK,BOM,HYD,10,5,Sunday,891,Rain,36,1
6E,CCU,DEL,9,7,Saturday,729,Clear,1,0
QP,DEL,CCU,1,10,Friday,652,Cloudy,8,0
6E,MAA,BLR,1,7,Monday,839,Fog,21,1
6E,HYD,DEL,18,4,Wednesday,1064,Rain,2,0
QP,BOM,HYD,2,7,Sunday,912,Cloudy,16,1
QP,CCU,BOM,2,1,Sunday,655,Fog,29,1
6E,MAA,BLR,4,11,Friday,1629,Clear,4,0
SG,DEL,HYD,8,8,Thursday,1216,Clear,17,1
QP,DEL,CCU,3,4,Sunday,862,Cloudy,7,0
SG,DEL,BOM,14,6,Friday,1023,Cloudy,29,1
AI,BLR,DEL,19,1,Monday,1879,Rain,42,1
SG,BLR,DEL,12,10,Wednesday,511,Clear,0,0
AI,MAA,CCU,15,7,Wednesday,1875,Clear,0,0
QP,MAA,BOM,21,1,Friday,710,Clear,14,0
AI,DEL,HYD,21,6,Tuesday,897,Clear,22,1
QP,BLR,DEL,15,1,Saturday,1285,Rain,13,0
AI,MAA,BLR,1,5,Tuesday,714,Clear,0,0
UK,CCU,MAA,18,11,Friday,1934,Clear,9,0
6E,BOM,HYD,18,8,Wednesday,1365,Clear,11,0
QP,DEL,BLR,7,6,Tuesday,1393,Clear,4,0
6E,DEL,BOM,3,7,Friday,1069,Clear,8,0
SG,BLR,CCU,3,7,Sunday,1722,Rain,25,1
AI,BLR,DEL,6,2,Saturday,809,Storm,59,1
UK,BLR,BOM,17,3,Thursday,1832,Cloudy,0,0
QP,DEL,BLR,22,10,Sunday,1776,Clear,0,0
QP,BLR,MAA,3,12,Saturday,1266,Clear,3,0
6E,BOM,MAA,9,2,Sunday,1376,Clear,4,0
6E,BLR,HYD,20,11,Monday,1356,Cloudy,16,1
UK,DEL,BLR,2,1,Saturday,1780,Clear,0,0
UK,MAA,BLR,22,7,Thursday,1239,Clear,0,0
UK,BLR,DEL,0,10,Friday,1634,Rain,15,1
AI,BOM,CCU,6,3,Sunday,716,Cloudy,16,1
SG,CCU,BOM,0,12,Thursday,1193,Clear,12,0
6E,MAA,DEL,18,12,Friday,685,Cloudy,8,0
6E,DEL,MAA,10,6,Sunday,422,Clear,17,1
QP,DEL,BLR,10,11,Monday,934,Clear,3,0
SG,DEL,HYD,13,1,Saturday,1874,Rain,27,1
6E,HYD,BOM,7,7,Friday,1036,Clear,0,0
QP,BLR,HYD,18,4,Tuesday,1629,Clear,7,0
6E,BLR,DEL,10,8,Monday,690,Cloudy,3,0
UK,HYD,MAA,19,4,Friday,1494,Clear,0,0
6E,HYD,MAA,15,6,Wednesday,684,Cloudy,0,0
AI,DEL,BOM,16,9,Wednesday,1076,Fog,36,1
UK,DEL,BOM,23,3,Tuesday,1417,Clear,0,0
UK,MAA,DEL,12,11,Thursday,1737,Clear,0,0
QP,CCU,BOM,7,9,Tuesday,1058,Clear,7,0
6E,CCU,BOM,17,4,Monday,1202,Clear,0,0
QP,CCU,BLR,16,9,Monday,1322,Rain,40,1
SG,BLR,CCU,11,4,Tuesday,1174,Clear,5,0
AI,MAA,BLR,8,7,Friday,1039,Clear,11,0
SG,CCU,BOM,22,8,Thursday,1754,Cloudy,20,1
UK,CCU,HYD,6,10,Saturday,1051,Rain,14,0
6E,DEL,BLR,1,5,Friday,1422,Fog,28,1
UK,DEL,HYD,15,6,Wednesday,1115,Clear,0,0
6E,BLR,HYD,1,6,Sunday,1301,Cloudy,12,0
SG,HYD,BOM,18,11,Friday,1267,Clear,8,0
UK,CCU,BLR,20,11,Friday,682,Rain,12,0
UK,BOM,BLR,17,3,Thursday,818,Fog,29,1
6E,MAA,BLR,5,2,Wednesday,1322,Cloudy,0,0
6E,CCU,BLR,22,12,Sunday,1939,Cloudy,8,0
UK,CCU,DEL,2,3,Wednesday,1503,Cloudy,0,0
UK,BOM,BLR,2,3,Saturday,1336,Cloudy,0,0
6E,BOM,MAA,7,2,Monday,1808,Clear,0,0
UK,BOM,MAA,12,2,Sunday,1405,Cloudy,11,0
6E,MAA,HYD,17,1,Saturday,1531,Storm,46,1
UK,MAA,BOM,6,8,Saturday,865,Cloudy,0,0
AI,BLR,BOM,21,7,Wednesday,1652,Clear,3,0
UK,DEL,CCU,19,2,Friday,1584,Clear,17,1
SG,HYD,BOM,5,8,Saturday,1815,Cloudy,3,0
QP,MAA,HYD,1,3,Monday,918,Clear,0,0
SG,BLR,MAA,16,7,Friday,1406,Clear,22,1
SG,BOM,HYD,4,9,Sunday,1647,Clear,25,1
AI,HYD,DEL,6,6,Saturday,1318,Clear,5,0
6E,HYD,BLR,18,4,Saturday,890,Clear,7,0
SG,HYD,BOM,4,11,Sunday,686,Clear,9,0
QP,CCU,DEL,8,10,Tuesday,1540,Fog,41,1
UK,BOM,BLR,22,11,Friday,652,Clear,2,0
QP,HYD,BLR,16,2,Tuesday,1889,Clear,0,0
6E,CCU,MAA,14,4,Sunday,1428,Clear,4,0
AI,BOM,BLR,23,5,Thursday,680,Cloudy,0,0
AI,BOM,BLR,18,3,Saturday,728,Fog,35,1
UK,DEL,CCU,11,5,Tuesday,620,Cloudy,0,0
SG,BLR,HYD,15,3,Wednesday,1348,Rain,33,1
6E,DEL,HYD,12,6,Sunday,1550,Clear,8,0
SG,MAA,DEL,8,9,Sunday,1376,Clear,11,0
SG,DEL,BLR,23,5,Tuesday,1206,Rain,33,1
6E,MAA,BLR,14,9,Wednesday,1348,Clear,0,0
6E,HYD,BOM,17,5,Tuesday,655,Clear,5,0
SG,CCU,HYD,9,6,Friday,1615,Clear,22,1
SG,BLR,BOM,4,4,Monday,1164,Fog,23,1
AI,BLR,HYD,2,2,Monday,1548,Clear,8,0
6E,BOM,MAA,19,1,Thursday,1781,Fog,27,1
UK,HYD,MAA,12,3,Sunday,1757,Cloudy,0,0
UK,BOM,HYD,12,8,Saturday,1814,Clear,5,0
AI,DEL,BOM,2,2,Friday,1592,Clear,30,1
QP,CCU,DEL,18,6,Friday,804,Clear,8,0
6E,MAA,BLR,6,2,Tuesday,697,Clear,0,0
6E,DEL,HYD,14,5,Tuesday,1428,Clear,0,0
AI,HYD,DEL,8,4,Friday,785,Clear,4,0
QP,BOM,CCU,5,3,Sunday,1117,Cloudy,6,0
6E,BOM,CCU,3,7,Monday,1241,Clear,4,0
QP,BLR,HYD,19,11,Wednesday,926,Fog,48,1
UK,MAA,HYD,2,8,Tuesday,333,Clear,0,0
QP,DEL,BLR,0,3,Monday,712,Storm,40,1
AI,BLR,HYD,7,11,Wednesday,1485,Cloudy,11,0
AI,CCU,BOM,21,12,Tuesday,679,Rain,22,1
QP,BLR,DEL,16,10,Tuesday,1545,Cloudy,8,0
QP,DEL,BLR,19,3,Thursday,280,Clear,12,0
UK,BLR,DEL,4,3,Saturday,1376,Rain,15,1
AI,MAA,BLR,23,12,Thursday,1266,Rain,47,1
QP,CCU,MAA,2,11,Thursday,982,Rain,29,1
6E,HYD,MAA,0,6,Friday,912,Rain,28,1
QP,DEL,HYD,11,6,Tuesday,1167,Clear,0,0
QP,MAA,BLR,10,7,Monday,1211,Fog,37,1
QP,MAA,DEL,6,11,Monday,1634,Fog,34,1
SG,HYD,MAA,4,4,Sunday,1582,Rain,30,1
SG,CCU,HYD,7,9,Sunday,1201,Cloudy,31,1
UK,MAA,CCU,8,12,Wednesday,328,Rain,17,1
AI,BOM,BLR,14,4,Saturday,1866,Cloudy,19,1
6E,BLR,BOM,8,4,Tuesday,1111,Clear,0,0
SG,HYD,DEL,5,2,Wednesday,1590,Fog,41,1
QP,BLR,DEL,14,9,Friday,859,Clear,12,0
UK,HYD,DEL,13,4,Sunday,1070,Rain,21,1
SG,MAA,BOM,10,1,Friday,1341,Clear,11,0
AI,DEL,CCU,2,7,Sunday,1508,Clear,20,1
UK,HYD,BLR,23,7,Sunday,785,Clear,2,0
UK,DEL,HYD,12,1,Monday,1502,Cloudy,0,0
QP,HYD,BLR,6,9,Wednesday,1159,Clear,0,0
6E,BLR,DEL,17,7,Thursday,1546,Rain,27,1
6E,BOM,DEL,10,6,Tuesday,1346,Clear,9,0
6E,CCU,BOM,3,5,Tuesday,1303,Cloudy,0,0
AI,BOM,CCU,16,8,Sunday,1360,Clear,22,1
UK,DEL,BLR,2,10,Tuesday,1082,Clear,5,0
SG,BLR,MAA,6,10,Thursday,751,Clear,13,0
QP,MAA,BOM,15,5,Thursday,820,Clear,0,0
QP,DEL,CCU,17,7,Friday,1779,,58,1
AI,BLR,CCU,23,4,Thursday,741,Clear,0,0
6E,BLR,DEL,17,3,Monday,1157,Rain,25,1
6E,CCU,BOM,5,11,Thursday,741,Cloudy,4,0
6E,DEL,CCU,17,5,Wednesday,1240,Clear,5,0
QP,DEL,MAA,18,4,Monday,1613,Fog,41,1
AI,HYD,BOM,16,9,Sunday,1371,Rain,52,1
AI,BOM,BLR,17,9,Thursday,564,Clear,24,1
QP,MAA,HYD,19,4,Sunday,1696,Cloudy,22,1
QP,BOM,BLR,13,3,Sunday,1463,Clear,3,0
6E,HYD,MAA,23,8,Sunday,1483,Clear,0,0
6E,DEL,MAA,15,12,Tuesday,1384,Clear,0,0
UK,MAA,BLR,1,2,Saturday,1430,Clear,0,0
UK,HYD,DEL,4,3,Monday,1667,Clear,0,0
QP,DEL,HYD,11,12,Thursday,1307,Clear,6,0
UK,BOM,CCU,10,9,Sunday,1760,Clear,0,0
AI,DEL,BOM,19,8,Friday,1381,Cloudy,28,1
UK,DEL,CCU,16,5,Tuesday,1422,Clear,3,0
UK,MAA,BLR,0,6,Monday,1226,Clear,0,0
UK,BLR,MAA,10,3,Thursday,921,Clear,0,0
UK,MAA,CCU,13,10,Saturday,1148,Clear,0,0
QP,BOM,HYD,23,7,Sunday,670,Cloudy,15,1
QP,MAA,DEL,15,10,Saturday,1096,Cloudy,2,0
6E,HYD,CCU,4,11,Thursday,1367,Clear,4,0
6E,HYD,MAA,4,2,Friday,1459,Cloudy,2,0
SG,MAA,HYD,7,11,Saturday,928,Clear,0,0
UK,MAA,BOM,9,4,Wednesday,1161,Clear,0,0
UK,MAA,DEL,2,4,Tuesday,1159,Cloudy,3,0
AI,MAA,BOM,18,6,Tuesday,592,Cloudy,32,1
6E,BLR,HYD,1,4,Saturday,1329,Cloudy,0,0
SG,MAA,BLR,1,5,Saturday,997,Rain,20,1
QP,CCU,BOM,3,9,Tuesday,1453,Clear,11,0
SG,MAA,BOM,3,4,Sunday,1343,Fog,34,1
6E,HYD,BOM,13,8,Monday,710,Fog,29,1
AI,DEL,CCU,19,5,Wednesday,1270,Clear,13,0
AI,BLR,HYD,22,4,Thursday,855,Rain,23,1
6E,DEL,CCU,19,2,Monday,1215,Clear,7,0
UK,DEL,HYD,16,11,Saturday,1286,Storm,49,1
QP,BLR,BOM,14,2,Sunday,1000,Fog,21,1
QP,BLR,CCU,7,7,Tuesday,1282,Clear,0,0
AI,HYD,BLR,9,4,Friday,592,Clear,0,0
SG,CCU,BLR,20,12,Sunday,1179,Cloudy,16,1
6E,MAA,DEL,2,1,Friday,1387,Clear,0,0
AI,BLR,DEL,19,6,Thursday,1056,Cloudy,29,1
UK,BLR,MAA,19,7,Sunday,439,,14,0
AI,MAA,BLR,1,12,Wednesday,1163,Clear,3,0
6E,BOM,DEL,5,2,Friday,857,Clear,0,0
UK,CCU,BLR,7,10,Saturday,1864,Rain,3,0
6E,MAA,CCU,21,1,Friday,1664,Cloudy,5,0
UK,MAA,BLR,10,4,Wednesday,518,Cloudy,0,0
UK,BOM,CCU,18,11,Friday,1056,Rain,31,1
SG,HYD,DEL,14,5,Wednesday,1177,Rain,13,0
AI,MAA,DEL,1,8,Thursday,1021,Clear,1,0
AI,DEL,HYD,16,5,Thursday,1472,Clear,23,1
UK,BOM,MAA,15,11,Wednesday,552,Clear,0,0
6E,HYD,CCU,20,2,Saturday,1483,Cloudy,0,0
SG,BLR,DEL,22,12,Tuesday,848,Clear,2,0
AI,MAA,BOM,14,3,Tuesday,918,Rain,12,0
UK,BLR,HYD,21,8,Saturday,956,Clear,1,0
QP,CCU,BOM,3,4,Sunday,1794,Clear,0,0
AI,BOM,HYD,14,10,Tuesday,865,Cloudy,2,0
6E,BLR,DEL,13,9,Thursday,889,Cloudy,8,0
QP,DEL,MAA,4,2,Sunday,908,Clear,4,0
UK,BOM,HYD,12,3,Wednesday,399,Rain,13,0
AI,BOM,DEL,16,9,Wednesday,1723,Fog,45,1
6E,MAA,HYD,9,7,Friday,1314,Clear,17,1
SG,BLR,CCU,15,7,Friday,1251,Fog,38,1
QP,BOM,MAA,17,5,Monday,604,Clear,23,1
6E,BOM,BLR,14,9,Monday,559,Clear,0,0
UK,HYD,DEL,9,12,Wednesday,910,Rain,20,1
SG,MAA,HYD,6,2,Thursday,1581,Rain,26,1
AI,CCU,HYD,15,9,Friday,998,Cloudy,16,1
6E,DEL,CCU,21,12,Wednesday,1650,Clear,0,0
SG,CCU,HYD,11,3,Monday,799,Clear,4,0
AI,BLR,MAA,12,6,Saturday,745,Clear,0,0
SG,MAA,HYD,21,7,Thursday,845,Cloudy,10,0
UK,DEL,HYD,7,10,Monday,618,Cloudy,6,0
QP,HYD,BOM,19,9,Friday,1222,Fog,45,1
AI,CCU,BLR,6,12,Wednesday,741,Clear,0,0
QP,DEL,BOM,6,7,Thursday,1781,Cloudy,26,1
6E,MAA,BLR,6,11,Sunday,1400,Cloudy,3,0
AI,DEL,CCU,1,7,Tuesday,920,Cloudy,30,1
SG,CCU,BLR,11,4,Friday,1322,Storm,49,1
UK,MAA,BLR,8,9,Monday,1451,Rain,30,1
QP,CCU,HYD,5,5,Saturday,1590,Clear,0,0
AI,CCU,DEL,18,8,Wednesday,471,Rain,44,1
AI,BOM,MAA,12,8,Saturday,1103,Storm,47,1
UK,BLR,CCU,4,1,Monday,1013,Clear,0,0
QP,MAA,BLR,4,7,Friday,906,Cloudy,14,0
UK,BOM,BLR,19,1,Tuesday,1354,Cloudy,14,0
SG,BOM,MAA,6,5,Wednesday,900,Clear,0,0
QP,DEL,BLR,9,8,Tuesday,709,Rain,43,1
QP,CCU,BLR,2,8,Wednesday,1461,Rain,30,1
UK,BOM,BLR,19,2,Saturday,430,Clear,8,0
SG,BLR,CCU,8,11,Monday,1032,Clear,19,1
UK,BLR,CCU,16,9,Friday,1322,Clear,13,0
SG,BLR,BOM,9,4,Tuesday,983,Rain,35,1
UK,MAA,DEL,19,6,Wednesday,946,Clear,12,0
UK,CCU,DEL,9,2,Thursday,707,Cloudy,1,0
UK,HYD,BLR,21,5,Monday,1127,Cloudy,0,0
SG,CCU,HYD,17,9,Sunday,1575,Clear,23,1
SG,DEL,BLR,11,11,Friday,365,Clear,0,0
QP,CCU,HYD,11,8,Friday,1327,Rain,26,1
SG,DEL,BLR,14,4,Sunday,1461,Clear,1,0
AI,DEL,CCU,16,11,Wednesday,842,Clear,5,0
UK,DEL,HYD,16,7,Monday,1398,Clear,9,0
6E,BOM,BLR,0,9,Saturday,1055,Clear,21,1
AI,CCU,HYD,6,9,Friday,367,Clear,2,0
AI,BOM,DEL,10,5,Thursday,1506,Clear,13,0
UK,MAA,BLR,12,1,Monday,1448,Clear,0,0
QP,BLR,BOM,2,8,Tuesday,1277,Clear,5,0
UK,DEL,BOM,4,11,Friday,512,Cloudy,9,0
UK,BLR,HYD,11,11,Monday,1136,Clear,0,0
AI,BOM,HYD,10,11,Thursday,702,Clear,3,0
SG,BOM,HYD,14,5,Saturday,1425,Rain,21,1
AI,HYD,CCU,1,11,Thursday,1042,Cloudy,6,0
QP,MAA,BOM,19,1,Friday,1424,Rain,35,1
QP,HYD,MAA,7,4,Tuesday,1801,Rain,22,1
QP,BOM,HYD,13,8,Friday,406,Clear,8,0
6E,MAA,CCU,22,4,Tuesday,834,Cloudy,0,0
AI,MAA,CCU,9,1,Saturday,1397,Storm,38,1
6E,BOM,MAA,7,3,Thursday,1786,Clear,0,0
SG,CCU,BLR,6,12,Friday,509,Clear,0,0
6E,CCU,HYD,15,6,Wednesday,1497,Clear,0,0
QP,HYD,DEL,22,3,Wednesday,1535,Fog,19,1
AI,BOM,MAA,13,8,Friday,672,Clear,12,0
AI,BLR,BOM,4,5,Friday,1681,Fog,19,1
6E,BLR,CCU,22,5,Friday,1354,Cloudy,10,0
SG,BOM,MAA,1,12,Monday,503,Cloudy,14,0
SG,BOM,DEL,9,7,Tuesday,431,Clear,15,1
6E,DEL,BOM,3,1,Wednesday,717,Clear,0,0
SG,DEL,BOM,0,12,Wednesday,1245,Clear,3,0
SG,MAA,HYD,23,1,Thursday,1585,Cloudy,5,0
UK,DEL,BOM,2,9,Thursday,396,Cloudy,10,0
UK,BLR,BOM,21,2,Monday,1420,Clear,0,0
AI,BLR,BOM,13,4,Monday,1459,Clear,1,0
6E,DEL,CCU,7,12,Saturday,737,Cloudy,5,0
UK,MAA,BLR,20,3,Friday,727,Clear,0,0
AI,CCU,BOM,0,12,Monday,1034,Rain,11,0
UK,HYD,DEL,16,4,Saturday,1082,Clear,9,0
AI,MAA,BOM,18,5,Wednesday,1065,Fog,43,1
SG,BOM,DEL,8,12,Friday,1264,Clear,26,1
AI,CCU,DEL,7,9,Thursday,717,Clear,3,0
AI,MAA,HYD,0,4,Tuesday,1402,Clear,0,0
SG,BLR,BOM,0,9,Friday,1784,Clear,9,0
6E,MAA,DEL,1,6,Wednesday,615,Clear,2,0
6E,CCU,MAA,10,2,Tuesday,1444,Clear,13,0
6E,HYD,MAA,12,4,Tuesday,1389,Clear,2,0
6E,BOM,BLR,10,3,Saturday,1131,Clear,3,0
SG,BOM,MAA,16,6,Thursday,730,Clear,31,1
SG,BOM,MAA,8,11,Wednesday,1830,Rain,39,1
6E,BOM,BLR,18,7,Saturday,1392,Rain,40,1
SG,CCU,BLR,15,2,Tuesday,947,,7,0
SG,BOM,MAA,22,8,Tuesday,790,Clear,7,0
UK,CCU,BOM,17,7,Monday,1805,Clear,0,0
UK,BOM,BLR,3,5,Monday,1315,Fog,25,1
QP,BLR,CCU,13,3,Sunday,1859,Rain,15,1
UK,HYD,BOM,15,9,Sunday,1369,Rain,13,0
6E,DEL,MAA,0,7,Wednesday,608,Cloudy,8,0
UK,BOM,MAA,1,6,Thursday,1575,Cloudy,19,1
QP,BOM,CCU,0,3,Wednesday,1925,Clear,1,0
SG,DEL,BLR,4,2,Thursday,339,Clear,0,0
AI,MAA,DEL,21,3,Tuesday,1514,Rain,10,0
UK,HYD,CCU,5,8,Friday,1496,Clear,0,0
SG,CCU,BOM,4,1,Thursday,1021,Clear,2,0
6E,CCU,HYD,10,1,Sunday,1607,Rain,19,1
QP,BLR,DEL,9,12,Wednesday,839,Rain,24,1
QP,MAA,HYD,23,4,Saturday,1079,Clear,0,0
QP,DEL,MAA,2,2,Tuesday,546,Clear,0,0
AI,BLR,HYD,20,12,Monday,1135,Clear,22,1
UK,HYD,BOM,5,5,Saturday,1633,Clear,0,0
UK,BLR,BOM,7,1,Sunday,1138,Clear,0,0
SG,MAA,CCU,11,6,Sunday,963,Cloudy,20,1
QP,CCU,BOM,23,1,Monday,1476,Clear,12,0
6E,BLR,CCU,5,4,Wednesday,992,Rain,26,1
UK,BOM,CCU,8,12,Thursday,922,Clear,3,0
SG,HYD,DEL,15,10,Wednesday,1139,Clear,0,0
SG,CCU,DEL,16,6,Wednesday,636,Clear,16,1
SG,CCU,MAA,8,5,Wednesday,1224,Cloudy,13,0
6E,MAA,BLR,3,8,Monday,1269,Fog,45,1
QP,BOM,HYD,18,8,Sunday,791,Clear,27,1
AI,BOM,HYD,21,10,Wednesday,1155,Cloudy,9,0
UK,HYD,MAA,14,7,Friday,486,Clear,0,0
SG,BLR,HYD,20,1,Saturday,1453,Clear,26,1
AI,HYD,BLR,6,11,Tuesday,1528,Clear,0,0
UK,CCU,HYD,20,5,Tuesday,1523,Clear,5,0
UK,HYD,MAA,19,10,Friday,988,Rain,23,1
SG,BLR,DEL,21,10,Sunday,1314,Cloudy,8,0
AI,CCU,BOM,22,3,Wednesday,1452,Rain,22,1
6E,BLR,CCU,8,7,Sunday,1013,Rain,34,1
6E,HYD,CCU,2,10,Monday,867,Rain,14,0
SG,DEL,BOM,17,5,Saturday,797,Clear,30,1
6E,HYD,BOM,16,10,Sunday,904,Clear,2,0
UK,BLR,CCU,15,7,Saturday,1398,Clear,0,0
SG,DEL,MAA,15,12,Monday,1866,Clear,0,0
SG,BOM,DEL,0,11,Monday,780,Clear,5,0
AI,MAA,BOM,16,12,Wednesday,911,Clear,0,0
QP,BOM,MAA,11,3,Thursday,432,Cloudy,9,0
AI,DEL,MAA,0,9,Friday,933,Clear,28,1
AI,DEL,MAA,20,10,Sunday,1500,Clear,29,1
AI,DEL,CCU,0,6,Friday,927,Clear,12,0
6E,BLR,HYD,5,3,Tuesday,517,,0,0
QP,BLR,CCU,7,4,Monday,693,Clear,0,0
6E,HYD,DEL,18,7,Sunday,724,Clear,16,1
SG,HYD,BLR,1,11,Friday,785,Rain,43,1
UK,HYD,DEL,9,11,Friday,1559,Cloudy,7,0
AI,CCU,BLR,8,11,Saturday,1704,Fog,35,1
UK,BOM,HYD,9,12,Saturday,1050,Clear,0,0
AI,MAA,CCU,20,2,Saturday,748,Rain,33,1
UK,DEL,CCU,7,12,Sunday,1872,Cloudy,6,0
UK,CCU,HYD,8,7,Tuesday,1616,Fog,30,1
UK,BLR,DEL,9,2,Wednesday,1482,Clear,0,0
6E,BLR,HYD,9,2,Monday,644,Rain,7,0
SG,DEL,BOM,22,4,Monday,617,Clear,11,0
UK,HYD,BOM,6,4,Sunday,643,Clear,0,0
6E,BLR,CCU,2,2,Wednesday,1707,Clear,0,0
UK,CCU,BLR,10,5,Friday,1592,Clear,0,0
AI,BOM,MAA,2,7,Thursday,1473,Rain,35,1
QP,BLR,BOM,19,4,Thursday,1411,Fog,41,1
SG,CCU,HYD,21,9,Tuesday,908,Cloudy,15,1
6E,MAA,HYD,19,9,Saturday,863,Clear,19,1
SG,MAA,CCU,19,5,Saturday,499,Clear,18,1
SG,HYD,BOM,10,1,Tuesday,797,Clear,12,0
SG,CCU,HYD,16,4,Wednesday,1322,Cloudy,27,1
AI,BOM,BLR,9,8,Sunday,1035,Clear,8,0
QP,MAA,BLR,20,5,Saturday,1032,Cloudy,0,0
QP,HYD,CCU,4,7,Friday,1485,Clear,1,0
QP,BLR,DEL,3,11,Sunday,462,Clear,0,0
QP,BOM,HYD,23,10,Sunday,1537,Clear,4,0
QP,HYD,BLR,8,8,Friday,1944,Clear,2,0
SG,DEL,CCU,7,2,Thursday,1682,Rain,21,1
AI,MAA,BOM,16,9,Friday,792,Cloudy,12,0
UK,BOM,MAA,8,4,Saturday,883,Cloudy,0,0
6E,BLR,DEL,17,5,Sunday,1419,Clear,7,0
6E,BOM,BLR,10,9,Wednesday,1209,Rain,27,1
QP,BLR,DEL,18,10,Wednesday,1243,Clear,17,1
QP,BLR,HYD,1,9,Monday,1401,Clear,1,0
UK,BOM,BLR,17,4,Monday,743,Cloudy,0,0
SG,CCU,BLR,7,6,Wednesday,1746,Clear,10,0
AI,MAA,HYD,10,5,Tuesday,677,Rain,28,1
6E,BLR,MAA,22,6,Sunday,1299,Rain,8,0
QP,DEL,BLR,11,10,Thursday,1805,Clear,11,0
UK,CCU,DEL,1,12,Friday,390,Clear,0,0
UK,MAA,BOM,11,5,Tuesday,925,Clear,0,0
UK,HYD,BLR,5,4,Thursday,1210,Cloudy,0,0
6E,HYD,CCU,11,11,Saturday,1130,Clear,0,0
QP,DEL,CCU,5,2,Tuesday,1796,Rain,23,1
SG,BLR,DEL,15,5,Wednesday,532,Cloudy,4,0
SG,BOM,HYD,5,12,Friday,1465,Clear,17,1
6E,HYD,CCU,11,11,Tuesday,454,Clear,0,0
SG,CCU,MAA,22,10,Friday,1962,Clear,12,0
QP,HYD,MAA,15,11,Friday,1745,Clear,6,0
SG,HYD,DEL,17,3,Thursday,1480,Fog,43,1
UK,MAA,HYD,18,1,Tuesday,1735,Cloudy,8,0
6E,CCU,BLR,22,11,Saturday,682,Cloudy,4,0
UK,DEL,BLR,21,6,Saturday,626,Clear,0,0
6E,BOM,BLR,20,4,Tuesday,800,,0,0
SG,BOM,HYD,8,6,Monday,892,Clear,11,0
AI,MAA,HYD,14,10,Thursday,976,Storm,34,1
AI,BLR,BOM,19,6,Tuesday,463,Cloudy,27,1
SG,MAA,DEL,13,8,Wednesday,453,Clear,0,0
6E,BLR,DEL,3,7,Friday,1573,Storm,42,1
UK,CCU,BLR,12,6,Tuesday,1540,Clear,4,0
UK,MAA,HYD,5,12,Wednesday,1582,Cloudy,0,0
UK,DEL,MAA,16,12,Wednesday,946,Rain,38,1
SG,CCU,BLR,20,6,Saturday,1665,Cloudy,31,1
6E,CCU,HYD,16,10,Saturday,687,Fog,25,1
SG,DEL,CCU,13,9,Sunday,1372,Rain,56,1
6E,BLR,MAA,14,2,Monday,842,Clear,0,0
6E,CCU,MAA,12,11,Saturday,1198,Cloudy,0,0
UK,CCU,BLR,10,9,Tuesday,1798,Cloudy,18,1
QP,BLR,DEL,5,11,Sunday,473,Clear,0,0
6E,HYD,CCU,16,10,Thursday,1664,Fog,42,1
UK,DEL,HYD,8,12,Sunday,1193,Rain,28,1
AI,HYD,DEL,3,7,Wednesday,1028,Clear,0,0
AI,HYD,BLR,19,1,Wednesday,1623,Clear,12,0
SG,BLR,DEL,13,4,Saturday,1507,Clear,10,0
SG,BOM,CCU,12,2,Wednesday,1752,Clear,1,0
6E,MAA,HYD,12,3,Saturday,1725,Cloudy,0,0
SG,BLR,MAA,1,7,Monday,1427,Cloudy,7,0
6E,BOM,BLR,12,12,Friday,1441,Clear,5,0
6E,BLR,DEL,13,10,Sunday,717,Clear,0,0
UK,BLR,HYD,12,6,Tuesday,1125,Clear,1,0
6E,BOM,HYD,0,6,Sunday,971,Fog,44,1
QP,HYD,BOM,18,7,Monday,797,Rain,29,1
UK,CCU,MAA,14,5,Monday,897,Clear,0,0
6E,MAA,BOM,18,8,Wednesday,1516,Clear,13,0
UK,BOM,MAA,12,12,Wednesday,1341,Fog,17,1
SG,BLR,MAA,7,2,Friday,613,Clear,0,0
6E,HYD,DEL,19,5,Sunday,1370,Rain,41,1
QP,MAA,BOM,8,1,Monday,787,Clear,0,0
UK,MAA,DEL,10,11,Saturday,381,Clear,0,0
SG,BLR,MAA,0,3,Saturday,596,Cloudy,6,0
QP,BOM,MAA,3,8,Friday,519,Clear,14,0
UK,HYD,CCU,2,1,Sunday,842,Rain,8,0
AI,DEL,BLR,10,6,Monday,1384,Storm,54,1
SG,MAA,DEL,6,11,Saturday,922,Clear,1,0
AI,CCU,MAA,7,12,Wednesday,1668,Clear,7,0
UK,MAA,BLR,18,2,Wednesday,845,Cloudy,10,0
QP,BLR,BOM,16,8,Friday,569,Rain,36,1
UK,MAA,CCU,19,3,Saturday,724,,0,0
SG,HYD,MAA,19,9,Thursday,988,Clear,11,0
UK,HYD,MAA,5,7,Tuesday,1255,Clear,0,0
6E,CCU,BOM,14,10,Tuesday,1105,Clear,0,0
6E,BOM,DEL,20,11,Sunday,1692,Rain,33,1
UK,MAA,DEL,7,5,Wednesday,638,,4,0
AI,MAA,HYD,9,1,Wednesday,683,Rain,15,1
UK,HYD,MAA,12,4,Thursday,1279,Cloudy,0,0
UK,DEL,CCU,19,3,Friday,1586,Rain,39,1
QP,MAA,CCU,3,2,Monday,1054,Clear,0,0
AI,BOM,HYD,11,9,Monday,594,Clear,17,1
QP,CCU,HYD,5,11,Friday,1073,Clear,0,0
UK,MAA,BOM,17,7,Friday,1161,Clear,5,0
SG,BLR,DEL,5,7,Thursday,1081,Rain,30,1
UK,BLR,BOM,8,8,Wednesday,641,Rain,24,1
6E,DEL,HYD,8,11,Saturday,572,Clear,1,0
QP,BLR,MAA,1,1,Monday,1733,Clear,0,0
6E,DEL,HYD,16,7,Friday,854,Clear,23,1
AI,CCU,MAA,6,11,Thursday,419,Clear,9,0
SG,HYD,DEL,11,2,Wednesday,1043,Cloudy,6,0
SG,BOM,CCU,16,7,Monday,797,Fog,52,1
QP,MAA,HYD,18,1,Friday,806,Clear,13,0
UK,DEL,CCU,22,11,Tuesday,1322,Rain,3,0
AI,HYD,MAA,3,8,Thursday,1381,Cloudy,0,0
AI,DEL,BLR,15,12,Sunday,1299,Clear,15,1
UK,DEL,HYD,7,4,Saturday,1592,Clear,0,0
6E,BOM,HYD,18,9,Monday,916,Clear,11,0
QP,BOM,DEL,9,10,Sunday,1426,Cloudy,21,1
AI,MAA,DEL,0,1,Friday,908,Rain,22,1
QP,CCU,HYD,20,10,Saturday,1490,Cloudy,26,1
6E,MAA,DEL,18,9,Monday,1371,Rain,30,1
AI,MAA,DEL,7,8,Sunday,1051,Clear,17,1
6E,HYD,DEL,20,7,Saturday,1911,Clear,9,0
AI,BLR,HYD,9,10,Sunday,1769,Clear,17,1
UK,BOM,CCU,9,2,Sunday,1126,Rain,26,1
6E,CCU,BLR,7,5,Saturday,920,Clear,0,0
UK,HYD,DEL,11,4,Thursday,680,Rain,7,0
UK,HYD,BLR,23,11,Saturday,1334,Clear,0,0
AI,DEL,BLR,1,3,Sunday,1863,Clear,8,0
AI,BLR,HYD,14,1,Sunday,692,Cloudy,3,0
AI,MAA,BLR,4,12,Friday,1676,Cloudy,20,1
AI,BLR,HYD,2,5,Sunday,1179,Cloudy,12,0
AI,HYD,BOM,1,10,Friday,1382,Clear,0,0
6E,MAA,CCU,6,3,Thursday,631,Clear,0,0
UK,DEL,HYD,17,9,Tuesday,706,Cloudy,24,1
6E,CCU,BOM,17,12,Thursday,987,Clear,0,0
6E,MAA,DEL,19,10,Sunday,808,Clear,2,0
UK,BLR,MAA,3,4,Monday,1455,Clear,0,0
UK,MAA,BLR,2,8,Sunday,1165,Cloudy,6,0
6E,DEL,BOM,23,10,Friday,1374,Clear,4,0
6E,BOM,BLR,22,11,Monday,1136,Clear,0,0
UK,DEL,BLR,16,4,Tuesday,1652,Fog,30,1
AI,HYD,MAA,20,3,Monday,859,Clear,0,0
UK,CCU,HYD,19,6,Saturday,934,Clear,0,0
QP,HYD,MAA,13,4,Wednesday,1348,Clear,0,0
6E,MAA,HYD,11,9,Tuesday,1267,Clear,14,0
AI,DEL,CCU,23,8,Tuesday,772,Cloudy,12,0
SG,CCU,DEL,16,6,Thursday,937,Clear,26,1
AI,BOM,BLR,21,10,Wednesday,1615,Clear,12,0
AI,HYD,MAA,4,3,Sunday,496,Clear,0,0
AI,MAA,DEL,5,11,Sunday,755,Clear,0,0
QP,CCU,BLR,15,7,Tuesday,1475,Clear,8,0
QP,CCU,BLR,22,12,Sunday,1830,Clear,18,1
UK,HYD,MAA,14,8,Monday,1753,Clear,0,0
SG,HYD,CCU,10,10,Thursday,1429,Rain,16,1
SG,BLR,DEL,0,3,Friday,973,Clear,0,0
SG,HYD,BOM,3,3,Tuesday,1400,Clear,0,0
UK,MAA,HYD,5,7,Friday,1046,Clear,0,0
QP,HYD,BOM,4,3,Friday,850,Clear,0,0
SG,HYD,BLR,16,1,Sunday,861,Clear,11,0
AI,BLR,CCU,16,6,Sunday,916,Clear,21,1
6E,BOM,CCU,9,4,Saturday,1306,Clear,11,0
QP,DEL,CCU,23,8,Saturday,1532,Clear,2,0
UK,BLR,DEL,9,7,Wednesday,1302,Clear,7,0
6E,BLR,DEL,10,7,Sunday,1643,,12,0
QP,HYD,BOM,12,10,Wednesday,883,Clear,0,0
SG,CCU,MAA,13,1,Saturday,1433,Clear,0,0
UK,MAA,BOM,4,10,Thursday,1379,Rain,0,0
UK,MAA,BLR,7,6,Thursday,850,Cloudy,0,0
AI,HYD,MAA,16,9,Saturday,1598,Cloudy,34,1
6E,CCU,BLR,20,10,Monday,1076,Clear,2,0
UK,CCU,DEL,10,4,Saturday,971,Cloudy,0,0
QP,DEL,BLR,2,3,Saturday,1503,Cloudy,8,0
6E,HYD,BLR,20,10,Thursday,434,Clear,17,1
AI,HYD,CCU,13,8,Friday,1410,Rain,24,1
UK,CCU,HYD,10,3,Tuesday,644,Rain,13,0
QP,HYD,BOM,14,4,Saturday,1128,Clear,0,0
UK,DEL,HYD,19,11,Monday,1433,Clear,9,0
6E,BOM,MAA,0,7,Saturday,1628,Clear,5,0
SG,DEL,CCU,8,11,Friday,1033,Clear,13,0
SG,BOM,DEL,22,9,Tuesday,1298,Rain,37,1
6E,DEL,MAA,7,3,Saturday,649,Cloudy,0,0
QP,MAA,HYD,23,3,Tuesday,1740,Clear,0,0
UK,BLR,MAA,6,12,Thursday,843,Clear,0,0
AI,MAA,HYD,11,9,Saturday,1621,Cloudy,23,1
UK,CCU,BLR,1,8,Monday,1111,Clear,6,0
QP,HYD,MAA,17,9,Wednesday,1209,Cloudy,26,1
6E,BLR,HYD,5,5,Friday,835,Cloudy,18,1
UK,BOM,CCU,20,4,Tuesday,1486,Cloudy,33,1
SG,MAA,BLR,3,10,Thursday,957,Cloudy,6,0
SG,HYD,MAA,2,11,Friday,1262,Cloudy,10,0
QP,MAA,DEL,11,11,Sunday,453,Cloudy,9,0
AI,DEL,MAA,2,10,Wednesday,1255,Fog,38,1
UK,DEL,MAA,7,11,Saturday,587,Cloudy,0,0
UK,DEL,BOM,16,7,Friday,985,,15,1
AI,MAA,DEL,12,4,Thursday,1432,Rain,12,0
SG,HYD,CCU,13,1,Friday,1648,Fog,36,1
AI,BOM,DEL,2,4,Sunday,553,Clear,9,0
UK,BOM,BLR,16,6,Friday,515,Rain,38,1
6E,HYD,DEL,2,2,Thursday,547,Storm,26,1
AI,CCU,BLR,13,4,Sunday,787,Clear,0,0
QP,CCU,MAA,18,12,Friday,605,Clear,28,1
6E,BLR,HYD,17,4,Tuesday,1093,Clear,0,0
6E,MAA,BOM,8,5,Friday,1220,Cloudy,31,1
QP,DEL,BLR,3,8,Sunday,1481,Fog,55,1
QP,CCU,DEL,19,11,Friday,494,Clear,12,0
AI,DEL,HYD,5,12,Saturday,984,Rain,30,1
6E,BLR,DEL,11,10,Friday,603,Rain,17,1
SG,MAA,BLR,5,2,Saturday,1173,Cloudy,6,0
SG,CCU,DEL,0,2,Monday,1708,Cloudy,8,0
QP,BOM,CCU,9,9,Saturday,1836,Cloudy,16,1
UK,HYD,DEL,13,11,Sunday,364,Clear,0,0
AI,BOM,CCU,18,8,Monday,1390,Clear,17,1
QP,DEL,MAA,17,11,Saturday,1426,Clear,15,1
AI,BLR,CCU,19,9,Thursday,1498,Clear,16,1
AI,HYD,MAA,19,5,Wednesday,535,Cloudy,29,1
SG,BOM,BLR,9,11,Monday,694,Rain,41,1
SG,CCU,BOM,8,10,Wednesday,934,Clear,4,0
AI,HYD,CCU,14,5,Friday,400,Cloudy,15,1
AI,BLR,CCU,11,8,Thursday,853,Clear,8,0
UK,BLR,HYD,7,7,Monday,824,Clear,4,0
6E,BLR,BOM,0,2,Wednesday,1648,Clear,1,0
SG,DEL,BLR,11,4,Monday,1600,Clear,0,0
UK,HYD,BLR,11,3,Wednesday,812,Rain,12,0
UK,MAA,CCU,22,4,Sunday,1541,Clear,0,0
UK,BLR,DEL,19,7,Saturday,499,Clear,22,1
6E,BLR,HYD,6,7,Sunday,889,Clear,0,0
6E,CCU,MAA,2,11,Tuesday,1750,Rain,23,1
SG,HYD,MAA,18,1,Friday,1673,Clear,8,0
UK,BOM,BLR,11,10,Wednesday,931,Fog,38,1
UK,DEL,BLR,1,3,Thursday,1379,Cloudy,6,0
UK,MAA,BLR,18,5,Sunday,421,Clear,0,0
6E,HYD,BLR,8,2,Saturday,1530,Clear,7,0
QP,HYD,DEL,4,1,Friday,885,Rain,32,1
UK,BOM,DEL,15,2,Sunday,795,Rain,21,1
SG,BOM,DEL,18,3,Thursday,1046,Clear,17,1
QP,BLR,CCU,18,5,Monday,1535,Clear,1,0
QP,MAA,BLR,6,4,Sunday,1426,Clear,0,0
SG,BOM,DEL,14,2,Monday,1022,Rain,18,1
SG,HYD,MAA,11,5,Tuesday,817,Cloudy,14,0
UK,CCU,BLR,20,2,Sunday,730,Clear,16,1
SG,BOM,BLR,4,9,Sunday,429,Clear,7,0
6E,BOM,DEL,19,9,Monday,481,Clear,25,1
SG,BOM,BLR,8,1,Saturday,814,Fog,38,1
AI,CCU,HYD,14,8,Friday,1305,Clear,8,0
QP,HYD,MAA,12,11,Monday,300,Clear,0,0
6E,CCU,BLR,8,12,Thursday,1209,Cloudy,7,0
SG,CCU,HYD,5,1,Tuesday,1356,Clear,0,0
AI,BLR,MAA,8,12,Thursday,674,Cloudy,8,0
AI,DEL,CCU,14,5,Tuesday,1236,Clear,0,0
QP,BOM,HYD,14,11,Monday,914,Rain,8,0
QP,HYD,BOM,14,3,Friday,1563,Cloudy,0,0
6E,BLR,DEL,15,9,Saturday,1029,Clear,0,0
AI,DEL,CCU,1,10,Tuesday,1554,Rain,16,1
QP,CCU,DEL,9,4,Friday,581,Fog,36,1
QP,BOM,HYD,7,9,Thursday,1784,Clear,8,0
AI,HYD,BOM,9,3,Sunday,1691,Cloudy,19,1
SG,CCU,BOM,9,9,Thursday,1493,Cloudy,23,1
6E,HYD,MAA,4,12,Thursday,1632,Clear,0,0
SG,MAA,BOM,23,4,Monday,1495,Clear,6,0
UK,DEL,MAA,0,12,Sunday,619,Clear,0,0
AI,MAA,DEL,14,9,Friday,652,Clear,20,1
6E,CCU,BLR,11,7,Tuesday,1619,Rain,34,1
UK,CCU,DEL,16,4,Monday,388,Rain,22,1
SG,DEL,HYD,19,7,Tuesday,1400,Clear,20,1
AI,BOM,DEL,15,12,Thursday,336,Cloudy,15,1
QP,DEL,BOM,18,1,Sunday,972,Clear,12,0
SG,CCU,MAA,6,11,Friday,805,Clear,0,0
QP,BOM,CCU,23,2,Monday,1597,Clear,0,0
QP,HYD,CCU,2,11,Tuesday,605,Clear,1,0
AI,BLR,CCU,16,7,Tuesday,689,Rain,51,1
AI,MAA,HYD,3,11,Monday,933,Clear,11,0
SG,CCU,MAA,5,3,Monday,1004,Fog,31,1
AI,BOM,CCU,19,1,Monday,883,Clear,14,0
AI,MAA,DEL,16,6,Friday,1468,Clear,20,1
UK,BOM,DEL,15,10,Friday,1043,Clear,0,0
QP,BOM,BLR,19,10,Saturday,1709,Cloudy,16,1
SG,DEL,HYD,6,10,Tuesday,1688,Clear,5,0
UK,BLR,CCU,15,10,Sunday,853,Clear,6,0
AI,HYD,DEL,4,10,Wednesday,1457,Clear,0,0
6E,MAA,BOM,11,11,Tuesday,1325,Cloudy,0,0
SG,CCU,BOM,9,3,Tuesday,1414,Clear,15,1
AI,HYD,MAA,14,3,Wednesday,1519,Storm,55,1
UK,BLR,CCU,1,1,Monday,768,Clear,0,0
AI,BOM,CCU,0,6,Wednesday,1802,Clear,9,0
6E,CCU,MAA,0,4,Friday,1134,Rain,14,0
6E,BLR,MAA,6,8,Sunday,468,Clear,0,0
SG,MAA,BLR,13,7,Monday,1049,Clear,7,0
QP,HYD,BOM,3,7,Friday,653,Cloudy,8,0
AI,CCU,BOM,23,8,Tuesday,993,Clear,7,0
SG,CCU,HYD,9,12,Wednesday,822,Clear,14,0
SG,MAA,BOM,7,2,Friday,1379,Clear,0,0
QP,HYD,CCU,21,4,Wednesday,377,Rain,16,1
QP,DEL,BLR,4,6,Thursday,538,Cloudy,22,1
AI,DEL,BLR,4,1,Wednesday,1831,Cloudy,0,0
SG,HYD,BLR,9,10,Wednesday,937,Storm,49,1
UK,MAA,CCU,1,5,Friday,589,Cloudy,8,0
AI,MAA,CCU,16,3,Wednesday,1622,Clear,14,0
6E,BOM,BLR,18,7,Thursday,1786,Rain,35,1
QP,HYD,CCU,8,3,Saturday,987,Rain,25,1
UK,CCU,MAA,20,5,Friday,875,Clear,4,0
6E,DEL,CCU,0,8,Saturday,1233,Cloudy,19,1
6E,BLR,CCU,12,4,Thursday,717,Clear,0,0
QP,CCU,BOM,17,10,Thursday,2014,Clear,27,1
6E,BOM,HYD,9,4,Monday,1109,Cloudy,9,0
AI,BOM,BLR,22,2,Friday,854,Clear,10,0
UK,BLR,BOM,10,6,Friday,1417,Clear,4,0
QP,MAA,BLR,22,3,Thursday,1010,Clear,0,0
AI,BOM,DEL,15,9,Saturday,626,Cloudy,10,0
6E,MAA,BOM,5,7,Friday,1208,Rain,34,1
UK,BOM,MAA,19,2,Tuesday,1820,Fog,38,1
AI,BLR,DEL,0,5,Tuesday,1193,Cloudy,6,0
SG,HYD,DEL,4,11,Friday,694,Storm,52,1
6E,DEL,MAA,18,10,Monday,534,Clear,21,1
AI,MAA,BOM,21,8,Sunday,1826,Clear,26,1
6E,MAA,BLR,9,11,Wednesday,1520,Rain,13,0
QP,CCU,DEL,15,2,Friday,557,Cloudy,13,0
QP,BOM,CCU,16,9,Thursday,723,,48,1
UK,BLR,CCU,17,1,Friday,1626,Cloudy,13,0
UK,CCU,HYD,21,8,Wednesday,822,Clear,0,0
QP,DEL,CCU,2,1,Friday,1124,Cloudy,21,1
AI,BLR,HYD,4,5,Tuesday,1677,Clear,0,0
SG,BLR,HYD,22,2,Wednesday,1388,Clear,5,0
SG,BLR,MAA,13,4,Monday,1428,Cloudy,4,0
SG,BLR,CCU,12,8,Tuesday,1443,Cloudy,17,1
6E,MAA,BLR,9,10,Monday,833,Clear,0,0
SG,BOM,CCU,8,12,Thursday,932,Cloudy,11,0
SG,CCU,HYD,5,12,Monday,1515,Fog,20,1
QP,CCU,DEL,9,2,Tuesday,364,Clear,23,1
AI,BOM,HYD,1,12,Thursday,1250,Clear,0,0
SG,CCU,DEL,7,4,Friday,1024,Clear,14,0
QP,BOM,BLR,23,11,Monday,596,Clear,0,0
6E,DEL,HYD,3,11,Saturday,1277,Clear,0,0
SG,BLR,CCU,17,12,Thursday,591,Clear,16,1
AI,MAA,CCU,0,7,Monday,1774,Clear,24,1
SG,CCU,BLR,17,10,Monday,787,Clear,10,0
SG,HYD,MAA,6,6,Sunday,656,Clear,23,1
AI,MAA,HYD,16,1,Thursday,1488,Fog,54,1
AI,BOM,HYD,11,6,Sunday,929,Clear,5,0
SG,CCU,MAA,18,3,Thursday,984,Clear,4,0
6E,HYD,BOM,16,2,Monday,1071,Clear,0,0
UK,DEL,BOM,13,2,Saturday,1149,Fog,31,1
AI,DEL,HYD,17,3,Thursday,1488,Clear,2,0
QP,BOM,CCU,23,10,Wednesday,1452,Rain,26,1
UK,DEL,BOM,14,12,Tuesday,563,Clear,0,0
QP,BOM,MAA,4,11,Thursday,1063,Clear,0,0
AI,CCU,MAA,2,8,Sunday,1242,Clear,8,0
6E,BOM,MAA,13,11,Tuesday,1721,Cloudy,4,0
SG,HYD,CCU,10,4,Thursday,1267,Rain,28,1
SG,CCU,MAA,14,11,Monday,1590,Clear,17,1
SG,BOM,DEL,16,12,Friday,1175,Storm,63,1
QP,MAA,CCU,4,2,Sunday,1101,Clear,0,0
QP,BLR,BOM,17,5,Sunday,1193,Clear,18,1
AI,BOM,HYD,23,4,Saturday,482,Rain,16,1
6E,CCU,MAA,7,2,Friday,1053,Clear,11,0
QP,HYD,DEL,22,3,Friday,1773,Rain,14,0
UK,BLR,BOM,22,12,Sunday,1837,Cloudy,5,0
QP,MAA,CCU,10,3,Monday,743,Clear,0,0
UK,CCU,DEL,19,8,Tuesday,1243,Clear,11,0
AI,MAA,BOM,22,11,Monday,1442,Fog,41,1
UK,CCU,DEL,20,10,Tuesday,1588,Rain,29,1
QP,BOM,HYD,9,6,Tuesday,1266,Storm,51,1
SG,BLR,HYD,15,1,Thursday,1254,Cloudy,2,0
AI,BOM,CCU,14,6,Friday,1741,Cloudy,31,1
6E,MAA,HYD,9,4,Sunday,1196,Clear,4,0
QP,MAA,BOM,15,11,Friday,1589,Cloudy,2,0
QP,HYD,CCU,22,12,Monday,1665,Clear,2,0
SG,HYD,BLR,0,3,Monday,862,Clear,0,0
AI,MAA,BOM,21,2,Thursday,1794,Cloudy,0,0
SG,BOM,HYD,8,10,Friday,1032,Clear,15,1
QP,BLR,DEL,19,11,Saturday,624,Clear,6,0
SG,MAA,BLR,2,12,Wednesday,865,Rain,8,0
UK,DEL,MAA,21,10,Tuesday,1295,Rain,12,0
UK,CCU,HYD,10,6,Monday,1718,Clear,9,0
6E,BOM,CCU,21,5,Friday,592,Clear,0,0
6E,MAA,BOM,10,1,Sunday,1399,Cloudy,8,0
SG,HYD,BLR,17,11,Monday,420,Clear,3,0
AI,CCU,MAA,14,12,Monday,1062,Clear,3,0
AI,MAA,CCU,4,12,Monday,1676,Rain,23,1
6E,HYD,BOM,5,7,Thursday,1351,Clear,8,0
SG,MAA,BLR,12,11,Wednesday,1734,Clear,0,0
SG,BLR,HYD,11,1,Saturday,1772,Clear,1,0
UK,HYD,CCU,14,5,Saturday,1395,Storm,34,1
UK,CCU,BOM,19,2,Thursday,421,Cloudy,9,0
AI,DEL,BLR,18,8,Monday,994,Rain,50,1
6E,BLR,BOM,1,1,Thursday,672,Cloudy,5,0
AI,DEL,HYD,11,4,Wednesday,1473,Clear,0,0
SG,HYD,MAA,3,6,Saturday,733,Clear,0,0
SG,MAA,DEL,12,2,Saturday,1825,Clear,0,0
6E,DEL,BOM,12,2,Sunday,1424,Clear,0,0
6E,HYD,MAA,23,11,Wednesday,1803,Clear,5,0
6E,BLR,BOM,9,4,Wednesday,1563,Fog,19,1
QP,MAA,CCU,10,12,Thursday,1596,Clear,9,0
UK,BOM,DEL,12,5,Saturday,560,Clear,0,0
SG,DEL,BLR,3,1,Thursday,1123,Clear,15,1
UK,DEL,BLR,1,2,Wednesday,1571,Clear,3,0
SG,BLR,DEL,17,9,Sunday,817,Clear,12,0
UK,BLR,MAA,7,1,Wednesday,910,Storm,31,1
6E,CCU,DEL,8,12,Sunday,451,Clear,17,1
QP,BLR,CCU,23,4,Friday,1161,Cloudy,8,0
SG,BOM,HYD,5,8,Monday,633,Cloudy,26,1
SG,MAA,BLR,21,6,Thursday,524,Clear,8,0
QP,DEL,CCU,15,1,Friday,896,Clear,11,0
6E,BLR,CCU,6,9,Sunday,1605,Clear,14,0
AI,HYD,BLR,22,1,Thursday,465,Rain,15,1
UK,BOM,BLR,14,10,Monday,1613,Cloudy,1,0
6E,HYD,MAA,7,7,Wednesday,1477,Clear,0,0
UK,BLR,CCU,10,4,Sunday,1840,Clear,0,0
6E,CCU,HYD,8,12,Thursday,1625,Cloudy,14,0
6E,BOM,CCU,20,3,Wednesday,1348,Clear,11,0
6E,CCU,DEL,11,4,Sunday,1618,Clear,9,0
6E,HYD,DEL,0,8,Wednesday,1415,Cloudy,19,1
SG,MAA,CCU,16,5,Saturday,612,Fog,37,1
UK,BOM,BLR,18,6,Monday,1223,Fog,39,1
UK,DEL,BOM,9,10,Thursday,814,Cloudy,2,0
AI,MAA,CCU,22,11,Monday,613,Fog,36,1
UK,BLR,MAA,10,10,Tuesday,1844,Clear,0,0
AI,BOM,MAA,6,1,Thursday,1800,Clear,7,0
6E,CCU,BLR,16,12,Friday,1881,Clear,2,0
UK,BOM,DEL,3,6,Monday,497,Cloudy,17,1
AI,BLR,CCU,23,11,Thursday,1818,Rain,27,1
6E,MAA,HYD,16,4,Wednesday,345,Fog,27,1
6E,CCU,HYD,7,8,Thursday,1861,Clear,17,1
QP,CCU,DEL,1,12,Saturday,732,Clear,0,0
QP,HYD,BOM,14,12,Sunday,619,Clear,0,0
AI,DEL,MAA,14,8,Monday,280,Cloudy,0,0
SG,DEL,HYD,19,8,Sunday,1646,Cloudy,43,1
SG,MAA,DEL,6,1,Monday,1410,Cloudy,5,0
6E,HYD,MAA,5,8,Sunday,795,Clear,0,0
UK,DEL,MAA,9,6,Friday,1506,Clear,4,0
SG,MAA,BOM,19,1,Saturday,853,Clear,4,0
6E,CCU,MAA,21,12,Tuesday,1572,Clear,0,0
AI,DEL,CCU,8,6,Friday,1138,Clear,31,1
6E,MAA,BLR,1,10,Friday,1097,Rain,20,1
6E,BLR,BOM,2,1,Wednesday,1575,Rain,9,0
6E,BLR,CCU,13,3,Thursday,1114,Cloudy,0,0
6E,MAA,CCU,0,11,Sunday,1135,Clear,10,0
AI,BOM,BLR,17,12,Monday,1222,Clear,0,0
QP,DEL,BLR,0,1,Thursday,790,Clear,9,0
AI,CCU,DEL,10,11,Wednesday,1049,Clear,10,0
SG,BLR,DEL,19,4,Tuesday,1764,Clear,14,0
SG,BOM,DEL,11,3,Thursday,1383,Clear,2,0
SG,MAA,HYD,16,12,Monday,929,Fog,47,1
QP,BOM,HYD,8,7,Monday,1631,Fog,51,1
AI,MAA,HYD,19,10,Saturday,1524,Fog,48,1
6E,DEL,BLR,10,2,Wednesday,1840,Clear,13,0
AI,HYD,CCU,18,10,Wednesday,1685,Clear,0,0
UK,BLR,HYD,22,5,Friday,652,Clear,0,0
SG,CCU,HYD,9,9,Saturday,454,Cloudy,18,1
QP,HYD,CCU,5,8,Sunday,397,Clear,3,0
6E,CCU,DEL,22,1,Friday,848,Clear,1,0
6E,BOM,MAA,16,11,Tuesday,1292,Clear,18,1
QP,BLR,CCU,21,4,Tuesday,663,Clear,0,0
SG,MAA,HYD,9,5,Friday,638,Clear,15,1
SG,DEL,HYD,8,10,Saturday,1435,Clear,11,0
UK,CCU,BLR,2,11,Sunday,1453,Clear,11,0
UK,MAA,BOM,18,11,Saturday,1591,Rain,18,1
6E,MAA,HYD,20,6,Friday,1211,Clear,10,0
SG,BOM,CCU,19,5,Tuesday,770,,20,1
6E,MAA,BLR,6,10,Wednesday,1219,Fog,29,1
QP,CCU,DEL,11,4,Monday,1405,Rain,15,1
AI,BOM,BLR,11,8,Thursday,1546,Clear,8,0
UK,HYD,DEL,2,3,Friday,1033,Rain,9,0
6E,DEL,CCU,0,3,Friday,646,Clear,0,0
SG,BLR,HYD,8,7,Tuesday,1201,Cloudy,18,1
SG,DEL,BOM,12,11,Friday,1696,Rain,29,1
QP,HYD,CCU,23,4,Wednesday,1468,Clear,3,0
SG,HYD,BLR,20,9,Friday,1525,Clear,25,1
6E,HYD,BLR,17,1,Sunday,1599,Cloudy,11,0
6E,MAA,HYD,23,9,Wednesday,1320,Cloudy,19,1
QP,CCU,DEL,18,5,Tuesday,1059,,46,1
UK,BOM,CCU,12,1,Sunday,1491,Clear,10,0
AI,BOM,MAA,21,7,Thursday,1393,Clear,7,0
QP,BOM,HYD,22,3,Tuesday,1004,Cloudy,14,0
SG,CCU,DEL,4,8,Wednesday,853,Clear,27,1
AI,DEL,HYD,6,1,Thursday,1131,Clear,1,0
SG,DEL,HYD,23,5,Wednesday,1020,Clear,5,0
SG,DEL,HYD,0,3,Sunday,1440,Clear,8,0
SG,MAA,DEL,12,4,Wednesday,531,Clear,1,0
QP,HYD,DEL,9,1,Thursday,1402,Cloudy,20,1
UK,CCU,BOM,17,4,Tuesday,1198,Clear,5,0
UK,BOM,DEL,22,2,Friday,700,Clear,0,0
SG,BLR,DEL,7,8,Saturday,922,Cloudy,15,1
AI,HYD,CCU,5,6,Thursday,1569,Clear,13,0
AI,DEL,BLR,7,4,Saturday,1760,Rain,6,0
QP,CCU,HYD,17,8,Tuesday,1608,Rain,44,1
6E,MAA,CCU,8,12,Thursday,928,Clear,0,0
UK,DEL,CCU,15,7,Saturday,1180,Fog,25,1
6E,CCU,MAA,8,4,Sunday,1912,Rain,15,1
6E,BLR,BOM,17,5,Wednesday,1150,Clear,11,0
UK,BLR,MAA,1,10,Monday,851,Rain,8,0
QP,CCU,BOM,8,2,Saturday,1205,,7,0
UK,HYD,DEL,7,4,Thursday,1274,Rain,0,0
AI,BOM,CCU,14,6,Monday,840,Cloudy,2,0
6E,MAA,CCU,15,8,Saturday,857,Fog,17,1
AI,MAA,CCU,17,7,Thursday,1780,Clear,16,1
QP,BOM,BLR,21,9,Friday,1642,Cloudy,5,0
6E,MAA,BOM,19,12,Wednesday,1620,Clear,6,0
6E,HYD,MAA,0,3,Sunday,879,Fog,35,1
AI,BOM,HYD,16,6,Thursday,1588,Clear,5,0
UK,BLR,MAA,0,5,Friday,811,Clear,0,0
QP,CCU,BOM,9,2,Thursday,955,Rain,24,1
UK,BOM,HYD,14,2,Sunday,603,Clear,0,0
SG,MAA,CCU,7,8,Friday,1375,Cloudy,28,1
AI,MAA,HYD,16,7,Monday,1480,Clear,14,0
AI,CCU,MAA,19,4,Saturday,1402,Cloudy,19,1
SG,BOM,CCU,14,11,Monday,1715,Rain,26,1
AI,BOM,BLR,12,4,Thursday,772,Rain,28,1
UK,CCU,BOM,23,8,Wednesday,1602,Clear,11,0
6E,BLR,CCU,15,12,Thursday,1865,Cloudy,1,0
AI,HYD,MAA,5,9,Saturday,1122,Clear,14,0
UK,HYD,DEL,15,9,Monday,1315,Fog,23,1
QP,HYD,CCU,11,4,Monday,1567,Cloudy,0,0
AI,HYD,BOM,0,11,Sunday,714,Clear,8,0
QP,BLR,HYD,21,6,Tuesday,1206,Clear,3,0
UK,BLR,DEL,19,4,Thursday,1287,Clear,13,0
SG,BLR,BOM,14,9,Sunday,738,Fog,47,1
AI,HYD,BLR,16,7,Saturday,547,Clear,22,1
QP,MAA,BLR,13,2,Friday,677,Clear,0,0
AI,HYD,DEL,8,1,Monday,1446,,0,0
QP,MAA,BLR,22,2,Wednesday,1332,Cloudy,1,0
SG,BLR,MAA,13,2,Thursday,1490,Cloudy,0,0
6E,MAA,BLR,8,3,Monday,1526,Clear,0,0
AI,BLR,CCU,16,5,Friday,1509,Clear,11,0
SG,BLR,HYD,3,3,Saturday,1521,Clear,0,0
AI,DEL,CCU,7,11,Wednesday,491,Cloudy,9,0
SG,BOM,MAA,3,12,Sunday,658,Fog,38,1
SG,MAA,CCU,2,12,Sunday,628,Rain,21,1
6E,DEL,CCU,19,2,Saturday,1127,Clear,2,0
6E,BOM,MAA,10,7,Wednesday,571,Clear,3,0
6E,MAA,CCU,20,2,Monday,610,Clear,5,0
6E,CCU,MAA,15,9,Friday,1414,Rain,26,1
AI,BLR,HYD,5,2,Thursday,1847,,8,0
6E,BLR,MAA,5,4,Saturday,794,Clear,0,0
SG,HYD,CCU,10,3,Wednesday,518,Clear,7,0
6E,MAA,HYD,2,6,Tuesday,630,Clear,3,0
SG,BLR,MAA,14,5,Sunday,1736,Clear,0,0
QP,BOM,DEL,11,7,Sunday,1869,Fog,38,1
SG,BLR,CCU,3,3,Saturday,894,Clear,0,0
UK,BOM,MAA,12,7,Monday,1147,Rain,28,1
6E,MAA,DEL,20,2,Saturday,1252,Rain,43,1
QP,DEL,BOM,21,1,Sunday,1123,Clear,12,0
6E,HYD,BOM,10,2,Wednesday,1435,Clear,0,0
UK,DEL,BOM,1,4,Thursday,1392,Clear,0,0
UK,CCU,BLR,20,10,Monday,1688,Cloudy,16,1
SG,HYD,BLR,13,4,Friday,1240,Clear,0,0
UK,DEL,BLR,18,7,Saturday,1481,Rain,37,1
SG,CCU,MAA,1,9,Tuesday,965,Rain,32,1
QP,HYD,BLR,7,9,Friday,1235,Rain,24,1
6E,HYD,CCU,6,8,Tuesday,1273,Cloudy,1,0
QP,DEL,MAA,17,3,Monday,881,Clear,14,0
AI,BOM,HYD,16,8,Monday,1299,Cloudy,23,1
QP,MAA,HYD,17,4,Saturday,787,Cloudy,8,0
AI,BLR,BOM,9,8,Tuesday,1493,Clear,15,1
QP,HYD,BLR,7,12,Tuesday,1271,Clear,0,0
6E,CCU,MAA,4,1,Sunday,1004,Clear,0,0
QP,BLR,BOM,6,2,Saturday,851,Clear,3,0
AI,BLR,DEL,3,3,Tuesday,1596,Clear,0,0
UK,MAA,BLR,19,6,Friday,1474,Clear,10,0
QP,DEL,HYD,16,6,Thursday,1988,Fog,56,1
AI,BLR,DEL,16,4,Monday,1576,Clear,26,1
6E,CCU,MAA,21,11,Tuesday,1053,Clear,0,0
AI,BOM,CCU,17,1,Saturday,852,Clear,19,1
6E,BOM,DEL,7,7,Saturday,1439,Clear,2,0
6E,BLR,HYD,7,7,Wednesday,495,Fog,21,1
SG,DEL,MAA,3,10,Sunday,495,Clear,10,0
6E,DEL,MAA,17,7,Thursday,934,Clear,22,1
AI,BOM,DEL,20,2,Monday,1826,Clear,11,0
AI,CCU,BLR,17,4,Sunday,1006,Clear,26,1
QP,BOM,DEL,11,3,Monday,1527,Cloudy,5,0
QP,MAA,BLR,7,6,Sunday,602,Clear,1,0
6E,BLR,CCU,10,11,Monday,1320,Rain,27,1
AI,MAA,HYD,6,5,Wednesday,951,Cloudy,6,0
AI,BOM,HYD,3,5,Monday,483,Cloudy,3,0
QP,CCU,DEL,10,6,Friday,942,Clear,5,0
SG,BLR,BOM,5,2,Wednesday,1838,Clear,16,1
SG,MAA,BLR,17,11,Thursday,799,Clear,14,0
6E,MAA,HYD,21,8,Tuesday,1674,Clear,13,0
SG,BLR,BOM,4,9,Saturday,792,Clear,5,0
AI,MAA,CCU,0,5,Thursday,812,Cloudy,6,0
SG,DEL,HYD,20,4,Wednesday,502,Fog,39,1
UK,BLR,BOM,7,6,Monday,401,Cloudy,0,0
6E,BLR,DEL,6,3,Thursday,1813,Clear,0,0
SG,CCU,HYD,20,1,Saturday,1161,Clear,29,1
SG,CCU,BLR,20,9,Monday,1382,Fog,55,1
UK,MAA,CCU,13,11,Thursday,685,Clear,0,0
AI,CCU,HYD,3,3,Sunday,642,Clear,19,1
AI,CCU,HYD,16,8,Sunday,1186,Fog,61,1
QP,MAA,CCU,17,11,Sunday,1284,Clear,18,1
6E,HYD,BOM,10,9,Sunday,1478,Cloudy,15,1
6E,BOM,MAA,13,10,Tuesday,1217,Clear,8,0
SG,MAA,BLR,12,11,Tuesday,1083,Cloudy,10,0
6E,BOM,CCU,15,4,Friday,1199,Clear,10,0
6E,BOM,BLR,12,1,Saturday,1614,Rain,17,1
SG,CCU,MAA,23,10,Wednesday,1303,Clear,9,0
UK,DEL,CCU,0,10,Tuesday,1738,Clear,0,0
SG,DEL,BLR,1,3,Tuesday,1586,Rain,27,1
AI,HYD,DEL,3,11,Thursday,1859,Cloudy,0,0
UK,HYD,BOM,3,1,Monday,1641,Clear,0,0
UK,DEL,BOM,11,5,Friday,1311,Clear,2,0
SG,BLR,DEL,1,12,Saturday,582,Clear,0,0
AI,BOM,HYD,4,5,Saturday,1123,Storm,47,1
AI,BOM,BLR,12,10,Wednesday,1282,Cloudy,12,0
SG,BOM,DEL,21,1,Monday,1781,Clear,15,1
SG,MAA,DEL,19,6,Thursday,1138,Clear,22,1
QP,BLR,BOM,5,10,Saturday,1505,Clear,2,0
6E,CCU,BLR,1,11,Sunday,476,Fog,26,1
QP,DEL,CCU,17,6,Monday,694,Clear,18,1
6E,MAA,BOM,18,1,Monday,1634,Clear,4,0
SG,CCU,MAA,22,7,Monday,416,Clear,6,0
AI,BLR,MAA,10,9,Thursday,1781,Cloudy,18,1
QP,MAA,BOM,1,6,Tuesday,1207,Rain,27,1
6E,BLR,BOM,22,12,Sunday,1345,Cloudy,8,0
QP,HYD,DEL,6,4,Wednesday,1700,Rain,19,1
6E,CCU,HYD,9,10,Saturday,853,Rain,25,1
SG,HYD,DEL,9,10,Wednesday,965,Storm,58,1
UK,HYD,BOM,23,6,Tuesday,514,Clear,2,0
AI,CCU,MAA,8,2,Monday,1296,Clear,8,0
AI,BLR,HYD,13,5,Tuesday,780,Clear,10,0
SG,BOM,MAA,12,10,Saturday,1159,Rain,39,1
AI,MAA,HYD,23,11,Saturday,1406,Clear,0,0
6E,MAA,HYD,22,6,Friday,917,Clear,0,0
UK,BOM,CCU,15,4,Monday,875,Cloudy,0,0
6E,MAA,BOM,2,10,Wednesday,1011,Clear,0,0
AI,DEL,BOM,8,12,Friday,1360,Cloudy,19,1
SG,BOM,MAA,15,2,Sunday,397,Cloudy,8,0
SG,CCU,DEL,19,4,Tuesday,1822,Storm,53,1
SG,HYD,DEL,18,10,Tuesday,1062,Cloudy,16,1
QP,HYD,MAA,11,2,Saturday,646,Clear,0,0
AI,HYD,BLR,16,12,Thursday,783,Clear,0,0
UK,DEL,HYD,7,3,Wednesday,1891,Clear,1,0
6E,CCU,BOM,15,6,Wednesday,1202,Clear,10,0
QP,BOM,DEL,11,7,Wednesday,1239,Rain,34,1
UK,MAA,BOM,16,5,Thursday,1212,Cloudy,0,0
AI,CCU,BOM,20,2,Saturday,1069,Cloudy,19,1
SG,BOM,DEL,19,1,Friday,734,Cloudy,33,1
AI,HYD,BLR,17,5,Monday,711,Cloudy,25,1
6E,DEL,MAA,18,4,Monday,696,Rain,48,1
SG,HYD,CCU,4,11,Friday,420,Clear,2,0
UK,BLR,HYD,4,8,Saturday,1241,Clear,0,0
SG,DEL,BOM,20,2,Sunday,1455,Clear,28,1
UK,MAA,BLR,12,10,Sunday,1028,Rain,8,0
QP,CCU,BOM,10,8,Friday,1381,Fog,39,1
UK,DEL,BOM,15,2,Tuesday,1014,Fog,29,1
AI,CCU,MAA,1,5,Monday,1545,Clear,7,0
AI,CCU,HYD,3,9,Saturday,1602,Storm,50,1
SG,HYD,BLR,3,8,Sunday,726,Rain,19,1
AI,CCU,BLR,13,7,Wednesday,1419,Clear,0,0
6E,BOM,DEL,1,6,Monday,1605,Cloudy,11,0
AI,MAA,BLR,1,9,Saturday,1275,Storm,47,1
6E,MAA,HYD,16,11,Wednesday,1365,Clear,2,0
UK,HYD,CCU,17,3,Friday,698,Fog,38,1
AI,CCU,BLR,6,5,Tuesday,897,Clear,2,0
UK,CCU,BOM,16,11,Wednesday,363,Clear,0,0
QP,MAA,CCU,2,7,Saturday,798,Clear,15,1
AI,HYD,BOM,9,3,Saturday,1347,Clear,0,0
AI,CCU,DEL,8,2,Tuesday,1416,Cloudy,10,0
6E,HYD,CCU,8,9,Saturday,1078,Clear,0,0
QP,HYD,MAA,20,6,Tuesday,1651,Clear,17,1
UK,BOM,DEL,1,10,Saturday,1185,Fog,12,0
SG,BOM,DEL,15,2,Wednesday,1602,Clear,12,0
AI,CCU,BOM,6,8,Friday,987,Clear,9,0
SG,BLR,MAA,11,7,Wednesday,1622,Fog,44,1
AI,HYD,CCU,4,6,Monday,1554,Fog,15,1
SG,MAA,CCU,17,6,Saturday,816,Rain,40,1
AI,BOM,HYD,1,4,Monday,1918,Clear,9,0
QP,BOM,CCU,1,10,Thursday,1229,Clear,0,0
6E,DEL,BOM,7,4,Monday,1355,Rain,23,1
AI,BOM,CCU,21,6,Thursday,1065,Rain,34,1
6E,HYD,CCU,0,11,Monday,563,Cloudy,0,0
AI,MAA,DEL,4,8,Tuesday,866,Clear,1,0
AI,BOM,CCU,11,1,Sunday,624,Cloudy,19,1
UK,BLR,DEL,0,1,Sunday,807,Cloudy,2,0
6E,BOM,HYD,12,7,Thursday,1178,Rain,28,1
6E,MAA,DEL,8,9,Wednesday,1398,Clear,0,0
QP,HYD,DEL,15,6,Friday,600,Clear,0,0
AI,DEL,BLR,1,12,Wednesday,1485,Clear,8,0
6E,HYD,CCU,4,11,Tuesday,794,Rain,6,0
AI,BLR,HYD,4,6,Tuesday,1250,Rain,39,1
UK,CCU,MAA,17,3,Friday,1523,Clear,24,1
6E,BOM,CCU,17,1,Sunday,1371,Clear,9,0
AI,CCU,DEL,2,1,Friday,1087,Cloudy,6,0
AI,MAA,DEL,9,8,Friday,1028,Clear,17,1
QP,DEL,BOM,16,5,Saturday,1332,Rain,39,1
AI,MAA,HYD,0,2,Monday,1272,,0,0
SG,MAA,BLR,2,1,Friday,1691,Rain,31,1
QP,BLR,CCU,15,6,Tuesday,469,Clear,7,0
UK,DEL,BLR,13,8,Wednesday,1577,Rain,18,1
6E,BLR,HYD,16,1,Thursday,508,Clear,0,0
SG,HYD,MAA,11,6,Saturday,1727,,0,0
QP,DEL,MAA,21,6,Tuesday,1121,Clear,0,0
AI,BLR,DEL,3,1,Sunday,440,Clear,0,0
QP,MAA,DEL,3,11,Friday,1834,Cloudy,4,0
QP,HYD,BLR,15,3,Wednesday,691,Rain,20,1
AI,CCU,DEL,20,2,Wednesday,1690,Clear,19,1
AI,BOM,HYD,0,2,Monday,1571,Rain,29,1
SG,MAA,BLR,17,6,Wednesday,1716,Clear,19,1
AI,BLR,MAA,23,9,Monday,1364,Clear,23,1
SG,BOM,CCU,13,4,Saturday,908,Clear,0,0
AI,CCU,MAA,19,10,Saturday,1211,Rain,34,1
SG,HYD,DEL,6,4,Thursday,1518,Clear,2,0
6E,HYD,BLR,19,3,Sunday,1066,Clear,0,0
AI,BOM,CCU,10,8,Monday,1875,Clear,15,1
AI,CCU,BLR,7,10,Sunday,1189,Clear,0,0
AI,DEL,MAA,4,9,Wednesday,550,Clear,7,0
UK,DEL,BLR,20,7,Saturday,442,Clear,24,1
AI,BOM,MAA,17,11,Sunday,1018,Rain,43,1
QP,HYD,DEL,18,11,Monday,562,Clear,19,1
SG,DEL,MAA,16,4,Saturday,965,Clear,30,1
6E,MAA,BOM,6,8,Sunday,825,Cloudy,0,0
QP,BOM,MAA,4,1,Saturday,1621,Clear,0,0
SG,MAA,BLR,15,1,Tuesday,1677,Clear,12,0
SG,MAA,DEL,6,6,Saturday,1210,Rain,28,1
AI,CCU,HYD,15,9,Tuesday,1529,Clear,0,0
SG,BOM,CCU,21,8,Monday,1821,Rain,43,1
UK,DEL,MAA,17,2,Friday,1747,Cloudy,30,1
QP,MAA,CCU,11,9,Monday,571,Rain,33,1
UK,BLR,DEL,21,8,Thursday,1104,Clear,0,0
SG,CCU,BLR,13,10,Monday,1007,Cloudy,20,1
6E,BOM,BLR,11,8,Saturday,864,Cloudy,14,0
AI,HYD,DEL,23,11,Monday,1144,Rain,11,0
AI,DEL,BOM,8,5,Friday,467,Clear,21,1
QP,BLR,DEL,4,1,Saturday,841,Cloudy,1,0
SG,DEL,MAA,3,8,Monday,791,Clear,27,1
6E,MAA,BLR,15,12,Monday,1899,Clear,0,0
SG,HYD,MAA,12,2,Sunday,1733,Clear,2,0
AI,DEL,CCU,18,12,Thursday,1398,Fog,38,1
AI,BLR,DEL,3,10,Thursday,1091,Cloudy,11,0
UK,BLR,CCU,7,1,Tuesday,1175,Cloudy,10,0
SG,MAA,BOM,2,7,Thursday,1351,Cloudy,20,1
QP,BLR,MAA,7,4,Saturday,817,Clear,0,0
SG,BLR,CCU,23,8,Saturday,704,Clear,5,0
6E,MAA,BOM,21,10,Saturday,1556,Cloudy,0,0
QP,HYD,CCU,11,5,Wednesday,1716,Cloudy,10,0
UK,MAA,HYD,2,6,Saturday,1944,Cloudy,0,0
QP,CCU,DEL,23,1,Thursday,693,Clear,0,0
AI,CCU,MAA,3,1,Wednesday,1633,Cloudy,31,1
AI,CCU,DEL,2,10,Wednesday,1361,Cloudy,10,0
AI,MAA,HYD,9,5,Sunday,1183,Clear,4,0
QP,HYD,BLR,22,11,Tuesday,515,Cloudy,0,0
AI,HYD,DEL,19,7,Sunday,1561,Clear,25,1
QP,BOM,HYD,8,5,Sunday,656,Clear,0,0
SG,MAA,BLR,10,11,Friday,1076,Rain,27,1
AI,MAA,DEL,1,1,Monday,817,Clear,0,0
QP,CCU,HYD,6,10,Friday,443,Rain,16,1
AI,MAA,DEL,16,1,Monday,1018,Cloudy,8,0
AI,BLR,HYD,10,12,Wednesday,1657,Clear,2,0
UK,BOM,MAA,23,7,Monday,1447,Rain,20,1
6E,CCU,MAA,10,6,Saturday,770,Clear,5,0
6E,MAA,CCU,20,8,Thursday,1604,Clear,10,0
AI,CCU,HYD,17,10,Sunday,942,Clear,20,1
SG,HYD,CCU,12,4,Friday,866,Cloudy,4,0
AI,HYD,DEL,20,2,Wednesday,1636,Clear,12,0
6E,DEL,HYD,20,12,Saturday,1156,Clear,7,0
UK,DEL,BOM,7,7,Wednesday,1509,Rain,23,1
UK,MAA,DEL,6,4,Tuesday,1950,Rain,5,0
SG,BOM,BLR,17,11,Tuesday,1219,Fog,34,1
6E,DEL,BLR,0,1,Friday,1183,Clear,4,0
SG,MAA,BOM,16,11,Sunday,608,Rain,46,1
SG,HYD,DEL,10,1,Saturday,1256,Rain,29,1
6E,DEL,BLR,18,8,Thursday,1665,Clear,10,0
6E,BLR,DEL,3,1,Monday,1951,Clear,0,0
UK,BLR,DEL,13,2,Sunday,1077,Clear,0,0
UK,DEL,BLR,12,4,Wednesday,788,Rain,18,1
AI,HYD,DEL,0,3,Friday,1055,Cloudy,8,0
UK,BLR,CCU,12,1,Wednesday,1823,Clear,0,0
AI,CCU,MAA,15,9,Wednesday,809,Clear,12,0
UK,DEL,CCU,9,10,Wednesday,1386,Rain,23,1
QP,CCU,DEL,14,4,Friday,1060,Cloudy,19,1
UK,DEL,BLR,7,9,Thursday,1467,Rain,36,1
SG,MAA,BOM,14,4,Tuesday,1183,Clear,10,0
6E,MAA,HYD,5,3,Wednesday,1096,Fog,26,1
QP,BLR,BOM,6,11,Thursday,811,Clear,0,0
QP,BOM,MAA,1,7,Friday,1742,Clear,12,0
QP,DEL,BOM,2,1,Thursday,980,Fog,35,1
SG,BLR,CCU,3,9,Tuesday,1762,Clear,6,0
SG,MAA,DEL,4,5,Friday,1685,Cloudy,11,0
UK,MAA,CCU,17,1,Saturday,1214,Clear,0,0
QP,BOM,DEL,5,3,Wednesday,962,Cloudy,6,0
QP,DEL,CCU,8,4,Friday,1184,Clear,5,0
UK,HYD,BLR,4,1,Thursday,779,Clear,0,0
AI,HYD,DEL,10,9,Wednesday,1248,Clear,6,0
AI,CCU,BOM,5,3,Sunday,1643,Fog,43,1
6E,MAA,CCU,7,2,Sunday,1339,Fog,33,1
AI,HYD,CCU,1,3,Tuesday,1620,Rain,23,1
6E,HYD,BLR,12,9,Friday,1145,Rain,12,0
AI,HYD,DEL,6,7,Sunday,1138,Cloudy,18,1
QP,BLR,BOM,15,10,Thursday,1194,Clear,3,0
AI,MAA,DEL,23,6,Thursday,1645,Clear,2,0
SG,BOM,DEL,11,9,Sunday,934,Rain,44,1
6E,MAA,DEL,12,6,Friday,624,Clear,8,0
AI,CCU,HYD,19,8,Saturday,670,Clear,8,0
SG,BLR,MAA,8,11,Monday,1528,Clear,16,1
QP,BLR,HYD,3,8,Friday,1944,Storm,50,1
SG,BLR,BOM,17,6,Tuesday,1729,Clear,13,0
QP,MAA,HYD,15,11,Tuesday,1678,Clear,0,0
UK,BOM,MAA,11,8,Saturday,1160,Cloudy,4,0
SG,BLR,HYD,9,12,Sunday,855,Cloudy,25,1
AI,HYD,CCU,0,8,Sunday,1640,Clear,12,0
QP,MAA,DEL,13,9,Saturday,927,Cloudy,12,0
SG,BOM,CCU,13,7,Thursday,1178,Clear,7,0
6E,DEL,BOM,12,11,Thursday,1709,Clear,0,0
6E,HYD,MAA,7,4,Tuesday,430,Cloudy,0,0
SG,HYD,BOM,3,7,Saturday,1540,Fog,40,1
AI,MAA,DEL,13,11,Saturday,406,Rain,28,1
QP,DEL,BLR,14,3,Monday,1436,Clear,6,0
6E,DEL,BLR,4,6,Sunday,671,Clear,2,0
AI,BLR,HYD,2,1,Wednesday,1589,Clear,0,0
6E,HYD,BOM,11,7,Friday,1786,Clear,5,0
QP,DEL,CCU,1,5,Monday,1030,Clear,9,0
6E,BOM,MAA,4,7,Tuesday,1865,Clear,4,0
UK,BLR,CCU,15,3,Friday,1409,Clear,0,0
QP,BOM,MAA,7,10,Wednesday,545,Clear,0,0
AI,MAA,BLR,11,12,Monday,952,Clear,0,0
SG,DEL,BLR,16,7,Sunday,766,,36,1
6E,CCU,HYD,4,8,Sunday,1738,Clear,0,0
SG,BOM,CCU,5,6,Tuesday,1701,Clear,22,1
AI,BLR,DEL,7,4,Friday,1556,Clear,6,0
AI,CCU,BLR,10,6,Tuesday,1265,Clear,15,1
SG,HYD,BOM,13,6,Saturday,729,Clear,0,0
QP,CCU,MAA,1,10,Friday,1600,Clear,10,0
QP,DEL,CCU,11,9,Saturday,976,Rain,44,1
SG,MAA,DEL,16,4,Thursday,697,Clear,10,0
UK,DEL,MAA,20,8,Monday,1682,Cloudy,18,1
AI,HYD,BLR,12,12,Tuesday,669,Cloudy,0,0
6E,BOM,CCU,15,6,Sunday,1219,Cloudy,21,1
SG,MAA,DEL,19,11,Friday,890,,31,1
6E,DEL,BOM,17,6,Wednesday,1587,Clear,23,1
UK,CCU,MAA,12,2,Sunday,1274,Clear,0,0
AI,BLR,MAA,13,3,Thursday,766,Clear,6,0
UK,HYD,DEL,23,4,Saturday,1771,Clear,0,0
6E,HYD,DEL,18,7,Saturday,524,Clear,18,1
AI,DEL,BLR,5,11,Monday,1564,Clear,14,0
AI,BOM,DEL,10,5,Sunday,1228,Clear,10,0
UK,MAA,BLR,17,4,Sunday,1197,Fog,46,1
6E,CCU,MAA,12,8,Sunday,1183,Clear,13,0
AI,CCU,MAA,10,4,Friday,868,Clear,10,0
UK,HYD,BLR,14,6,Friday,1800,Cloudy,2,0
AI,BOM,HYD,9,3,Tuesday,1567,Rain,37,1
AI,BLR,HYD,16,4,Tuesday,1674,Clear,8,0
AI,BLR,MAA,17,1,Monday,1155,Cloudy,30,1
UK,BLR,HYD,21,7,Tuesday,1752,Clear,0,0
QP,BLR,HYD,22,6,Sunday,1123,Fog,54,1
6E,CCU,HYD,17,3,Tuesday,1138,Cloudy,17,1
6E,BLR,HYD,18,10,Monday,973,Clear,0,0
6E,DEL,CCU,18,3,Friday,1521,Cloudy,32,1
6E,MAA,BLR,7,8,Tuesday,1451,Clear,0,0
SG,HYD,CCU,21,2,Thursday,1315,Clear,0,0
6E,BLR,DEL,12,1,Friday,874,Clear,11,0
SG,HYD,BLR,20,2,Friday,1002,Cloudy,43,1
QP,CCU,BLR,5,7,Saturday,889,Storm,51,1
QP,CCU,BLR,7,3,Monday,1377,Clear,3,0
UK,MAA,DEL,14,4,Tuesday,1463,Cloudy,0,0
SG,HYD,BOM,13,7,Wednesday,611,Cloudy,17,1
QP,DEL,BLR,9,8,Saturday,1514,Clear,12,0
SG,HYD,MAA,5,10,Thursday,1263,Cloudy,6,0
6E,MAA,BLR,5,5,Saturday,618,Rain,11,0
AI,CCU,HYD,17,2,Saturday,900,Cloudy,21,1
AI,MAA,BOM,0,12,Saturday,905,Clear,0,0
QP,CCU,MAA,2,10,Friday,1190,Cloudy,16,1
UK,HYD,MAA,22,10,Saturday,1047,Rain,9,0
6E,DEL,BLR,23,12,Friday,1280,Clear,8,0
6E,BLR,MAA,1,9,Monday,792,Clear,3,0
6E,BOM,DEL,3,12,Tuesday,1056,Cloudy,0,0
QP,CCU,HYD,7,7,Sunday,653,Clear,12,0
SG,MAA,CCU,14,7,Monday,767,Rain,35,1
QP,BLR,CCU,4,8,Thursday,1185,Clear,0,0
6E,BLR,DEL,23,7,Saturday,727,Clear,0,0
UK,DEL,BOM,11,6,Thursday,992,Rain,20,1
AI,DEL,MAA,12,4,Tuesday,1400,Clear,7,0
QP,BOM,CCU,4,10,Monday,1284,Clear,0,0
UK,BOM,MAA,7,4,Friday,1519,Clear,0,0
UK,BOM,BLR,17,11,Friday,1371,Rain,25,1
UK,CCU,DEL,15,9,Friday,2040,Clear,8,0
6E,MAA,HYD,5,12,Tuesday,1879,Cloudy,3,0
QP,HYD,MAA,10,8,Thursday,980,Storm,67,1
UK,BOM,MAA,4,8,Thursday,1121,Cloudy,7,0
SG,CCU,MAA,9,5,Saturday,524,Clear,0,0
AI,HYD,CCU,5,9,Tuesday,1415,Clear,14,0
6E,HYD,DEL,23,7,Friday,1331,Clear,9,0
QP,BLR,BOM,7,5,Friday,1698,Clear,0,0
AI,HYD,CCU,11,1,Friday,553,Clear,5,0
AI,CCU,BLR,15,1,Monday,1099,Clear,3,0
QP,MAA,BOM,0,3,Monday,1142,Cloudy,0,0
6E,BLR,HYD,5,9,Friday,729,Cloudy,13,0
6E,MAA,CCU,23,12,Friday,839,Cloudy,0,0
UK,CCU,BOM,16,12,Friday,848,Clear,0,0
AI,BOM,BLR,5,7,Saturday,1483,Clear,9,0
AI,CCU,MAA,10,11,Wednesday,1490,Rain,35,1
AI,HYD,BLR,20,1,Wednesday,1484,Rain,31,1
AI,BOM,MAA,4,11,Sunday,931,Clear,2,0
AI,CCU,HYD,7,12,Friday,469,Clear,8,0
SG,MAA,BOM,5,5,Thursday,571,Cloudy,5,0
6E,BLR,MAA,15,1,Thursday,1416,Clear,0,0
AI,BOM,HYD,12,9,Saturday,728,Clear,11,0
AI,CCU,BLR,12,1,Wednesday,1637,Clear,0,0
UK,MAA,BLR,9,8,Thursday,1031,Clear,14,0
QP,DEL,BOM,7,4,Monday,1408,Clear,8,0
6E,HYD,BLR,12,7,Saturday,641,,2,0
AI,DEL,HYD,19,12,Thursday,1758,Clear,5,0
6E,BOM,MAA,19,2,Sunday,1821,Rain,43,1
UK,HYD,MAA,18,1,Wednesday,1783,Rain,29,1
AI,BOM,BLR,1,7,Wednesday,498,Clear,0,0
QP,HYD,MAA,11,9,Monday,1855,Clear,0,0
SG,BLR,HYD,9,4,Sunday,815,Clear,6,0
6E,HYD,BLR,22,2,Wednesday,1204,Fog,27,1
QP,MAA,DEL,9,9,Tuesday,1644,Clear,17,1
6E,DEL,BOM,5,9,Friday,1330,Fog,33,1
AI,MAA,HYD,6,12,Saturday,1518,Cloudy,0,0
QP,BOM,BLR,4,11,Monday,798,Rain,5,0
QP,DEL,BOM,10,9,Thursday,1698,Clear,3,0
6E,BLR,BOM,6,1,Thursday,1305,Cloudy,0,0
UK,BOM,CCU,13,4,Monday,1787,Clear,0,0
AI,BOM,DEL,5,8,Tuesday,613,Cloudy,16,1
SG,BLR,DEL,14,6,Friday,968,Cloudy,24,1
SG,CCU,BLR,14,1,Sunday,1561,Rain,32,1
SG,HYD,BLR,16,7,Monday,559,Cloudy,20,1
UK,MAA,CCU,21,10,Friday,790,Storm,33,1
SG,DEL,BOM,1,9,Sunday,1645,Clear,13,0
UK,DEL,BLR,1,12,Saturday,1737,Cloudy,0,0
QP,BLR,BOM,11,2,Saturday,1019,,0,0
AI,MAA,BOM,12,12,Sunday,629,Clear,6,0
UK,CCU,BOM,18,7,Friday,577,Clear,21,1
UK,DEL,BOM,5,4,Monday,1522,Clear,0,0
UK,BLR,MAA,10,11,Tuesday,1625,Clear,0,0
AI,BLR,MAA,14,2,Wednesday,1465,Clear,5,0
6E,MAA,BOM,15,1,Sunday,516,Clear,0,0
QP,BOM,BLR,13,9,Tuesday,1010,Cloudy,11,0
AI,BLR,BOM,14,9,Saturday,854,Clear,13,0
SG,CCU,BLR,3,2,Friday,1299,Fog,42,1
SG,BLR,DEL,11,11,Saturday,1434,Clear,2,0
UK,MAA,BLR,12,11,Monday,1631,Clear,0,0
AI,HYD,BOM,1,10,Wednesday,651,Rain,5,0
AI,HYD,BLR,23,5,Thursday,1172,Rain,19,1
6E,BOM,CCU,15,12,Thursday,740,Clear,1,0
AI,CCU,HYD,17,2,Sunday,684,Clear,9,0
AI,BOM,BLR,12,10,Wednesday,1549,Rain,33,1
AI,CCU,MAA,22,11,Sunday,1276,Fog,32,1
AI,CCU,MAA,0,7,Saturday,871,Storm,37,1
QP,HYD,DEL,22,5,Friday,1038,Clear,0,0
SG,CCU,BLR,4,6,Wednesday,1670,Clear,11,0
AI,MAA,BLR,21,1,Monday,890,Clear,0,0
SG,MAA,BLR,1,1,Tuesday,526,Cloudy,12,0
AI,DEL,BLR,7,5,Friday,641,Clear,18,1
UK,DEL,MAA,13,1,Tuesday,878,Clear,0,0
AI,DEL,CCU,15,8,Sunday,1148,Fog,41,1
AI,DEL,HYD,0,8,Wednesday,1786,Clear,0,0
AI,CCU,DEL,8,11,Tuesday,1392,Clear,12,0
UK,BOM,CCU,20,4,Friday,569,Cloudy,16,1
UK,DEL,BLR,4,10,Tuesday,756,Fog,16,1
6E,CCU,BLR,22,4,Saturday,1663,Fog,21,1
SG,BOM,DEL,17,7,Thursday,638,Clear,36,1
SG,MAA,BLR,23,10,Sunday,1602,Cloudy,19,1
SG,CCU,BOM,21,5,Saturday,1517,Fog,42,1
UK,HYD,CCU,5,2,Monday,685,Cloudy,0,0
UK,CCU,DEL,22,10,Sunday,1282,Clear,0,0
UK,CCU,BLR,11,4,Monday,1210,Cloudy,0,0
6E,DEL,BLR,6,3,Saturday,543,Clear,0,0
UK,DEL,CCU,21,9,Wednesday,573,Clear,5,0
AI,BLR,MAA,11,7,Wednesday,779,Clear,4,0
QP,HYD,CCU,16,1,Saturday,1676,Clear,9,0
6E,MAA,BOM,14,11,Tuesday,444,Rain,16,1
SG,BOM,HYD,7,7,Sunday,1855,Clear,25,1
QP,BOM,HYD,23,4,Monday,1285,Clear,7,0
UK,BOM,BLR,20,2,Tuesday,922,Clear,3,0
QP,BOM,DEL,12,9,Wednesday,956,Cloudy,4,0
UK,CCU,MAA,13,10,Wednesday,1790,Cloudy,11,0
AI,BLR,DEL,1,9,Sunday,990,Rain,34,1
AI,CCU,BOM,17,8,Sunday,849,Rain,44,1
AI,DEL,CCU,21,11,Wednesday,1683,Cloudy,0,0
QP,DEL,MAA,23,8,Friday,1373,Cloudy,25,1
UK,MAA,HYD,13,3,Wednesday,1501,Cloudy,0,0
6E,BOM,DEL,23,3,Wednesday,694,Clear,0,0
UK,DEL,BOM,19,5,Wednesday,1837,Clear,11,0
6E,HYD,BOM,12,9,Tuesday,407,Clear,6,0
QP,DEL,HYD,19,1,Friday,1876,Rain,32,1
QP,DEL,HYD,3,4,Monday,931,Cloudy,16,1
AI,BLR,CCU,16,6,Wednesday,519,Clear,11,0
SG,HYD,MAA,14,7,Monday,1011,Storm,40,1
6E,HYD,MAA,11,2,Thursday,1005,Fog,17,1
AI,HYD,MAA,15,2,Friday,757,Clear,10,0
QP,DEL,BOM,20,11,Thursday,1636,Storm,52,1
AI,BOM,HYD,13,2,Saturday,1093,Clear,2,0
6E,BLR,BOM,9,1,Friday,549,Clear,0,0
AI,BOM,BLR,10,3,Wednesday,1777,Cloudy,21,1
UK,HYD,CCU,13,5,Sunday,1018,Clear,0,0
UK,BOM,BLR,13,3,Friday,1556,Cloudy,1,0
6E,HYD,MAA,7,10,Monday,523,Rain,18,1
AI,CCU,BOM,12,2,Tuesday,983,Clear,0,0
AI,HYD,CCU,6,2,Friday,1387,Clear,3,0
QP,BLR,BOM,22,2,Monday,1016,Clear,0,0
QP,BLR,BOM,12,8,Tuesday,347,Clear,3,0
QP,HYD,BOM,20,11,Monday,1627,Cloudy,6,0
UK,MAA,BOM,9,2,Saturday,1391,Rain,17,1
UK,BOM,HYD,9,7,Monday,1403,Rain,27,1
SG,DEL,HYD,6,5,Tuesday,601,Clear,4,0
SG,MAA,BOM,13,8,Sunday,1132,Clear,16,1
UK,HYD,MAA,14,8,Monday,1870,Clear,0,0
6E,DEL,HYD,13,4,Tuesday,819,Cloudy,0,0
UK,HYD,BLR,20,8,Saturday,731,Clear,5,0
AI,DEL,MAA,12,1,Monday,1854,Clear,17,1
AI,HYD,BLR,19,6,Tuesday,916,Clear,2,0
SG,MAA,DEL,1,12,Saturday,1219,Cloudy,8,0
QP,DEL,BLR,8,11,Monday,453,Clear,4,0
AI,MAA,CCU,17,1,Wednesday,992,Clear,15,1
AI,DEL,MAA,9,1,Tuesday,1888,Rain,28,1
AI,BOM,BLR,17,10,Tuesday,1821,Rain,37,1
SG,MAA,CCU,14,3,Wednesday,1813,Clear,0,0
6E,BLR,DEL,11,8,Tuesday,1456,Rain,19,1
6E,CCU,DEL,13,7,Saturday,1457,Rain,29,1
AI,CCU,BOM,21,5,Monday,1585,Rain,27,1
QP,CCU,MAA,16,4,Wednesday,543,Rain,30,1
UK,DEL,HYD,23,9,Monday,944,Cloudy,14,0
SG,BOM,BLR,2,4,Monday,561,Rain,45,1
SG,BOM,MAA,19,10,Friday,1949,Clear,18,1
AI,HYD,CCU,21,3,Thursday,1293,Clear,0,0
QP,BLR,MAA,22,11,Thursday,1574,Rain,19,1
UK,MAA,BLR,12,9,Tuesday,1269,Clear,2,0
SG,BOM,BLR,11,7,Tuesday,1282,Clear,9,0
6E,BOM,HYD,14,2,Sunday,1524,Clear,9,0
QP,HYD,BOM,21,3,Saturday,1860,Cloudy,0,0
QP,HYD,MAA,20,8,Thursday,1664,Cloudy,19,1
UK,MAA,BLR,22,7,Monday,1132,Cloudy,2,0
AI,BOM,BLR,23,2,Sunday,1260,Clear,8,0
QP,HYD,BLR,14,2,Thursday,1050,Rain,8,0
QP,CCU,HYD,6,8,Tuesday,582,Clear,4,0
UK,HYD,BOM,3,5,Monday,1120,Rain,18,1
UK,CCU,DEL,21,6,Sunday,878,Clear,0,0
6E,BLR,BOM,3,8,Monday,1594,Clear,4,0
AI,DEL,HYD,1,11,Wednesday,1746,Clear,13,0
QP,MAA,DEL,11,4,Thursday,1354,Cloudy,1,0
UK,BLR,CCU,17,9,Wednesday,514,Rain,28,1
6E,DEL,MAA,17,11,Tuesday,1698,Cloudy,19,1
SG,DEL,BLR,6,11,Friday,959,Storm,47,1
AI,BOM,BLR,12,12,Monday,1183,Clear,1,0
AI,BOM,BLR,21,1,Sunday,1357,Clear,20,1
6E,MAA,CCU,19,1,Thursday,1154,Clear,3,0
UK,HYD,BLR,22,11,Saturday,1594,Cloudy,0,0
6E,BOM,DEL,18,3,Saturday,1067,Clear,3,0
AI,DEL,HYD,2,4,Saturday,1440,Clear,7,0
6E,DEL,BLR,4,6,Thursday,1475,Cloudy,5,0
6E,CCU,BOM,4,8,Monday,1222,Clear,1,0
UK,BLR,BOM,3,1,Monday,1533,Rain,0,0
UK,DEL,BOM,20,8,Wednesday,1522,Clear,15,1
QP,MAA,BLR,16,2,Wednesday,1731,Clear,9,0
QP,CCU,DEL,21,5,Sunday,1046,Clear,0,0
6E,DEL,MAA,7,11,Thursday,1732,Fog,24,1
QP,CCU,BLR,23,2,Sunday,1083,Clear,0,0
UK,MAA,BLR,22,1,Tuesday,1103,Clear,0,0
AI,BOM,DEL,2,6,Sunday,750,Clear,9,0
6E,MAA,BLR,20,3,Wednesday,604,Storm,56,1
SG,BLR,DEL,2,3,Sunday,1068,,16,1
QP,HYD,MAA,10,6,Thursday,1212,Rain,28,1
6E,DEL,CCU,4,3,Monday,1129,Clear,9,0
AI,BOM,MAA,13,1,Sunday,1488,Rain,40,1
AI,MAA,HYD,0,12,Tuesday,905,Clear,0,0
AI,MAA,HYD,20,10,Saturday,382,Clear,2,0
SG,DEL,BLR,11,5,Saturday,1245,Storm,53,1
UK,BOM,MAA,20,10,Tuesday,621,Clear,7,0
UK,HYD,MAA,10,12,Thursday,891,Cloudy,0,0
SG,CCU,BOM,13,5,Saturday,1511,Fog,49,1
QP,MAA,CCU,17,2,Sunday,449,Clear,15,1
SG,MAA,HYD,23,3,Wednesday,903,Rain,13,0
AI,BLR,BOM,8,12,Wednesday,1341,Clear,8,0
UK,DEL,MAA,12,11,Saturday,1762,Clear,0,0
QP,MAA,HYD,7,9,Thursday,1082,Clear,4,0
SG,MAA,DEL,0,9,Friday,889,Cloudy,16,1
6E,BLR,DEL,20,4,Monday,700,Clear,0,0
6E,HYD,BOM,13,7,Friday,1942,Clear,10,0
QP,BOM,DEL,8,5,Wednesday,816,Cloudy,26,1
AI,BLR,MAA,18,5,Wednesday,1397,Clear,9,0
UK,BOM,BLR,19,9,Sunday,1638,Clear,17,1
AI,BLR,MAA,23,7,Friday,1651,Clear,19,1
QP,DEL,BOM,10,6,Thursday,1108,Clear,10,0
AI,HYD,BOM,2,3,Thursday,1156,Clear,2,0
AI,BOM,HYD,11,8,Saturday,907,Clear,9,0
6E,MAA,BLR,10,6,Friday,1183,Fog,31,1
6E,HYD,CCU,4,1,Tuesday,1619,Cloudy,0,0
UK,CCU,BOM,14,9,Thursday,1481,Storm,41,1
6E,BOM,BLR,9,5,Friday,758,Rain,29,1
6E,BOM,DEL,21,5,Monday,500,Storm,30,1
UK,BOM,BLR,1,12,Monday,1426,Clear,0,0
UK,HYD,DEL,17,9,Thursday,1265,Clear,0,0
QP,DEL,CCU,14,1,Friday,973,Clear,10,0
UK,MAA,BOM,5,9,Monday,1755,Clear,1,0
UK,MAA,CCU,8,4,Thursday,752,Rain,9,0
SG,MAA,DEL,20,10,Tuesday,1657,Clear,14,0
AI,DEL,BOM,8,5,Friday,1278,Fog,40,1
SG,BLR,DEL,15,7,Thursday,1699,Clear,7,0
QP,HYD,BLR,12,9,Monday,1141,Cloudy,5,0
6E,BLR,HYD,21,3,Wednesday,1631,Cloudy,0,0
AI,BLR,DEL,15,2,Sunday,672,Clear,0,0
6E,MAA,HYD,20,9,Monday,1475,Rain,35,1
6E,CCU,MAA,21,1,Wednesday,824,Cloudy,13,0
UK,BOM,DEL,3,10,Monday,1675,Clear,0,0
QP,BOM,BLR,20,6,Sunday,1271,Clear,23,1
UK,BOM,HYD,23,2,Thursday,1608,Cloudy,10,0
AI,BLR,HYD,0,10,Friday,1739,Cloudy,20,1
6E,HYD,DEL,10,11,Sunday,601,Clear,6,0
SG,MAA,BOM,6,1,Monday,1060,Cloudy,10,0
6E,BOM,BLR,23,12,Thursday,1463,Clear,1,0
UK,BOM,HYD,8,5,Monday,484,Clear,3,0
SG,DEL,CCU,4,9,Saturday,465,Clear,22,1
6E,DEL,BLR,2,4,Friday,1450,Clear,0,0
SG,DEL,HYD,19,2,Thursday,628,Clear,18,1
6E,BOM,BLR,1,12,Wednesday,1263,Cloudy,11,0
AI,MAA,DEL,7,8,Tuesday,1350,Fog,34,1
6E,MAA,BLR,13,4,Sunday,1501,Storm,39,1
UK,CCU,BLR,1,5,Monday,1648,Clear,0,0
AI,HYD,DEL,4,10,Monday,405,Cloudy,0,0
QP,BLR,MAA,23,4,Wednesday,576,Fog,31,1
UK,CCU,BOM,10,9,Wednesday,545,Clear,0,0
AI,DEL,BOM,7,1,Sunday,1503,Clear,6,0
QP,HYD,BLR,20,12,Wednesday,749,Clear,0,0
QP,MAA,CCU,1,9,Wednesday,1100,Clear,0,0
AI,HYD,CCU,6,5,Tuesday,467,Rain,21,1
AI,BOM,BLR,20,7,Wednesday,1501,Clear,25,1
6E,HYD,MAA,18,3,Tuesday,1519,Clear,2,0
UK,CCU,DEL,10,6,Friday,1253,Cloudy,18,1
SG,BOM,BLR,23,5,Saturday,1749,Rain,32,1
UK,HYD,BLR,13,5,Saturday,1230,Clear,0,0
SG,DEL,BLR,17,10,Saturday,1384,Cloudy,36,1
AI,BOM,MAA,23,5,Friday,1109,Clear,11,0
SG,MAA,BLR,12,1,Friday,1820,Clear,0,0
QP,BLR,DEL,11,6,Wednesday,1098,Clear,15,1
UK,BOM,CCU,15,1,Sunday,845,Rain,16,1
UK,BLR,CCU,1,6,Sunday,1089,Clear,0,0
6E,DEL,BLR,10,9,Monday,737,Clear,1,0
QP,MAA,CCU,16,2,Wednesday,1405,Fog,25,1
AI,CCU,HYD,9,1,Friday,1397,Fog,37,1
6E,DEL,BOM,17,5,Wednesday,1054,Clear,5,0
AI,BOM,DEL,9,6,Thursday,482,Clear,6,0
QP,CCU,DEL,4,1,Saturday,1290,Clear,0,0
UK,CCU,BOM,3,4,Sunday,1246,Clear,7,0
QP,MAA,BOM,13,10,Sunday,1338,Clear,0,0
SG,MAA,DEL,4,7,Friday,647,Cloudy,15,1
UK,CCU,HYD,8,7,Sunday,531,Clear,11,0
UK,BLR,CCU,12,2,Friday,1561,Clear,7,0
6E,CCU,HYD,1,10,Thursday,742,Cloudy,3,0
UK,CCU,HYD,10,8,Tuesday,1520,Clear,8,0
SG,BOM,BLR,7,6,Sunday,542,Clear,22,1
QP,DEL,HYD,7,8,Tuesday,950,Cloudy,18,1
UK,HYD,CCU,21,2,Tuesday,1622,Clear,0,0
QP,MAA,BOM,22,9,Saturday,624,Cloudy,1,0
QP,CCU,BOM,7,4,Sunday,1801,Clear,8,0
UK,DEL,HYD,21,1,Sunday,405,Clear,0,0
UK,BLR,MAA,5,3,Saturday,559,Clear,0,0
AI,MAA,HYD,8,5,Sunday,748,Cloudy,11,0
6E,DEL,MAA,22,6,Wednesday,1338,Clear,9,0
QP,MAA,DEL,2,3,Monday,1167,Rain,20,1
AI,BOM,DEL,9,10,Tuesday,1037,Fog,38,1
6E,DEL,BLR,19,4,Tuesday,1374,Clear,0,0
SG,BOM,CCU,22,2,Saturday,1272,Clear,8,0
6E,MAA,DEL,22,3,Wednesday,1623,Clear,0,0
QP,CCU,BOM,21,5,Thursday,1044,Fog,31,1
SG,DEL,BOM,23,1,Sunday,1640,Clear,15,1
AI,BLR,CCU,11,2,Sunday,1307,Clear,0,0
6E,BOM,MAA,7,2,Tuesday,1604,Clear,0,0
SG,MAA,BLR,9,5,Saturday,1485,Clear,15,1
QP,MAA,CCU,2,12,Friday,815,Clear,0,0
QP,CCU,BLR,3,7,Saturday,847,Clear,0,0
QP,BLR,BOM,23,1,Sunday,1141,Cloudy,18,1
AI,BOM,BLR,4,1,Wednesday,455,Clear,2,0
SG,BOM,CCU,14,2,Saturday,796,Rain,22,1
AI,MAA,BLR,5,1,Friday,1171,Clear,9,0
AI,BLR,CCU,15,7,Friday,1072,Clear,16,1
SG,DEL,CCU,11,9,Saturday,776,Rain,40,1
UK,CCU,HYD,2,6,Saturday,1429,Cloudy,7,0
SG,DEL,BLR,8,5,Wednesday,1903,Cloudy,13,0
QP,CCU,BLR,17,8,Sunday,1210,Clear,14,0
AI,DEL,MAA,19,5,Monday,1092,Cloudy,21,1
UK,HYD,BLR,6,10,Tuesday,1348,Rain,0,0
QP,BOM,BLR,7,9,Saturday,502,Storm,51,1
UK,MAA,DEL,17,12,Thursday,1593,Cloudy,7,0
UK,BLR,DEL,10,2,Wednesday,1170,Clear,0,0
UK,BLR,CCU,1,6,Thursday,1491,Rain,30,1
QP,BLR,DEL,2,11,Monday,886,Clear,0,0
AI,CCU,BLR,8,9,Monday,712,Clear,14,0
QP,BOM,BLR,6,10,Monday,1185,Cloudy,0,0
QP,BOM,HYD,2,6,Sunday,684,Clear,20,1
QP,DEL,MAA,18,5,Wednesday,1515,Clear,7,0
UK,MAA,CCU,11,10,Sunday,1365,Clear,5,0
UK,MAA,BLR,16,6,Thursday,1519,Clear,0,0
6E,HYD,CCU,0,5,Wednesday,1538,Rain,15,1
6E,DEL,BLR,9,5,Monday,855,Cloudy,14,0
QP,MAA,CCU,11,2,Monday,1697,Rain,23,1
UK,MAA,DEL,13,10,Thursday,1591,Fog,9,0
SG,CCU,BOM,23,11,Friday,1020,Clear,0,0
AI,CCU,HYD,11,1,Sunday,508,Cloudy,7,0
SG,BOM,MAA,11,5,Tuesday,531,Clear,10,0
SG,MAA,BOM,21,9,Friday,1139,Rain,33,1
QP,BLR,CCU,9,2,Monday,511,Cloudy,16,1
AI,HYD,MAA,9,4,Thursday,1856,Storm,40,1
UK,BOM,HYD,3,12,Tuesday,1130,Rain,13,0
UK,HYD,CCU,17,10,Tuesday,951,Clear,0,0
UK,CCU,DEL,0,11,Wednesday,1017,Cloudy,0,0
AI,HYD,DEL,5,12,Thursday,1764,Clear,1,0
UK,CCU,HYD,10,9,Monday,1293,Clear,13,0
6E,CCU,DEL,10,4,Friday,1398,Clear,1,0
SG,DEL,BOM,0,12,Wednesday,1289,Clear,4,0
6E,CCU,HYD,12,6,Sunday,902,Rain,30,1
UK,MAA,BOM,23,7,Friday,715,Clear,0,0
SG,BLR,BOM,2,7,Sunday,1476,Clear,22,1
AI,HYD,BLR,11,7,Monday,1113,Clear,4,0
SG,HYD,MAA,14,7,Thursday,1706,Clear,5,0
SG,MAA,BLR,7,10,Saturday,630,Clear,12,0
AI,MAA,HYD,13,2,Tuesday,1741,Cloudy,7,0
AI,DEL,BLR,8,6,Tuesday,1352,Cloudy,30,1
QP,DEL,MAA,3,7,Friday,671,Clear,0,0
6E,BOM,DEL,20,7,Monday,1175,Clear,16,1
QP,HYD,CCU,23,9,Sunday,1479,Clear,13,0
UK,CCU,BOM,9,5,Sunday,1534,Fog,31,1
6E,HYD,DEL,2,12,Sunday,824,Clear,0,0
6E,DEL,BOM,3,1,Saturday,1498,Clear,0,0
SG,MAA,BLR,21,9,Sunday,714,Clear,9,0
AI,BLR,BOM,21,3,Sunday,574,Clear,11,0
UK,BLR,DEL,11,8,Tuesday,1015,,0,0
6E,MAA,DEL,20,1,Tuesday,526,Cloudy,13,0
AI,BOM,MAA,5,3,Saturday,1422,Clear,1,0
6E,HYD,BOM,9,5,Thursday,669,Cloudy,0,0
UK,BOM,DEL,2,2,Monday,726,Clear,0,0
SG,BLR,MAA,13,4,Thursday,1237,Clear,6,0
AI,HYD,CCU,16,8,Monday,1715,Clear,23,1
QP,HYD,CCU,23,2,Friday,694,Clear,2,0
QP,CCU,DEL,18,8,Friday,898,Clear,19,1
SG,BOM,BLR,15,6,Monday,1019,Clear,14,0
QP,CCU,HYD,16,11,Monday,649,Cloudy,8,0
UK,MAA,BLR,15,8,Sunday,778,Rain,21,1
QP,BLR,HYD,10,6,Wednesday,1168,Rain,16,1
SG,DEL,CCU,12,10,Monday,963,Clear,0,0
UK,BOM,HYD,4,3,Monday,1334,Clear,0,0
AI,HYD,DEL,0,7,Wednesday,1619,Clear,8,0
UK,MAA,HYD,18,3,Monday,929,Clear,0,0
QP,HYD,BLR,11,6,Monday,679,Clear,3,0
QP,MAA,HYD,20,6,Tuesday,1618,Clear,13,0
UK,DEL,HYD,2,8,Friday,1141,Cloudy,20,1
6E,HYD,CCU,9,4,Thursday,470,Clear,6,0
SG,CCU,BLR,6,8,Saturday,1657,Clear,0,0
AI,BLR,CCU,20,3,Wednesday,1176,Cloudy,33,1
AI,CCU,DEL,9,3,Monday,1749,Rain,37,1
UK,DEL,HYD,15,2,Thursday,1695,Clear,0,0
QP,CCU,BOM,2,6,Sunday,1189,Clear,7,0
6E,MAA,BOM,12,5,Friday,1598,Clear,0,0
UK,HYD,CCU,10,10,Tuesday,589,Clear,0,0
6E,HYD,CCU,14,5,Monday,1288,Clear,0,0
UK,CCU,DEL,14,7,Monday,518,Cloudy,7,0
AI,BLR,BOM,2,12,Saturday,504,Cloudy,9,0
UK,DEL,MAA,1,8,Wednesday,1451,Rain,29,1
UK,CCU,DEL,3,11,Monday,538,Clear,0,0
6E,DEL,CCU,5,7,Wednesday,503,Rain,24,1
6E,HYD,CCU,17,3,Sunday,921,Clear,7,0
SG,BOM,DEL,6,6,Wednesday,1030,Clear,10,0
AI,CCU,BOM,23,10,Sunday,1595,Clear,14,0
AI,CCU,MAA,2,2,Thursday,1572,Clear,14,0
AI,BLR,DEL,12,6,Sunday,542,Rain,32,1
QP,HYD,MAA,17,7,Tuesday,584,Clear,13,0
6E,BLR,HYD,1,12,Thursday,1661,Clear,0,0
AI,BLR,HYD,12,12,Thursday,1483,Cloudy,0,0
QP,CCU,MAA,1,8,Saturday,1369,Clear,0,0
AI,BOM,DEL,18,3,Monday,931,Cloudy,16,1
6E,CCU,DEL,11,3,Tuesday,1754,Rain,24,1
AI,HYD,BOM,20,8,Tuesday,1129,,13,0
SG,CCU,BLR,15,3,Sunday,647,Clear,7,0
SG,HYD,CCU,7,9,Sunday,1603,Clear,9,0
SG,MAA,DEL,3,12,Monday,495,Rain,19,1
6E,BLR,MAA,3,3,Wednesday,684,Fog,37,1
6E,BLR,HYD,0,12,Thursday,1026,Rain,16,1
QP,BOM,MAA,7,1,Sunday,1598,Cloudy,22,1
QP,BOM,BLR,17,6,Thursday,1267,Clear,15,1
AI,DEL,BOM,8,5,Saturday,657,Rain,23,1
SG,BLR,DEL,3,7,Saturday,1752,Rain,39,1
QP,CCU,HYD,1,6,Thursday,1308,Clear,6,0
UK,CCU,DEL,10,7,Saturday,1835,Cloudy,17,1
SG,MAA,BLR,5,2,Monday,1335,Rain,36,1
AI,BLR,HYD,17,10,Wednesday,807,Fog,42,1
AI,HYD,MAA,8,12,Saturday,666,Cloudy,11,0
AI,MAA,CCU,3,6,Tuesday,1559,Cloudy,9,0
AI,DEL,MAA,6,11,Thursday,655,Fog,33,1
QP,CCU,BOM,10,2,Saturday,1767,Clear,7,0
SG,CCU,MAA,0,9,Thursday,1492,Cloudy,22,1
SG,CCU,HYD,2,4,Sunday,926,Rain,32,1
6E,DEL,CCU,23,9,Saturday,1317,Cloudy,1,0
QP,CCU,MAA,8,7,Monday,1089,Fog,51,1
AI,HYD,BLR,17,1,Thursday,644,Clear,9,0
QP,HYD,BOM,21,5,Saturday,1689,Clear,6,0
AI,BOM,HYD,2,6,Saturday,1507,Clear,4,0
AI,BLR,MAA,16,10,Thursday,1686,Clear,9,0
AI,BLR,MAA,19,2,Wednesday,1295,Cloudy,18,1
SG,CCU,HYD,0,12,Wednesday,1617,Clear,2,0
6E,BLR,DEL,7,1,Wednesday,463,Clear,0,0
UK,BOM,MAA,3,3,Monday,1406,Cloudy,9,0
UK,CCU,HYD,0,2,Sunday,1666,Cloudy,13,0
SG,BOM,BLR,7,11,Saturday,1128,Clear,2,0
6E,CCU,BLR,4,7,Wednesday,1086,,0,0
AI,CCU,BOM,21,9,Monday,1545,Cloudy,21,1
6E,BOM,DEL,5,9,Thursday,938,Clear,0,0
6E,MAA,BLR,17,8,Saturday,470,Rain,37,1
SG,MAA,BLR,1,4,Sunday,698,Cloudy,8,0
SG,HYD,MAA,14,2,Tuesday,1690,Cloudy,4,0
AI,MAA,DEL,16,6,Thursday,1023,Clear,0,0
SG,DEL,BLR,3,5,Friday,820,Cloudy,19,1
AI,HYD,CCU,10,6,Friday,1127,Clear,22,1
SG,HYD,BOM,22,12,Tuesday,1202,Rain,12,0
6E,HYD,BOM,14,2,Saturday,1792,Clear,0,0
6E,CCU,DEL,19,8,Friday,1412,Clear,23,1
UK,MAA,HYD,10,2,Saturday,1465,Cloudy,0,0
6E,HYD,CCU,5,8,Monday,559,Clear,0,0
SG,BLR,HYD,11,9,Friday,1676,Clear,21,1
QP,BLR,MAA,9,1,Wednesday,934,Clear,3,0
QP,DEL,MAA,23,6,Saturday,553,Rain,33,1
UK,HYD,BLR,10,4,Thursday,759,Clear,0,0
UK,BOM,BLR,15,6,Thursday,1409,Clear,6,0
UK,CCU,MAA,14,6,Friday,684,Clear,0,0
SG,MAA,BOM,8,6,Tuesday,1401,Cloudy,26,1
UK,CCU,MAA,8,8,Friday,779,Cloudy,24,1
UK,CCU,BOM,20,3,Sunday,1736,Clear,3,0
UK,BLR,HYD,5,11,Monday,568,Clear,0,0
6E,BLR,BOM,9,11,Tuesday,1505,Cloudy,19,1
UK,HYD,DEL,16,6,Monday,1507,Clear,9,0
SG,BLR,HYD,1,11,Thursday,707,Storm,33,1
UK,BOM,BLR,16,4,Tuesday,996,Clear,4,0
QP,MAA,BLR,19,3,Friday,670,Clear,0,0
QP,BLR,CCU,10,4,Monday,482,Clear,0,0
UK,CCU,DEL,13,10,Monday,1167,Cloudy,0,0
QP,BOM,HYD,11,2,Tuesday,623,Clear,4,0
AI,BLR,MAA,15,4,Friday,1453,Clear,4,0
QP,HYD,MAA,1,2,Monday,1383,Clear,5,0
6E,CCU,BOM,14,6,Thursday,852,Clear,2,0
UK,HYD,DEL,10,4,Thursday,890,Clear,0,0
6E,DEL,HYD,0,10,Wednesday,1587,Clear,3,0
UK,BLR,HYD,19,10,Monday,981,Cloudy,9,0
6E,CCU,BOM,3,11,Friday,1304,Clear,0,0
SG,BOM,BLR,14,5,Wednesday,1363,Clear,14,0
AI,BLR,HYD,20,7,Friday,1429,Storm,73,1
QP,DEL,BLR,22,11,Saturday,1760,Cloudy,2,0
QP,MAA,BLR,15,9,Monday,1319,Storm,46,1
UK,DEL,MAA,17,12,Saturday,525,Clear,17,1
UK,BLR,CCU,14,12,Monday,1139,Clear,0,0
SG,MAA,DEL,18,1,Thursday,842,Clear,3,0
AI,CCU,DEL,23,3,Monday,749,Fog,32,1
SG,BOM,BLR,11,9,Monday,766,Fog,39,1
6E,BOM,DEL,9,2,Wednesday,1684,Cloudy,11,0
SG,DEL,CCU,4,2,Thursday,1767,Clear,1,0
6E,BLR,HYD,23,2,Wednesday,871,Clear,0,0
SG,CCU,BOM,21,1,Tuesday,1245,Rain,22,1
SG,BOM,CCU,16,8,Tuesday,976,Cloudy,39,1
6E,BOM,HYD,15,4,Thursday,1363,Rain,29,1
SG,BLR,DEL,4,12,Wednesday,1717,Cloudy,11,0
UK,CCU,DEL,21,2,Sunday,962,Clear,0,0
6E,HYD,MAA,1,6,Thursday,1107,Rain,13,0
UK,HYD,BOM,14,8,Friday,1058,Clear,0,0
QP,MAA,HYD,6,5,Sunday,1034,Rain,22,1
AI,MAA,CCU,10,9,Sunday,1859,Clear,11,0
QP,HYD,BOM,2,11,Thursday,536,Cloudy,0,0
QP,HYD,DEL,3,8,Tuesday,722,Clear,4,0
UK,HYD,DEL,9,8,Wednesday,1015,Clear,7,0
SG,BOM,CCU,9,7,Tuesday,835,Rain,40,1
6E,BLR,HYD,21,12,Thursday,1260,Cloudy,5,0
AI,CCU,BOM,14,10,Tuesday,1947,Fog,31,1
UK,DEL,CCU,0,1,Wednesday,1353,Cloudy,4,0
QP,MAA,CCU,22,10,Monday,902,Clear,0,0
6E,HYD,DEL,14,2,Sunday,754,Clear,0,0
SG,BLR,DEL,19,11,Monday,709,Clear,24,1
SG,DEL,HYD,22,4,Sunday,543,Clear,13,0
SG,MAA,HYD,12,9,Sunday,676,Clear,13,0
6E,DEL,HYD,4,9,Sunday,1344,Clear,3,0
6E,HYD,CCU,10,5,Thursday,1552,Storm,42,1
UK,DEL,BOM,16,12,Saturday,1561,Clear,0,0
QP,CCU,HYD,0,7,Sunday,1756,Cloudy,22,1
QP,BOM,CCU,22,6,Saturday,744,Cloudy,24,1
UK,MAA,BLR,8,6,Sunday,1206,Cloudy,7,0
QP,HYD,DEL,15,4,Thursday,1489,Cloudy,0,0
UK,DEL,MAA,23,2,Saturday,1928,Fog,31,1
6E,MAA,CCU,20,12,Tuesday,726,Cloudy,4,0
AI,CCU,MAA,17,10,Sunday,741,Clear,21,1
SG,BOM,DEL,7,10,Thursday,1739,Clear,1,0
SG,CCU,DEL,12,11,Tuesday,1500,Rain,31,1
QP,MAA,HYD,12,8,Wednesday,1557,Clear,0,0
SG,MAA,HYD,20,12,Saturday,1271,Cloudy,0,0
AI,BLR,DEL,0,12,Tuesday,596,Clear,0,0
UK,DEL,HYD,0,3,Friday,653,Cloudy,3,0
SG,BLR,CCU,2,6,Tuesday,764,Clear,22,1
UK,MAA,BOM,22,2,Friday,1321,Clear,0,0
UK,HYD,BOM,12,9,Thursday,1737,Fog,18,1
QP,HYD,BOM,16,2,Friday,1143,Clear,12,0
SG,MAA,DEL,2,10,Tuesday,1366,Clear,0,0
SG,BLR,HYD,0,10,Sunday,1634,Clear,16,1
UK,DEL,MAA,15,5,Sunday,1542,Clear,3,0
6E,CCU,HYD,16,8,Sunday,1689,Clear,16,1
UK,HYD,BLR,10,12,Thursday,912,Cloudy,4,0
QP,HYD,BLR,1,10,Tuesday,895,Clear,0,0
SG,HYD,BLR,11,6,Thursday,1426,Clear,5,0
SG,CCU,HYD,15,11,Monday,660,Cloudy,14,0
AI,MAA,DEL,5,1,Friday,1661,Clear,1,0
QP,MAA,CCU,7,3,Tuesday,1817,Clear,0,0
6E,MAA,HYD,17,4,Tuesday,1406,Cloudy,16,1
QP,BOM,CCU,5,5,Saturday,1558,Storm,41,1
UK,MAA,HYD,2,9,Friday,1209,Clear,0,0
QP,CCU,BLR,15,10,Monday,1003,Clear,0,0
QP,BOM,MAA,0,1,Sunday,813,Storm,37,1
SG,HYD,MAA,10,4,Friday,1090,Rain,18,1
QP,MAA,BLR,13,10,Tuesday,1649,Fog,26,1
SG,HYD,MAA,1,7,Wednesday,1667,Clear,4,0
QP,CCU,DEL,15,4,Thursday,981,Fog,18,1
AI,BLR,CCU,19,6,Sunday,675,Rain,41,1
AI,BOM,HYD,23,8,Thursday,1861,Clear,3,0
UK,DEL,HYD,6,8,Saturday,280,Cloudy,8,0
QP,CCU,HYD,7,10,Monday,691,Clear,5,0
SG,MAA,BOM,14,12,Thursday,1200,Clear,10,0
UK,HYD,MAA,14,10,Monday,1639,Cloudy,0,0
UK,BLR,DEL,14,2,Wednesday,657,Clear,0,0
SG,BLR,MAA,7,6,Thursday,761,Fog,24,1
QP,CCU,DEL,1,6,Saturday,1918,Fog,24,1
QP,MAA,DEL,0,8,Tuesday,457,Rain,32,1
AI,CCU,BOM,23,12,Tuesday,797,Clear,2,0
UK,MAA,HYD,9,6,Saturday,450,Cloudy,14,0
6E,MAA,DEL,10,5,Thursday,1585,Rain,6,0
SG,HYD,BOM,15,11,Saturday,931,Clear,0,0
UK,BOM,HYD,4,9,Sunday,1336,Cloudy,0,0
QP,HYD,DEL,9,6,Monday,482,Clear,0,0
UK,MAA,BLR,10,12,Friday,718,Cloudy,0,0
SG,HYD,BOM,2,4,Monday,630,Cloudy,19,1
AI,DEL,BLR,14,3,Sunday,515,Rain,23,1
QP,CCU,BOM,4,1,Thursday,445,Clear,6,0
AI,MAA,BOM,0,1,Thursday,722,Rain,16,1
6E,BLR,DEL,14,11,Tuesday,1505,Clear,3,0
QP,BLR,HYD,7,1,Friday,1259,Cloudy,12,0
QP,DEL,BOM,17,10,Thursday,1557,Rain,46,1
UK,CCU,DEL,12,1,Sunday,798,Cloudy,0,0
UK,BOM,DEL,0,3,Monday,1705,Rain,18,1
AI,BLR,CCU,16,5,Saturday,1791,Cloudy,21,1
QP,BLR,DEL,0,3,Sunday,1299,Cloudy,26,1
AI,BOM,CCU,7,2,Sunday,1623,Fog,43,1
AI,HYD,DEL,16,12,Friday,981,Clear,12,0
UK,CCU,DEL,9,5,Saturday,777,Cloudy,19,1
AI,CCU,HYD,9,6,Monday,1679,Cloudy,38,1
AI,HYD,CCU,5,10,Monday,675,Rain,12,0
SG,DEL,MAA,10,11,Friday,1192,Clear,19,1
SG,CCU,BOM,7,4,Tuesday,574,Clear,0,0
6E,BOM,MAA,22,6,Friday,747,Clear,0,0
SG,CCU,DEL,16,6,Saturday,1492,Fog,55,1
SG,BLR,BOM,21,4,Friday,1585,Clear,0,0
6E,HYD,BOM,8,2,Sunday,1534,Cloudy,8,0
SG,BLR,MAA,22,12,Tuesday,1620,Clear,2,0
UK,BLR,MAA,6,9,Saturday,1120,Cloudy,2,0
QP,DEL,MAA,7,9,Saturday,2045,Clear,8,0
AI,HYD,BLR,7,4,Wednesday,1131,Cloudy,0,0
6E,BLR,DEL,14,8,Tuesday,1298,Cloudy,0,0
6E,CCU,BOM,14,2,Friday,1111,Cloudy,0,0
6E,BLR,CCU,1,2,Sunday,846,Clear,0,0
QP,CCU,MAA,13,12,Friday,1502,Rain,24,1
SG,BOM,MAA,22,3,Monday,1649,Cloudy,20,1
UK,BOM,MAA,9,10,Thursday,1614,Clear,0,0
UK,DEL,MAA,16,4,Wednesday,1401,Clear,0,0
QP,MAA,BOM,15,8,Friday,888,Rain,24,1
UK,DEL,CCU,23,8,Friday,1775,Fog,18,1
6E,BOM,HYD,15,9,Sunday,1896,Rain,32,1
AI,CCU,DEL,11,12,Saturday,1275,Rain,27,1
6E,HYD,MAA,0,6,Thursday,776,Clear,6,0
SG,HYD,DEL,19,11,Monday,1435,Clear,14,0
UK,MAA,HYD,8,4,Tuesday,769,Rain,6,0
UK,MAA,DEL,22,12,Tuesday,1741,Clear,0,0
UK,CCU,DEL,5,6,Thursday,1479,Cloudy,4,0
QP,HYD,MAA,10,11,Tuesday,1211,Cloudy,1,0
QP,BLR,MAA,19,10,Tuesday,1192,Clear,0,0
AI,DEL,HYD,3,8,Tuesday,574,Clear,5,0
AI,BLR,BOM,6,12,Friday,451,Clear,9,0
6E,MAA,BOM,19,9,Tuesday,505,Clear,13,0
QP,BOM,MAA,7,8,Sunday,382,Clear,16,1
UK,MAA,DEL,22,4,Thursday,1175,Clear,0,0
QP,DEL,MAA,12,5,Friday,858,Clear,15,1
SG,DEL,BOM,19,1,Thursday,905,Clear,22,1
UK,BLR,HYD,13,9,Sunday,642,Cloudy,9,0
6E,BOM,HYD,1,8,Monday,1501,Rain,26,1
6E,CCU,DEL,19,9,Saturday,1757,Clear,0,0
AI,BLR,MAA,10,8,Friday,570,Cloudy,32,1
UK,BLR,MAA,9,3,Thursday,1532,Cloudy,5,0
6E,BLR,DEL,17,12,Friday,1634,Cloudy,10,0
6E,BOM,CCU,6,6,Thursday,1046,Storm,62,1
AI,CCU,MAA,10,9,Friday,1358,Cloudy,25,1
SG,MAA,CCU,14,2,Thursday,1616,Clear,0,0
QP,DEL,HYD,14,8,Monday,1321,Rain,23,1
UK,BOM,HYD,17,5,Wednesday,794,Cloudy,8,0
UK,DEL,BLR,1,12,Sunday,879,Clear,0,0
QP,BOM,HYD,23,10,Monday,453,Cloudy,2,0
UK,HYD,BOM,14,12,Tuesday,1600,Clear,0,0
SG,CCU,BOM,14,4,Friday,933,Cloudy,19,1
UK,BLR,BOM,21,8,Tuesday,1586,Rain,5,0
UK,DEL,MAA,11,8,Monday,1050,Cloudy,2,0
UK,DEL,HYD,0,4,Saturday,1222,Clear,0,0
SG,BLR,HYD,3,4,Tuesday,556,Clear,8,0
SG,BOM,MAA,22,9,Tuesday,495,Rain,39,1
UK,HYD,MAA,23,2,Thursday,1396,Clear,0,0
AI,DEL,CCU,2,5,Saturday,1389,Fog,31,1
QP,BOM,DEL,16,9,Sunday,976,Clear,34,1
QP,HYD,BOM,15,11,Tuesday,1310,Cloudy,6,0
AI,BOM,DEL,3,8,Wednesday,802,Clear,7,0
6E,BLR,DEL,18,9,Thursday,1322,Cloudy,23,1
QP,BOM,HYD,11,10,Saturday,1291,Fog,35,1
6E,DEL,MAA,5,3,Monday,1554,Cloudy,19,1
QP,BLR,HYD,13,9,Wednesday,1407,Clear,0,0
SG,BOM,CCU,21,9,Monday,1756,Rain,46,1
QP,CCU,HYD,5,10,Tuesday,1771,Clear,0,0
AI,CCU,BLR,14,8,Friday,997,Cloudy,14,0
UK,BLR,BOM,17,2,Monday,1775,Clear,2,0
UK,BOM,DEL,15,1,Sunday,1075,Clear,0,0
QP,BLR,MAA,15,8,Monday,517,Cloudy,15,1
6E,HYD,MAA,17,4,Saturday,1713,Clear,3,0
6E,BLR,DEL,5,5,Wednesday,729,Clear,0,0
AI,MAA,CCU,2,6,Thursday,674,Clear,0,0
SG,CCU,MAA,23,9,Wednesday,1344,Clear,16,1
QP,BLR,BOM,7,5,Wednesday,1527,Rain,19,1
AI,DEL,HYD,22,7,Friday,1122,Fog,46,1
6E,DEL,BLR,6,6,Wednesday,1556,Cloudy,16,1
6E,CCU,BLR,6,1,Monday,1752,Rain,28,1
QP,BLR,MAA,0,9,Monday,1365,Clear,12,0
UK,BOM,MAA,10,7,Tuesday,1549,Rain,34,1
6E,HYD,DEL,22,3,Tuesday,1257,Clear,0,0
6E,CCU,HYD,21,9,Monday,1197,Clear,0,0
UK,BLR,HYD,7,2,Monday,1069,Clear,0,0
6E,BOM,HYD,9,4,Sunday,1781,Clear,7,0
AI,CCU,BOM,16,3,Thursday,934,Cloudy,15,1
QP,DEL,HYD,22,8,Wednesday,1051,Clear,12,0
UK,CCU,BLR,14,12,Sunday,1658,Clear,0,0
6E,HYD,DEL,4,11,Friday,1373,Cloudy,0,0
SG,DEL,HYD,8,2,Monday,615,Rain,44,1
SG,BOM,CCU,17,1,Friday,1585,Clear,27,1
AI,MAA,BLR,0,10,Friday,355,Clear,0,0
AI,MAA,BLR,14,7,Tuesday,1021,Cloudy,19,1
AI,BOM,DEL,18,5,Friday,942,Cloudy,21,1
SG,HYD,BOM,8,11,Monday,746,Clear,0,0
SG,CCU,BLR,12,3,Sunday,1295,Clear,5,0
SG,MAA,HYD,17,2,Friday,501,Clear,20,1
SG,MAA,BOM,14,6,Tuesday,874,Clear,9,0
UK,BOM,BLR,0,4,Sunday,809,Rain,42,1
UK,HYD,CCU,14,3,Thursday,744,Rain,0,0
SG,MAA,CCU,5,8,Sunday,1064,Cloudy,18,1
6E,DEL,BOM,17,4,Monday,1250,Clear,9,0
QP,BOM,BLR,6,8,Wednesday,1359,Storm,54,1
QP,CCU,BLR,23,7,Thursday,1705,Clear,12,0
QP,CCU,BOM,2,10,Tuesday,823,Fog,28,1
QP,BOM,DEL,21,12,Thursday,900,Cloudy,9,0
6E,MAA,DEL,0,8,Wednesday,1645,Cloudy,3,0
AI,HYD,DEL,16,4,Sunday,571,Clear,24,1
UK,HYD,DEL,8,7,Tuesday,1390,Clear,0,0
SG,HYD,BLR,4,6,Tuesday,1476,Clear,0,0
SG,CCU,DEL,5,6,Sunday,1040,Clear,10,0
6E,BLR,DEL,0,5,Friday,1506,Clear,15,1
6E,HYD,DEL,3,1,Monday,969,Clear,0,0
UK,MAA,BLR,9,3,Saturday,506,Clear,0,0
QP,HYD,BOM,3,8,Tuesday,651,Rain,15,1
AI,CCU,BOM,23,1,Friday,1116,Clear,8,0
6E,BOM,DEL,19,2,Monday,1230,Cloudy,25,1
6E,CCU,MAA,11,7,Tuesday,1066,Clear,0,0
QP,MAA,BLR,2,12,Saturday,964,Cloudy,10,0
UK,CCU,MAA,23,3,Monday,1098,Cloudy,6,0
AI,BLR,BOM,17,1,Thursday,1813,Cloudy,22,1
6E,BLR,CCU,4,5,Wednesday,1193,Clear,0,0
AI,DEL,BOM,1,1,Tuesday,1535,Clear,3,0
UK,CCU,BOM,14,11,Monday,1788,Clear,0,0
QP,MAA,DEL,0,10,Wednesday,510,Storm,27,1
UK,BOM,DEL,14,2,Wednesday,985,Clear,0,0
QP,DEL,BOM,10,2,Monday,1313,Cloudy,17,1
SG,MAA,DEL,21,7,Saturday,1459,Clear,11,0
QP,MAA,BOM,9,5,Monday,1762,Clear,9,0
6E,HYD,MAA,10,9,Wednesday,1623,Clear,4,0
QP,DEL,BLR,13,12,Sunday,1864,Clear,16,1
6E,CCU,HYD,23,5,Wednesday,1752,Clear,0,0
UK,BLR,DEL,16,10,Friday,1758,Clear,20,1
SG,MAA,BLR,16,4,Thursday,1381,Clear,13,0
6E,CCU,BLR,7,3,Friday,1590,Clear,0,0
6E,HYD,BLR,11,12,Saturday,1826,Rain,12,0
AI,DEL,BOM,4,4,Thursday,884,Clear,15,1
AI,CCU,BOM,9,2,Friday,1141,Clear,6,0
UK,MAA,BOM,19,8,Thursday,1447,Clear,8,0
QP,CCU,MAA,2,8,Wednesday,972,Rain,19,1
6E,HYD,CCU,3,6,Saturday,1439,Clear,0,0
UK,CCU,BOM,14,2,Wednesday,1367,Rain,23,1
QP,CCU,BLR,19,2,Monday,1595,Clear,14,0
SG,BOM,HYD,23,10,Tuesday,852,Clear,3,0
AI,BOM,DEL,14,2,Friday,1712,Clear,5,0
UK,DEL,CCU,15,4,Friday,1860,Clear,0,0
AI,MAA,HYD,6,10,Thursday,1190,Clear,1,0
6E,BOM,HYD,9,5,Thursday,1075,Clear,9,0
6E,BLR,MAA,7,5,Wednesday,754,Storm,27,1
SG,MAA,DEL,2,11,Monday,1534,Cloudy,4,0
AI,BLR,CCU,8,10,Tuesday,1168,Rain,38,1
6E,DEL,HYD,5,9,Sunday,1368,Rain,35,1
6E,BLR,CCU,14,3,Sunday,1546,Clear,0,0
6E,DEL,CCU,18,4,Monday,1667,Rain,40,1
SG,BLR,HYD,23,8,Sunday,1193,Clear,0,0
6E,MAA,BOM,21,11,Saturday,717,Cloudy,2,0
6E,HYD,MAA,7,7,Monday,682,Cloudy,22,1
UK,MAA,HYD,22,9,Wednesday,1434,Cloudy,2,0
SG,DEL,BLR,22,4,Tuesday,1096,Clear,9,0
AI,MAA,CCU,12,5,Saturday,574,Clear,0,0
QP,BLR,CCU,4,8,Friday,1531,Fog,29,1
QP,BOM,MAA,18,7,Tuesday,1558,Clear,17,1
SG,HYD,DEL,2,2,Saturday,1882,Clear,7,0
UK,DEL,MAA,8,5,Wednesday,879,Clear,4,0
SG,BLR,BOM,12,11,Thursday,1208,Cloudy,2,0
UK,BLR,DEL,20,7,Monday,1340,Clear,4,0
6E,DEL,BLR,23,9,Sunday,1558,Rain,27,1
6E,CCU,BOM,19,10,Tuesday,738,Cloudy,15,1
AI,BLR,HYD,11,4,Sunday,868,Rain,23,1
QP,DEL,CCU,2,3,Saturday,1226,Clear,1,0
6E,BLR,HYD,19,7,Monday,1085,Clear,5,0
6E,CCU,BOM,20,6,Monday,1778,Cloudy,35,1
QP,MAA,CCU,11,11,Monday,859,Clear,0,0
UK,HYD,BOM,13,3,Saturday,377,Clear,0,0
SG,CCU,BOM,20,6,Monday,1409,Rain,40,1
6E,DEL,HYD,3,1,Friday,1386,Cloudy,6,0
6E,HYD,MAA,19,5,Sunday,1583,Fog,45,1
SG,BOM,BLR,12,8,Wednesday,752,Cloudy,31,1
UK,MAA,DEL,16,10,Thursday,1574,Clear,0,0
AI,CCU,MAA,4,11,Monday,1727,Rain,21,1
QP,DEL,HYD,14,1,Sunday,1306,Fog,22,1
UK,DEL,MAA,6,11,Friday,910,Clear,0,0
SG,CCU,BLR,12,9,Saturday,1218,Clear,12,0
6E,BLR,DEL,12,3,Tuesday,1181,Clear,0,0
UK,BOM,DEL,22,3,Saturday,1638,Rain,13,0
SG,DEL,BLR,16,10,Friday,1173,Clear,20,1
QP,BLR,CCU,13,9,Monday,1729,Clear,6,0
6E,DEL,CCU,9,3,Thursday,910,Clear,4,0
SG,BOM,MAA,8,6,Monday,1564,Rain,49,1
QP,BOM,BLR,15,11,Friday,1359,Clear,24,1
SG,DEL,BOM,21,1,Sunday,1476,Clear,3,0
AI,CCU,HYD,13,7,Sunday,1344,Cloudy,10,0
AI,MAA,BLR,15,11,Thursday,1535,Rain,32,1
6E,CCU,DEL,7,1,Sunday,628,Clear,0,0
AI,BOM,CCU,13,7,Sunday,988,Clear,20,1
SG,BOM,BLR,13,7,Thursday,1888,Clear,6,0
QP,BOM,MAA,16,4,Wednesday,956,Clear,5,0
UK,HYD,DEL,7,7,Tuesday,790,Clear,0,0
UK,BOM,MAA,8,9,Friday,1899,Clear,2,0
SG,BOM,DEL,8,4,Wednesday,1410,Clear,23,1
UK,CCU,DEL,10,6,Friday,1252,Rain,36,1
UK,BLR,DEL,7,7,Sunday,1691,Clear,0,0
UK,MAA,CCU,4,1,Monday,1157,Fog,28,1
6E,BOM,MAA,12,3,Wednesday,1426,Clear,1,0
AI,CCU,MAA,20,8,Thursday,671,Clear,19,1
UK,MAA,BLR,0,6,Saturday,1027,Rain,16,1
QP,CCU,MAA,15,12,Sunday,1241,Rain,10,0
AI,HYD,BLR,19,11,Sunday,1214,Clear,3,0
6E,CCU,MAA,19,3,Thursday,870,Rain,35,1
6E,BLR,DEL,20,12,Thursday,567,Rain,29,1
QP,BLR,HYD,7,11,Thursday,888,Clear,6,0
UK,DEL,MAA,2,6,Monday,1535,Cloudy,12,0
UK,BOM,CCU,23,8,Friday,1888,Clear,0,0
SG,MAA,BLR,16,4,Saturday,537,Clear,4,0
6E,BOM,DEL,8,1,Saturday,1680,Clear,0,0
SG,DEL,MAA,20,3,Wednesday,1799,Clear,17,1
AI,BOM,DEL,8,9,Saturday,1785,Clear,18,1
AI,BLR,MAA,17,7,Tuesday,673,Clear,27,1
QP,MAA,DEL,23,6,Thursday,702,Clear,5,0
SG,DEL,MAA,18,6,Tuesday,868,Clear,36,1
AI,DEL,BOM,15,10,Thursday,1462,Cloudy,14,0
UK,MAA,DEL,4,9,Sunday,798,Cloudy,1,0
AI,DEL,HYD,22,8,Thursday,962,Rain,22,1
SG,BLR,HYD,10,7,Saturday,1193,Storm,63,1
SG,MAA,BLR,14,1,Sunday,1056,Storm,46,1
6E,HYD,BOM,14,5,Tuesday,951,Clear,0,0
6E,DEL,BLR,5,2,Sunday,871,Clear,0,0
6E,MAA,BOM,14,10,Monday,812,Cloudy,10,0
6E,DEL,CCU,9,5,Friday,1237,Clear,20,1
6E,BOM,BLR,8,3,Thursday,736,Clear,0,0
6E,DEL,HYD,20,6,Tuesday,958,Rain,42,1
UK,HYD,DEL,17,6,Friday,550,Clear,0,0
QP,MAA,BOM,11,12,Sunday,755,Clear,0,0
SG,HYD,DEL,0,3,Monday,895,Cloudy,0,0
6E,DEL,MAA,17,10,Tuesday,929,Rain,28,1
QP,BLR,HYD,17,3,Thursday,757,Rain,28,1
6E,DEL,MAA,3,10,Monday,507,Rain,13,0
QP,BLR,BOM,18,7,Wednesday,1010,Clear,17,1
6E,BOM,MAA,9,7,Wednesday,1716,Cloudy,6,0
UK,MAA,BOM,17,9,Thursday,1169,Clear,14,0
6E,MAA,BOM,20,2,Friday,1011,Fog,29,1
SG,MAA,CCU,16,10,Thursday,1722,Clear,13,0
6E,BOM,CCU,22,9,Monday,1374,Clear,1,0
QP,DEL,HYD,1,3,Friday,1342,Fog,42,1
AI,DEL,HYD,7,2,Wednesday,460,Cloudy,7,0
UK,CCU,MAA,1,9,Monday,826,Clear,8,0
AI,CCU,MAA,4,2,Saturday,944,Clear,3,0
QP,BOM,HYD,8,7,Wednesday,1420,Clear,6,0
UK,CCU,DEL,0,4,Friday,452,Cloudy,0,0
SG,HYD,BOM,9,9,Friday,781,Cloudy,22,1
QP,BOM,BLR,3,12,Monday,1778,Clear,6,0
UK,BOM,CCU,2,11,Saturday,954,Cloudy,1,0
AI,BOM,HYD,20,9,Tuesday,1693,Clear,22,1
6E,MAA,DEL,17,8,Saturday,678,Fog,33,1
6E,BOM,HYD,10,1,Saturday,1641,Cloudy,14,0
QP,BOM,MAA,13,12,Monday,962,Fog,26,1
QP,MAA,DEL,6,12,Monday,749,Clear,0,0
UK,BOM,BLR,11,1,Saturday,1505,Fog,15,1
QP,BOM,HYD,18,10,Monday,1195,Rain,43,1
6E,MAA,DEL,12,2,Tuesday,653,Clear,0,0
SG,CCU,HYD,19,8,Sunday,1596,Storm,75,1
6E,HYD,MAA,11,3,Monday,1283,Cloudy,0,0
6E,MAA,BLR,8,2,Friday,1035,Storm,40,1
6E,CCU,DEL,21,3,Wednesday,1814,Rain,13,0
UK,HYD,MAA,21,4,Thursday,538,Fog,14,0
6E,MAA,CCU,5,5,Monday,2019,Clear,0,0
6E,DEL,BOM,11,4,Friday,1006,Clear,0,0
6E,DEL,CCU,18,6,Wednesday,1495,Clear,26,1
AI,CCU,BOM,6,8,Friday,1805,Cloudy,19,1
QP,DEL,BOM,17,6,Saturday,1735,Clear,22,1
6E,MAA,HYD,21,8,Thursday,704,Clear,0,0
AI,BLR,DEL,5,5,Monday,916,Clear,6,0
UK,MAA,HYD,3,4,Friday,509,Fog,28,1
QP,HYD,CCU,22,2,Thursday,639,Cloudy,1,0
6E,DEL,CCU,23,4,Friday,1465,Clear,13,0
QP,BLR,BOM,20,3,Saturday,1339,Clear,5,0
SG,MAA,HYD,14,7,Tuesday,658,Storm,56,1
SG,CCU,DEL,2,8,Monday,524,Clear,7,0
6E,MAA,BOM,21,11,Wednesday,1005,Cloudy,0,0
AI,CCU,BLR,4,4,Sunday,1331,Fog,45,1
6E,CCU,HYD,4,2,Wednesday,997,Fog,21,1
QP,CCU,BLR,17,10,Thursday,1723,Clear,5,0
SG,HYD,CCU,9,9,Saturday,1393,Cloudy,6,0
SG,BLR,MAA,20,4,Saturday,1291,Storm,58,1
QP,HYD,DEL,20,12,Saturday,614,Clear,0,0
6E,MAA,DEL,19,8,Sunday,1749,Cloudy,38,1
6E,BLR,HYD,20,9,Saturday,1429,Rain,48,1
QP,MAA,CCU,13,5,Tuesday,1807,Clear,0,0
UK,MAA,DEL,20,6,Thursday,972,Clear,19,1
6E,BOM,HYD,21,5,Saturday,1548,Clear,0,0
6E,CCU,MAA,6,9,Friday,1219,Clear,15,1
QP,CCU,BOM,10,10,Tuesday,1691,Clear,13,0
AI,HYD,DEL,14,11,Friday,1248,Clear,10,0
AI,BOM,CCU,20,4,Tuesday,985,Cloudy,36,1
SG,BOM,CCU,9,10,Wednesday,1486,Fog,33,1
AI,CCU,MAA,6,9,Sunday,720,Fog,32,1
AI,DEL,MAA,7,1,Sunday,1377,Rain,36,1
QP,BLR,CCU,19,10,Monday,1206,Rain,32,1
UK,HYD,DEL,12,2,Wednesday,1009,Clear,0,0
SG,BOM,DEL,6,2,Wednesday,1629,Clear,4,0
UK,CCU,HYD,17,2,Thursday,1762,Rain,34,1
AI,HYD,MAA,15,7,Saturday,643,Fog,21,1
AI,DEL,CCU,12,1,Saturday,1386,Clear,19,1
SG,BOM,MAA,14,7,Monday,596,Cloudy,38,1
AI,BLR,BOM,5,9,Saturday,1015,Storm,35,1
UK,BOM,CCU,4,7,Monday,1854,Cloudy,20,1
6E,CCU,DEL,19,4,Thursday,1141,Rain,17,1
6E,BLR,DEL,16,5,Thursday,562,Fog,38,1
QP,HYD,MAA,23,9,Wednesday,930,Cloudy,0,0
SG,HYD,CCU,22,5,Sunday,481,Clear,5,0
SG,BOM,HYD,8,8,Friday,1574,Storm,57,1
6E,HYD,DEL,11,9,Sunday,1717,Rain,27,1
6E,BLR,DEL,20,7,Thursday,699,Clear,11,0
SG,DEL,CCU,0,5,Wednesday,810,Storm,47,1
AI,BLR,BOM,20,1,Friday,1331,Clear,19,1
6E,HYD,CCU,4,9,Tuesday,1561,Fog,14,0
SG,DEL,BOM,6,4,Saturday,1725,Rain,35,1
SG,MAA,BOM,11,6,Wednesday,1834,Clear,6,0
AI,HYD,MAA,16,1,Monday,1319,Rain,20,1
SG,BOM,MAA,8,9,Thursday,1205,Clear,24,1
UK,HYD,BLR,22,11,Friday,494,Fog,13,0
6E,BOM,HYD,18,11,Thursday,546,Cloudy,16,1
SG,HYD,BLR,17,4,Monday,1964,Clear,16,1
QP,DEL,HYD,18,2,Monday,895,Storm,56,1
UK,HYD,MAA,0,2,Saturday,1116,Clear,0,0
6E,DEL,MAA,19,5,Sunday,969,Clear,19,1
6E,DEL,BOM,14,1,Tuesday,691,Cloudy,2,0
UK,BOM,MAA,4,3,Sunday,1439,Clear,5,0
AI,BOM,MAA,18,8,Thursday,1024,Clear,31,1
UK,BLR,HYD,2,1,Monday,728,Cloudy,0,0
AI,DEL,BLR,14,8,Tuesday,1007,Clear,6,0
AI,BOM,CCU,13,11,Sunday,963,Clear,11,0
UK,DEL,BLR,0,12,Wednesday,1179,Cloudy,14,0
SG,CCU,BLR,8,12,Saturday,1591,Clear,19,1
QP,MAA,HYD,2,4,Friday,1104,Clear,0,0
AI,BOM,MAA,22,8,Saturday,1332,Clear,8,0
6E,DEL,MAA,19,1,Thursday,1529,Clear,5,0
UK,CCU,MAA,23,3,Monday,1929,Cloudy,10,0
UK,MAA,CCU,11,10,Thursday,680,Clear,0,0
QP,CCU,BLR,7,3,Sunday,1216,Storm,38,1
SG,BOM,BLR,22,4,Sunday,1392,Clear,7,0
UK,BLR,MAA,7,5,Wednesday,1658,Clear,0,0
AI,DEL,HYD,9,4,Monday,1329,Rain,29,1
AI,BLR,MAA,3,9,Tuesday,673,Clear,9,0
AI,DEL,BLR,19,11,Wednesday,1828,Cloudy,20,1
SG,DEL,HYD,2,7,Sunday,1514,Clear,19,1
6E,HYD,BOM,0,7,Thursday,992,Fog,28,1
6E,CCU,MAA,19,9,Thursday,949,Clear,0,0
SG,HYD,BOM,20,5,Saturday,707,Clear,0,0
QP,MAA,BLR,20,6,Tuesday,1245,Cloudy,17,1
UK,MAA,CCU,20,12,Tuesday,1884,Clear,0,0
QP,CCU,MAA,3,5,Saturday,1141,Fog,30,1
SG,DEL,MAA,8,4,Wednesday,1680,Fog,40,1
SG,BOM,BLR,18,1,Friday,1509,Rain,51,1
QP,HYD,BLR,7,1,Saturday,1633,Clear,0,0
AI,MAA,BLR,18,10,Saturday,393,Cloudy,22,1
SG,MAA,BLR,21,3,Thursday,1117,Clear,0,0
QP,MAA,DEL,23,9,Monday,1129,Clear,0,0
QP,BOM,DEL,18,1,Saturday,1769,Clear,29,1
UK,BLR,MAA,19,10,Monday,1700,Clear,0,0
SG,DEL,HYD,14,5,Monday,1368,Clear,12,0
QP,BOM,HYD,1,10,Tuesday,1519,Rain,30,1
QP,DEL,HYD,10,10,Wednesday,820,Clear,10,0
QP,CCU,BLR,22,7,Saturday,727,Clear,11,0
QP,DEL,CCU,21,12,Thursday,1409,Clear,1,0
6E,BLR,CCU,5,12,Sunday,1607,Cloudy,8,0
SG,CCU,HYD,17,9,Monday,1087,Cloudy,32,1
UK,CCU,HYD,7,6,Sunday,996,Clear,0,0
QP,BLR,DEL,10,12,Thursday,453,Cloudy,6,0
QP,BLR,BOM,15,12,Friday,660,Rain,10,0
QP,HYD,BOM,11,5,Monday,1491,Clear,0,0
UK,MAA,BOM,14,4,Saturday,1254,Rain,11,0
UK,MAA,DEL,2,4,Thursday,1396,Fog,23,1
AI,HYD,BOM,7,12,Saturday,617,Fog,15,1
SG,BLR,CCU,19,2,Sunday,1752,Clear,21,1
UK,BLR,DEL,14,1,Tuesday,1230,Clear,0,0
UK,HYD,MAA,20,7,Sunday,710,Cloudy,31,1
SG,CCU,BLR,23,12,Thursday,1723,Clear,3,0
QP,DEL,MAA,8,4,Wednesday,1017,Clear,3,0
AI,MAA,HYD,6,7,Friday,972,Clear,8,0
UK,BLR,CCU,7,2,Monday,1564,Clear,2,0
SG,DEL,BOM,13,10,Friday,1239,Clear,18,1
QP,DEL,HYD,6,12,Sunday,1399,Clear,10,0
SG,BLR,BOM,9,8,Tuesday,1077,Rain,35,1
SG,BOM,MAA,4,2,Thursday,1730,Clear,5,0
QP,DEL,HYD,9,2,Saturday,790,Clear,18,1
QP,BOM,MAA,22,9,Friday,1114,Fog,37,1
SG,CCU,DEL,10,2,Sunday,738,Rain,31,1
6E,MAA,BOM,18,1,Saturday,917,Clear,0,0
UK,BOM,BLR,10,11,Tuesday,1917,Clear,0,0
SG,MAA,BLR,10,7,Wednesday,925,Cloudy,28,1
AI,BLR,DEL,15,8,Friday,1395,Cloudy,2,0
SG,MAA,HYD,2,9,Wednesday,888,Rain,41,1
UK,BOM,DEL,8,5,Wednesday,601,Clear,0,0
QP,DEL,CCU,3,3,Saturday,1431,Cloudy,11,0
6E,BOM,DEL,4,7,Monday,709,Clear,11,0
QP,CCU,DEL,17,1,Thursday,1189,Storm,49,1
UK,HYD,BOM,4,4,Wednesday,1473,Clear,0,0
UK,DEL,CCU,4,8,Saturday,1207,Clear,0,0
SG,CCU,BOM,13,12,Sunday,500,Cloudy,9,0
UK,MAA,CCU,8,8,Sunday,1333,Rain,30,1
QP,HYD,MAA,2,10,Wednesday,1084,Cloudy,3,0
AI,MAA,CCU,22,4,Wednesday,868,Clear,0,0
SG,BOM,BLR,22,1,Monday,1374,Fog,46,1
QP,HYD,DEL,13,5,Sunday,1718,Cloudy,4,0
6E,CCU,BLR,12,9,Wednesday,732,Clear,13,0
6E,BLR,BOM,19,1,Wednesday,431,Rain,27,1
UK,DEL,BOM,23,11,Wednesday,1528,Clear,0,0
SG,MAA,DEL,2,4,Sunday,949,Cloudy,16,1
QP,MAA,BOM,2,9,Sunday,808,Clear,1,0
SG,MAA,BOM,7,11,Wednesday,681,Clear,1,0
SG,HYD,BLR,7,8,Friday,591,Clear,0,0
UK,DEL,MAA,21,3,Tuesday,918,Clear,0,0
SG,DEL,MAA,12,4,Thursday,1330,Clear,8,0
6E,MAA,DEL,19,6,Saturday,1799,Clear,16,1
UK,CCU,HYD,16,12,Thursday,1106,Cloudy,10,0
AI,DEL,BLR,17,9,Sunday,1568,Clear,42,1
AI,HYD,MAA,22,8,Thursday,1745,Cloudy,0,0
QP,HYD,BLR,14,10,Saturday,1183,,0,0
QP,BLR,BOM,18,2,Thursday,1147,Clear,2,0
UK,HYD,CCU,6,1,Saturday,1142,Clear,0,0
AI,CCU,MAA,6,8,Saturday,1584,Cloudy,10,0
AI,MAA,BLR,14,8,Sunday,289,Clear,0,0
AI,DEL,BLR,21,4,Wednesday,1750,Fog,30,1
SG,BLR,CCU,1,8,Thursday,1328,Cloudy,5,0
6E,CCU,BOM,12,2,Friday,658,Fog,30,1
6E,BOM,BLR,4,3,Sunday,741,Clear,3,0
QP,CCU,HYD,21,11,Monday,1276,Cloudy,0,0
QP,BLR,HYD,12,1,Monday,280,Cloudy,8,0
SG,HYD,BOM,1,7,Monday,1563,Clear,0,0
6E,BOM,DEL,0,11,Monday,1588,Rain,16,1
UK,CCU,BOM,15,9,Tuesday,1269,Clear,0,0
6E,HYD,BLR,5,6,Tuesday,1341,Clear,0,0
QP,HYD,CCU,0,4,Monday,535,Cloudy,0,0
AI,BLR,HYD,3,1,Sunday,1530,Clear,7,0
SG,DEL,BLR,3,2,Saturday,967,Clear,6,0
UK,MAA,CCU,8,7,Tuesday,1116,Cloudy,21,1
SG,BOM,BLR,17,7,Wednesday,931,Clear,30,1
UK,BOM,CCU,20,5,Wednesday,1367,Cloudy,24,1
AI,MAA,DEL,12,4,Saturday,409,Clear,0,0
SG,BOM,DEL,22,1,Monday,1281,Rain,16,1
SG,MAA,CCU,18,2,Sunday,811,Clear,26,1
UK,BLR,DEL,3,4,Monday,1658,Clear,0,0
6E,MAA,DEL,17,12,Thursday,719,Clear,17,1
6E,DEL,HYD,5,4,Friday,724,Cloudy,17,1
UK,MAA,BOM,23,2,Tuesday,1515,Clear,0,0
6E,BOM,BLR,20,7,Monday,518,Clear,19,1
6E,CCU,BLR,1,2,Wednesday,1264,Clear,0,0
6E,BLR,BOM,4,5,Sunday,1396,Clear,0,0
AI,DEL,BLR,10,9,Thursday,1090,Fog,31,1
QP,BLR,BOM,17,2,Sunday,1130,Cloudy,16,1
6E,DEL,BOM,13,12,Wednesday,1631,Clear,0,0
AI,BOM,BLR,2,8,Friday,1257,Clear,13,0
AI,MAA,DEL,15,11,Sunday,1617,Cloudy,9,0
QP,HYD,MAA,15,9,Wednesday,1673,Rain,7,0
UK,MAA,HYD,22,12,Sunday,867,Clear,0,0
6E,CCU,DEL,6,7,Sunday,1656,Fog,47,1
UK,BLR,HYD,0,1,Friday,1319,Clear,0,0
AI,HYD,MAA,17,1,Thursday,860,Clear,0,0
6E,DEL,MAA,16,3,Tuesday,1536,Rain,22,1
6E,BOM,MAA,12,2,Tuesday,1420,Cloudy,0,0
QP,MAA,CCU,16,10,Sunday,1520,Clear,9,0
AI,DEL,BLR,4,12,Wednesday,1157,Fog,34,1
UK,BLR,DEL,3,8,Sunday,567,Rain,27,1
SG,DEL,HYD,9,3,Wednesday,1118,Storm,49,1
QP,CCU,BLR,21,12,Tuesday,1500,Cloudy,2,0
UK,HYD,BOM,12,4,Friday,1609,Cloudy,0,0
6E,HYD,DEL,15,11,Wednesday,559,Clear,0,0
6E,MAA,CCU,23,9,Wednesday,744,Clear,0,0
6E,BOM,MAA,7,6,Thursday,1383,Clear,2,0
SG,DEL,MAA,11,10,Saturday,566,Rain,38,1
6E,BLR,DEL,16,8,Saturday,1744,Clear,15,1
SG,BOM,CCU,3,11,Friday,1594,Rain,45,1
SG,BOM,BLR,9,8,Sunday,1451,Clear,29,1
QP,BOM,BLR,13,5,Tuesday,882,Clear,0,0
6E,MAA,CCU,7,2,Friday,1207,Clear,0,0
QP,BOM,BLR,5,12,Wednesday,864,Clear,0,0
UK,DEL,BOM,10,10,Wednesday,584,Clear,7,0
SG,CCU,BOM,21,2,Saturday,662,Clear,0,0
SG,DEL,CCU,9,8,Wednesday,505,Cloudy,21,1
QP,BOM,HYD,20,10,Tuesday,1752,Clear,8,0
UK,BLR,HYD,16,9,Thursday,590,,5,0
SG,DEL,HYD,3,4,Monday,1635,Clear,11,0
6E,CCU,BOM,21,2,Thursday,1219,Clear,0,0
UK,BLR,BOM,14,12,Friday,1487,Fog,24,1
UK,MAA,CCU,13,5,Tuesday,1494,Rain,0,0
SG,DEL,CCU,16,11,Wednesday,1330,Clear,25,1
SG,HYD,CCU,1,6,Tuesday,1721,Clear,14,0
AI,DEL,BOM,6,10,Monday,443,Clear,1,0
QP,BOM,BLR,19,3,Monday,1187,Cloudy,13,0
SG,BLR,DEL,15,8,Thursday,1882,Clear,16,1
AI,CCU,HYD,9,7,Thursday,1304,Cloudy,31,1
QP,BOM,BLR,11,3,Thursday,626,Clear,2,0
SG,MAA,BLR,14,9,Monday,877,Cloudy,8,0
AI,DEL,HYD,11,6,Monday,1487,Clear,4,0
UK,BOM,HYD,10,8,Monday,1483,Clear,11,0
QP,HYD,CCU,13,1,Saturday,1148,Clear,0,0
6E,BLR,HYD,6,2,Friday,527,Cloudy,0,0
QP,HYD,BOM,13,9,Thursday,882,Cloudy,8,0
UK,MAA,DEL,16,12,Monday,1051,Cloudy,19,1
6E,DEL,MAA,17,2,Monday,1004,Clear,19,1
6E,MAA,CCU,14,1,Wednesday,1308,Cloudy,1,0
UK,CCU,BOM,10,4,Sunday,1218,Clear,0,0
SG,MAA,HYD,15,1,Monday,1105,Cloudy,0,0
QP,BOM,DEL,17,3,Friday,1436,Rain,38,1
AI,BLR,HYD,7,9,Friday,1283,Clear,23,1
QP,CCU,MAA,11,10,Sunday,1454,Rain,18,1
UK,MAA,HYD,16,8,Wednesday,850,Fog,42,1
AI,CCU,DEL,15,5,Tuesday,504,Fog,31,1
QP,CCU,DEL,11,2,Friday,1890,Clear,0,0
6E,BLR,CCU,6,7,Wednesday,1698,Rain,20,1
SG,DEL,HYD,21,12,Tuesday,880,Clear,0,0
SG,BOM,CCU,13,3,Friday,1471,Clear,14,0
AI,BOM,DEL,12,7,Sunday,1075,Clear,9,0
6E,CCU,BLR,11,5,Sunday,1580,Clear,6,0
SG,BOM,HYD,18,5,Monday,561,Clear,16,1
6E,BLR,CCU,7,7,Saturday,901,Fog,26,1
AI,CCU,MAA,22,3,Friday,1500,Clear,0,0
AI,DEL,HYD,1,3,Friday,1300,Clear,10,0
QP,HYD,BOM,0,1,Thursday,896,Rain,18,1
AI,HYD,CCU,12,9,Saturday,1510,Clear,13,0
AI,CCU,BOM,20,11,Thursday,914,Fog,36,1
UK,BLR,BOM,0,6,Monday,1066,Storm,41,1
AI,HYD,MAA,16,8,Monday,1752,Clear,20,1
SG,CCU,MAA,9,12,Saturday,661,Clear,0,0
UK,CCU,BLR,0,10,Wednesday,1302,Clear,0,0
SG,MAA,BOM,8,3,Friday,1322,Fog,30,1
UK,MAA,HYD,15,10,Saturday,1390,Clear,0,0
SG,CCU,BLR,15,5,Tuesday,1512,Clear,2,0
SG,CCU,BOM,20,12,Sunday,1641,Cloudy,24,1
UK,MAA,CCU,23,12,Tuesday,935,Cloudy,0,0
AI,BOM,CCU,1,1,Thursday,878,,14,0
6E,HYD,BLR,20,11,Wednesday,1656,Clear,8,0
AI,BOM,DEL,0,3,Friday,1218,Cloudy,20,1
AI,HYD,BOM,23,6,Monday,1712,Cloudy,9,0
6E,BLR,HYD,18,9,Wednesday,1945,Clear,10,0
6E,CCU,DEL,22,2,Tuesday,1343,Cloudy,0,0
AI,HYD,BOM,1,1,Saturday,1700,Clear,2,0
6E,CCU,DEL,1,5,Monday,596,Clear,1,0
UK,MAA,CCU,23,7,Friday,1517,Clear,8,0
AI,CCU,BLR,6,8,Friday,1248,Clear,14,0
6E,BOM,BLR,9,12,Saturday,1125,Clear,0,0
AI,MAA,BLR,7,4,Thursday,1792,Clear,0,0
AI,BOM,DEL,3,9,Friday,865,Clear,3,0
AI,HYD,BOM,1,3,Monday,761,Cloudy,0,0
UK,BLR,CCU,3,6,Thursday,751,Clear,3,0
SG,BOM,MAA,20,7,Friday,405,Rain,54,1
SG,CCU,BOM,0,6,Tuesday,795,Clear,28,1
SG,CCU,DEL,21,3,Tuesday,1244,Clear,3,0
SG,HYD,MAA,5,3,Wednesday,895,Clear,0,0
QP,DEL,CCU,14,11,Thursday,923,Rain,25,1
6E,BOM,CCU,6,12,Monday,1884,Cloudy,10,0
SG,BOM,HYD,21,1,Sunday,1402,Clear,5,0
QP,CCU,BLR,0,3,Friday,779,Clear,1,0
UK,BLR,MAA,17,12,Saturday,1834,Clear,9,0
QP,DEL,MAA,22,2,Saturday,1203,Clear,13,0
AI,HYD,MAA,10,7,Friday,836,Clear,6,0
QP,CCU,BOM,10,4,Saturday,926,Rain,27,1
UK,HYD,CCU,3,12,Friday,1502,Clear,0,0
6E,BLR,DEL,21,9,Saturday,1111,Fog,27,1
AI,BOM,DEL,23,10,Monday,1392,Clear,11,0
SG,CCU,HYD,11,1,Saturday,1060,Clear,21,1
UK,DEL,HYD,16,2,Wednesday,1553,Fog,39,1
6E,CCU,HYD,18,10,Thursday,1623,Clear,3,0
6E,BOM,CCU,8,3,Wednesday,359,Rain,13,0
QP,DEL,CCU,0,6,Wednesday,747,Clear,7,0
UK,BLR,MAA,3,2,Thursday,1608,Clear,0,0
AI,DEL,MAA,21,1,Wednesday,845,Rain,24,1
6E,DEL,CCU,19,9,Sunday,1505,Clear,24,1
AI,BOM,DEL,2,3,Thursday,809,Clear,17,1
SG,MAA,HYD,19,3,Saturday,435,Clear,17,1
QP,MAA,CCU,21,11,Sunday,1053,Clear,0,0
QP,BOM,MAA,13,9,Friday,1681,Clear,2,0
SG,HYD,DEL,10,3,Wednesday,1801,Cloudy,19,1
SG,BLR,BOM,23,11,Friday,1131,Clear,10,0
UK,BLR,MAA,20,12,Monday,1527,,16,1
SG,BLR,HYD,9,5,Saturday,1479,Cloudy,6,0
AI,CCU,DEL,11,6,Monday,973,Rain,29,1
UK,HYD,CCU,22,8,Thursday,1417,Fog,27,1
UK,HYD,DEL,22,2,Tuesday,1650,Rain,0,0
AI,CCU,HYD,15,11,Sunday,1723,Clear,7,0
UK,HYD,CCU,15,2,Friday,1213,Clear,0,0
SG,DEL,BOM,17,10,Friday,565,Cloudy,25,1
6E,BOM,MAA,6,7,Friday,1677,Clear,17,1
UK,BLR,HYD,22,2,Saturday,1508,Clear,0,0
6E,DEL,MAA,7,6,Tuesday,1101,Rain,28,1
6E,MAA,HYD,19,4,Monday,854,Clear,11,0
AI,BLR,CCU,19,12,Sunday,1017,Clear,11,0
6E,DEL,BLR,6,7,Thursday,986,Clear,0,0
QP,BLR,DEL,19,5,Friday,508,Clear,10,0
QP,MAA,DEL,20,4,Wednesday,843,Clear,9,0
SG,CCU,MAA,11,2,Saturday,864,Storm,49,1
SG,CCU,BLR,12,7,Monday,1255,Clear,13,0
SG,CCU,MAA,12,7,Thursday,504,Clear,4,0
UK,HYD,CCU,1,12,Friday,1354,Clear,0,0
UK,CCU,HYD,12,8,Thursday,579,Clear,0,0
SG,CCU,MAA,16,6,Sunday,836,Clear,39,1
SG,HYD,MAA,13,5,Monday,1709,Clear,7,0
UK,BLR,MAA,11,4,Saturday,704,Cloudy,0,0
UK,CCU,BLR,12,8,Sunday,784,Clear,0,0
UK,BLR,HYD,12,2,Monday,1782,Clear,0,0
6E,DEL,MAA,22,1,Friday,491,Cloudy,6,0
6E,DEL,BOM,9,11,Monday,802,Clear,5,0
AI,HYD,BOM,5,1,Friday,1267,Clear,7,0
UK,DEL,MAA,1,3,Wednesday,837,Clear,0,0
SG,DEL,CCU,20,7,Saturday,1301,Clear,23,1
SG,BOM,DEL,4,3,Tuesday,1513,Clear,16,1
QP,HYD,DEL,10,9,Wednesday,1203,Clear,2,0
AI,BLR,HYD,18,7,Monday,927,Clear,12,0
SG,HYD,BLR,4,1,Saturday,728,Clear,6,0
SG,HYD,DEL,5,6,Monday,870,Clear,9,0
UK,CCU,MAA,15,10,Friday,1280,Cloudy,4,0
6E,BOM,HYD,15,5,Wednesday,523,Clear,0,0
6E,BLR,DEL,5,9,Sunday,729,Clear,1,0
SG,HYD,MAA,13,7,Monday,1534,Fog,36,1
QP,BOM,CCU,16,6,Friday,1051,Rain,46,1
SG,BOM,BLR,5,7,Tuesday,1471,Clear,11,0
UK,DEL,CCU,10,6,Monday,1803,Clear,6,0
SG,BOM,BLR,6,1,Sunday,798,Storm,46,1
AI,BOM,DEL,22,6,Sunday,1209,Cloudy,17,1
SG,BOM,DEL,9,5,Sunday,1487,Cloudy,20,1
AI,BOM,DEL,20,10,Tuesday,1320,Cloudy,9,0
QP,MAA,BOM,21,9,Saturday,619,Rain,27,1
QP,MAA,BLR,4,7,Thursday,1191,Clear,3,0
UK,HYD,BLR,22,5,Tuesday,794,Cloudy,3,0
6E,DEL,BLR,1,8,Wednesday,948,Clear,0,0
SG,MAA,CCU,9,12,Tuesday,1583,Clear,0,0
SG,DEL,CCU,3,11,Friday,925,Clear,18,1
SG,DEL,CCU,1,3,Friday,1712,Rain,25,1
UK,HYD,BOM,13,4,Tuesday,1001,Clear,0,0
6E,BLR,CCU,14,6,Saturday,1549,Cloudy,6,0
AI,BOM,DEL,13,8,Thursday,666,Fog,50,1
6E,CCU,DEL,10,9,Friday,1576,Clear,12,0
UK,DEL,MAA,18,10,Monday,1594,Clear,7,0
UK,DEL,BOM,11,7,Saturday,1390,Clear,3,0
UK,HYD,CCU,12,10,Wednesday,1784,Clear,0,0
6E,BLR,HYD,10,1,Thursday,671,Clear,0,0
QP,MAA,DEL,4,3,Tuesday,1706,Cloudy,0,0
6E,DEL,HYD,15,7,Sunday,1440,Cloudy,21,1
QP,BLR,HYD,19,7,Thursday,647,Clear,20,1
6E,DEL,MAA,7,12,Saturday,1348,Clear,0,0
UK,DEL,MAA,11,8,Friday,1252,Clear,3,0
SG,BLR,MAA,21,5,Monday,1476,Clear,4,0
6E,MAA,DEL,4,8,Friday,1496,Storm,35,1
6E,DEL,BLR,10,2,Wednesday,1367,Clear,8,0
6E,CCU,HYD,6,5,Friday,1508,Clear,0,0
QP,HYD,BLR,8,1,Thursday,873,Clear,0,0
AI,BLR,CCU,11,2,Saturday,849,Cloudy,6,0
UK,CCU,HYD,22,5,Tuesday,1215,Clear,0,0
SG,BOM,MAA,0,1,Sunday,776,Clear,16,1
SG,BOM,MAA,8,3,Wednesday,1544,Clear,16,1
UK,MAA,HYD,20,11,Saturday,1797,Rain,18,1
AI,DEL,MAA,1,11,Friday,1007,,22,1
AI,CCU,BOM,12,7,Thursday,1555,Clear,9,0
UK,MAA,DEL,3,12,Thursday,1004,Storm,23,1
QP,CCU,BOM,13,1,Friday,1606,Cloudy,17,1
AI,BLR,DEL,17,12,Sunday,694,Clear,17,1
QP,HYD,BOM,15,6,Tuesday,1681,Clear,16,1
SG,CCU,BOM,13,5,Tuesday,1257,Clear,16,1
AI,DEL,CCU,17,10,Sunday,1841,Cloudy,26,1
6E,BOM,CCU,12,6,Sunday,1414,Clear,0,0
6E,BLR,BOM,14,8,Wednesday,1654,Cloudy,4,0
QP,HYD,MAA,1,4,Wednesday,992,Clear,0,0
UK,MAA,BOM,0,7,Saturday,1325,Clear,0,0
6E,CCU,DEL,3,2,Sunday,1567,Cloudy,14,0
6E,BLR,BOM,12,3,Sunday,1446,Cloudy,5,0
UK,BOM,DEL,9,7,Tuesday,1812,Cloudy,18,1
AI,BOM,HYD,8,12,Tuesday,638,Clear,14,0
6E,MAA,HYD,10,3,Thursday,797,Clear,8,0
AI,BLR,DEL,23,7,Tuesday,1157,Clear,7,0
SG,HYD,DEL,9,1,Sunday,1105,Clear,7,0
SG,HYD,BLR,10,7,Wednesday,1315,Clear,8,0
UK,MAA,DEL,12,11,Tuesday,1066,Clear,0,0
AI,BOM,MAA,18,5,Sunday,546,Rain,36,1
6E,BOM,BLR,17,10,Saturday,814,Fog,52,1
QP,MAA,BLR,23,5,Sunday,1530,Cloudy,3,0
6E,BLR,DEL,15,12,Thursday,1306,Rain,9,0
AI,MAA,BOM,22,8,Saturday,430,Clear,6,0
AI,DEL,MAA,14,4,Wednesday,1068,Rain,28,1
QP,BOM,MAA,12,4,Monday,990,Clear,0,0
AI,CCU,HYD,13,11,Friday,1572,Clear,11,0
UK,CCU,BOM,11,6,Monday,1630,Clear,0,0
QP,DEL,BLR,4,5,Tuesday,1594,Clear,15,1
SG,MAA,BOM,8,8,Wednesday,1906,Cloudy,11,0
UK,DEL,HYD,14,1,Friday,1003,Clear,0,0
6E,DEL,BLR,14,3,Saturday,1612,Rain,25,1
AI,CCU,DEL,3,6,Tuesday,514,Fog,43,1
AI,DEL,BOM,19,4,Saturday,682,Cloudy,12,0
QP,BOM,DEL,17,7,Friday,1824,Clear,29,1
AI,DEL,MAA,12,5,Friday,552,Cloudy,6,0
AI,HYD,BLR,10,6,Friday,1855,Clear,16,1
QP,DEL,MAA,13,10,Wednesday,1237,Clear,0,0
UK,BOM,BLR,13,10,Monday,728,Clear,0,0
6E,BOM,DEL,10,4,Monday,501,Clear,12,0
SG,HYD,BLR,20,5,Monday,1666,Clear,11,0
UK,BLR,DEL,3,8,Thursday,591,Clear,0,0
QP,BOM,HYD,8,12,Friday,1868,Clear,16,1
UK,BLR,BOM,9,7,Tuesday,2017,Rain,28,1
SG,BLR,DEL,2,1,Monday,734,Rain,11,0
QP,BLR,CCU,2,8,Friday,1485,,20,1
UK,HYD,DEL,21,9,Friday,1132,Clear,0,0
6E,BOM,MAA,18,12,Sunday,1231,Rain,37,1
QP,BLR,HYD,8,12,Sunday,531,Cloudy,8,0
6E,MAA,CCU,6,9,Sunday,965,Clear,2,0
AI,BOM,MAA,9,7,Monday,1113,Clear,23,1
UK,BOM,HYD,16,3,Wednesday,1182,Clear,3,0
QP,DEL,HYD,7,11,Thursday,942,Clear,0,0
AI,MAA,HYD,1,6,Saturday,1028,Rain,29,1
QP,MAA,DEL,10,9,Sunday,580,Clear,19,1
QP,MAA,BOM,14,9,Saturday,857,Clear,3,0
QP,BOM,MAA,12,1,Sunday,1267,Cloudy,8,0
UK,BLR,BOM,4,5,Monday,1295,Rain,10,0
6E,BOM,MAA,20,9,Monday,554,Cloudy,19,1
UK,MAA,HYD,15,6,Wednesday,1458,Clear,0,0
AI,BLR,DEL,17,8,Saturday,828,Rain,25,1
QP,BLR,HYD,22,7,Wednesday,914,Clear,3,0
SG,BLR,HYD,12,1,Tuesday,1766,Cloudy,9,0
UK,MAA,BLR,13,4,Tuesday,1626,Fog,23,1
UK,MAA,BOM,18,5,Saturday,1476,Rain,12,0
SG,MAA,BLR,18,5,Saturday,975,Clear,4,0
UK,BLR,DEL,20,1,Wednesday,1535,Fog,34,1
QP,MAA,DEL,16,1,Monday,1212,Clear,17,1
QP,CCU,MAA,1,4,Tuesday,878,Clear,0,0
QP,HYD,BLR,8,11,Wednesday,1172,Cloudy,4,0
SG,MAA,BLR,14,12,Thursday,1192,Clear,0,0
SG,CCU,BOM,10,11,Wednesday,1247,Clear,10,0
6E,CCU,MAA,1,12,Tuesday,763,Clear,0,0
AI,BOM,HYD,6,12,Sunday,1164,Clear,0,0
UK,MAA,CCU,7,9,Wednesday,1066,Clear,0,0
QP,BLR,CCU,0,2,Tuesday,807,Cloudy,0,0
AI,DEL,CCU,18,5,Wednesday,1418,Cloudy,29,1
UK,BLR,BOM,9,9,Saturday,1079,Rain,23,1
AI,CCU,HYD,18,5,Sunday,1126,Fog,54,1
UK,CCU,BLR,20,4,Thursday,1694,Fog,26,1
AI,MAA,BOM,21,1,Thursday,1130,Clear,3,0
SG,CCU,MAA,21,5,Wednesday,1140,Clear,4,0
QP,HYD,BOM,11,5,Friday,1380,Cloudy,0,0
SG,MAA,CCU,5,10,Friday,719,Fog,27,1
SG,DEL,BOM,2,10,Tuesday,595,Rain,23,1
6E,BOM,CCU,14,2,Thursday,1049,Cloudy,7,0
UK,BOM,CCU,3,7,Sunday,510,Rain,18,1
AI,CCU,DEL,5,11,Tuesday,924,Clear,0,0
6E,HYD,BLR,5,6,Thursday,698,Clear,0,0
UK,CCU,BLR,6,12,Friday,1362,Clear,2,0
SG,BLR,MAA,8,2,Monday,1678,Cloudy,17,1
AI,BLR,MAA,7,4,Thursday,542,Clear,0,0
QP,MAA,DEL,12,12,Friday,1822,Clear,3,0
UK,HYD,CCU,22,9,Thursday,1171,Clear,0,0
QP,BLR,BOM,15,4,Wednesday,649,Clear,8,0
UK,BOM,BLR,16,11,Saturday,1009,Clear,18,1
UK,HYD,BOM,3,5,Wednesday,1070,Rain,4,0
SG,DEL,BLR,2,10,Thursday,933,Fog,36,1
QP,BOM,HYD,4,4,Wednesday,1114,Clear,0,0
AI,DEL,BLR,20,5,Saturday,1825,Clear,14,0
UK,DEL,BLR,4,4,Thursday,1330,Clear,1,0
AI,BOM,MAA,23,5,Wednesday,838,Clear,0,0
UK,DEL,BLR,18,8,Wednesday,1074,Cloudy,18,1
QP,DEL,HYD,19,10,Thursday,1054,Cloudy,24,1
QP,MAA,CCU,7,8,Saturday,1829,Clear,14,0
6E,BOM,DEL,3,1,Friday,1646,Cloudy,19,1
6E,HYD,MAA,4,8,Tuesday,746,Rain,13,0
UK,DEL,MAA,20,6,Monday,1500,Clear,8,0
6E,CCU,MAA,10,1,Monday,1172,Fog,27,1
AI,BOM,MAA,9,4,Sunday,751,Clear,23,1
6E,MAA,DEL,5,12,Monday,701,Clear,0,0
UK,HYD,BOM,8,5,Tuesday,1396,Clear,14,0
UK,MAA,BLR,8,9,Wednesday,962,Clear,4,0
QP,HYD,MAA,17,3,Tuesday,326,Clear,17,1
UK,HYD,MAA,19,11,Monday,660,Clear,0,0
6E,MAA,DEL,11,10,Tuesday,420,Clear,0,0
SG,MAA,DEL,8,2,Monday,510,Cloudy,30,1
SG,BLR,CCU,10,9,Thursday,726,Clear,4,0
UK,CCU,BLR,4,12,Wednesday,1604,Clear,0,0
UK,CCU,DEL,1,11,Wednesday,827,Cloudy,0,0
6E,MAA,CCU,5,9,Sunday,1384,Cloudy,5,0
QP,CCU,MAA,0,9,Sunday,1821,Cloudy,20,1
QP,DEL,MAA,0,7,Monday,1422,Clear,7,0
AI,HYD,BLR,5,2,Sunday,1911,Rain,17,1
6E,HYD,CCU,21,1,Monday,956,Clear,0,0
6E,CCU,MAA,4,4,Friday,567,Rain,23,1
QP,DEL,BOM,16,4,Friday,657,Clear,11,0
AI,MAA,BOM,3,11,Friday,1899,Fog,27,1
6E,DEL,BOM,11,11,Thursday,1832,Clear,0,0
6E,BLR,BOM,14,4,Friday,1227,Fog,20,1
UK,MAA,BOM,13,5,Monday,1050,Rain,7,0
6E,BOM,MAA,19,9,Thursday,634,Clear,7,0
UK,CCU,BLR,6,9,Sunday,1382,Clear,0,0
SG,CCU,DEL,17,11,Thursday,1111,Clear,21,1
QP,DEL,HYD,9,9,Friday,1775,Clear,23,1
AI,BOM,MAA,10,9,Monday,1343,Clear,12,0
AI,DEL,MAA,7,10,Thursday,1228,Clear,0,0
AI,MAA,DEL,23,11,Monday,1614,Clear,6,0
QP,CCU,BLR,19,5,Thursday,947,Clear,13,0
SG,HYD,BOM,11,4,Wednesday,1264,Clear,3,0
UK,DEL,CCU,17,11,Saturday,803,Clear,16,1
SG,BOM,DEL,21,2,Saturday,1924,Clear,15,1
UK,DEL,HYD,6,4,Monday,598,Clear,0,0
6E,BLR,DEL,7,2,Wednesday,738,Clear,0,0
UK,MAA,HYD,18,11,Sunday,629,Rain,21,1
SG,DEL,MAA,6,12,Monday,1915,Cloudy,5,0
AI,CCU,MAA,2,6,Monday,1314,Storm,61,1
SG,BOM,DEL,14,2,Sunday,880,Clear,7,0
UK,HYD,MAA,4,3,Thursday,1742,Clear,0,0
AI,MAA,BOM,14,7,Friday,1450,Clear,11,0
6E,HYD,MAA,2,5,Tuesday,1515,Clear,0,0
UK,BLR,CCU,11,10,Wednesday,1268,Fog,22,1
6E,BLR,DEL,5,10,Friday,770,Cloudy,3,0
6E,BLR,HYD,12,6,Wednesday,1755,Fog,39,1
SG,BOM,CCU,5,8,Saturday,579,Fog,38,1
UK,BOM,DEL,6,1,Sunday,782,Clear,0,0
UK,MAA,BOM,21,2,Friday,720,Clear,0,0
SG,CCU,HYD,23,5,Tuesday,1452,Clear,1,0
AI,CCU,BLR,7,2,Tuesday,1823,Cloudy,14,0
6E,BOM,MAA,15,1,Monday,1395,Cloudy,11,0
AI,BOM,BLR,8,9,Saturday,854,Clear,10,0
QP,DEL,MAA,4,1,Sunday,1257,Fog,18,1
AI,BOM,DEL,2,3,Sunday,1220,Rain,44,1
QP,HYD,BOM,21,9,Sunday,1828,Fog,35,1
AI,BOM,HYD,1,3,Tuesday,1902,Clear,0,0
6E,MAA,BLR,11,3,Friday,851,Rain,4,0
SG,DEL,HYD,5,9,Tuesday,1818,Cloudy,24,1
QP,BLR,BOM,18,1,Tuesday,1671,Clear,6,0
AI,BOM,BLR,3,4,Thursday,797,Clear,12,0
6E,BLR,CCU,13,7,Friday,1526,Clear,1,0
QP,DEL,MAA,8,1,Saturday,1700,Clear,7,0
6E,BLR,CCU,12,8,Thursday,803,Cloudy,2,0
6E,MAA,HYD,4,6,Monday,830,Rain,18,1
SG,CCU,HYD,2,4,Monday,1604,Storm,48,1
AI,BOM,DEL,4,7,Monday,1576,Clear,21,1
QP,BLR,DEL,13,1,Saturday,1493,Cloudy,6,0
QP,MAA,HYD,15,8,Thursday,621,Clear,1,0
QP,BLR,HYD,21,6,Wednesday,824,Clear,8,0
6E,HYD,MAA,22,1,Saturday,593,Rain,21,1
AI,BLR,DEL,18,10,Wednesday,1443,Fog,31,1
UK,CCU,BOM,0,6,Wednesday,1661,Storm,37,1
6E,HYD,BOM,16,1,Saturday,1662,Clear,5,0
QP,CCU,BLR,16,5,Friday,1014,Cloudy,22,1
SG,MAA,BLR,16,9,Friday,497,Clear,18,1
QP,BLR,CCU,15,6,Saturday,1705,Cloudy,0,0
SG,BOM,MAA,16,5,Wednesday,1684,Clear,18,1
SG,DEL,CCU,14,1,Monday,994,Clear,9,0
AI,HYD,CCU,14,1,Friday,1471,Storm,54,1
AI,MAA,BOM,16,4,Wednesday,897,Clear,10,0
AI,BLR,DEL,1,4,Sunday,1640,Rain,26,1
UK,DEL,MAA,12,8,Wednesday,1307,Clear,0,0
6E,MAA,DEL,3,6,Saturday,1905,Rain,21,1
QP,BOM,BLR,22,2,Saturday,1612,Fog,26,1
AI,HYD,DEL,23,8,Friday,1390,Clear,12,0
QP,DEL,CCU,3,12,Friday,585,Clear,7,0
SG,DEL,HYD,21,11,Monday,978,Rain,39,1
AI,CCU,MAA,11,12,Saturday,1285,Clear,3,0
AI,MAA,BLR,16,6,Tuesday,1070,Clear,21,1
6E,DEL,BLR,15,5,Thursday,755,Clear,0,0
6E,DEL,HYD,2,1,Tuesday,1423,Clear,1,0
6E,BLR,DEL,21,9,Tuesday,698,Clear,5,0
UK,MAA,DEL,15,6,Wednesday,1722,Clear,0,0
AI,BLR,DEL,11,8,Thursday,422,Clear,4,0
AI,CCU,DEL,14,4,Sunday,885,Storm,46,1
SG,HYD,MAA,23,3,Wednesday,460,Clear,10,0
QP,HYD,BLR,15,9,Sunday,874,Clear,0,0
6E,BOM,BLR,15,5,Friday,1002,Rain,32,1
QP,MAA,HYD,21,7,Friday,1673,Rain,31,1
6E,CCU,BLR,16,12,Sunday,1350,Clear,9,0
6E,DEL,BLR,3,4,Sunday,772,Clear,5,0
AI,MAA,CCU,19,2,Thursday,983,Clear,13,0
UK,CCU,HYD,21,9,Wednesday,753,Storm,33,1
UK,BLR,MAA,17,7,Friday,389,Rain,42,1
SG,MAA,BOM,3,5,Tuesday,1270,Clear,2,0
AI,BLR,HYD,12,8,Tuesday,1081,Clear,0,0
AI,BOM,MAA,1,12,Wednesday,793,Cloudy,21,1
UK,MAA,HYD,18,3,Friday,1569,Rain,31,1
AI,BOM,DEL,22,10,Sunday,1887,Clear,11,0
AI,MAA,BOM,0,7,Saturday,1668,Fog,42,1
SG,BOM,CCU,2,10,Wednesday,1618,Rain,29,1
QP,BLR,CCU,22,12,Saturday,1344,Clear,3,0
UK,MAA,DEL,19,2,Thursday,822,Clear,5,0
AI,BLR,DEL,19,2,Sunday,1087,Clear,12,0
QP,MAA,BLR,5,1,Friday,761,Rain,18,1
UK,DEL,HYD,15,3,Sunday,920,Clear,0,0
SG,DEL,BOM,19,5,Saturday,1051,Rain,52,1
AI,DEL,HYD,1,4,Thursday,1158,Rain,15,1
UK,BOM,HYD,6,10,Saturday,1684,,3,0
AI,DEL,HYD,7,10,Sunday,1616,Clear,19,1
SG,BLR,DEL,12,5,Tuesday,1329,Clear,0,0
6E,DEL,BOM,6,7,Saturday,1009,Clear,5,0
QP,MAA,DEL,8,4,Sunday,476,Clear,12,0
AI,DEL,BOM,6,7,Thursday,1724,Cloudy,16,1
SG,CCU,HYD,1,4,Thursday,689,Clear,4,0
AI,CCU,BLR,16,10,Monday,1339,Clear,13,0
SG,MAA,CCU,15,3,Saturday,735,Cloudy,0,0
UK,MAA,DEL,21,12,Sunday,1024,Clear,0,0
QP,MAA,DEL,13,12,Friday,834,Fog,22,1
SG,CCU,MAA,16,3,Sunday,1693,Cloudy,17,1
6E,HYD,BLR,8,7,Monday,1064,Clear,14,0
AI,HYD,BLR,9,10,Thursday,1728,Rain,28,1
UK,BLR,MAA,9,11,Saturday,1080,Clear,0,0
UK,HYD,MAA,23,5,Wednesday,816,Clear,0,0
AI,BLR,MAA,11,7,Saturday,955,Clear,2,0
UK,DEL,BOM,20,2,Monday,1330,Clear,2,0
6E,CCU,DEL,7,4,Sunday,1487,Rain,19,1
6E,MAA,DEL,16,4,Monday,1743,Fog,27,1
AI,MAA,BOM,6,4,Monday,735,Rain,23,1
6E,BOM,MAA,9,5,Saturday,1342,Clear,0,0
6E,MAA,CCU,20,9,Sunday,699,Clear,16,1
AI,HYD,BLR,16,11,Wednesday,1780,Clear,3,0
UK,DEL,BOM,11,7,Tuesday,849,Clear,7,0
6E,CCU,DEL,9,6,Thursday,570,Fog,35,1
AI,CCU,MAA,19,9,Tuesday,960,Clear,23,1
UK,CCU,BLR,3,8,Wednesday,1713,Clear,0,0
AI,BLR,CCU,20,6,Monday,1313,Cloudy,36,1
QP,BOM,HYD,14,1,Friday,1428,Cloudy,2,0
UK,DEL,CCU,7,7,Tuesday,1347,Fog,25,1
QP,MAA,DEL,16,1,Saturday,747,Storm,42,1
QP,CCU,DEL,23,8,Tuesday,1794,Clear,5,0
QP,DEL,HYD,8,12,Sunday,628,Fog,40,1
UK,MAA,BLR,9,10,Friday,867,Fog,16,1
UK,DEL,HYD,22,11,Thursday,1539,Rain,9,0
SG,MAA,BOM,8,6,Wednesday,1673,Fog,34,1
AI,DEL,HYD,20,6,Wednesday,576,Cloudy,19,1
QP,CCU,MAA,21,7,Monday,1642,Clear,1,0
6E,BOM,MAA,13,3,Monday,328,Rain,31,1
AI,BLR,CCU,1,12,Thursday,1206,Clear,0,0
6E,MAA,BLR,1,1,Saturday,744,Fog,14,0
6E,CCU,MAA,6,12,Friday,1751,Clear,0,0
AI,BLR,CCU,0,12,Saturday,644,Clear,0,0
SG,CCU,DEL,18,12,Saturday,1352,Rain,28,1
AI,DEL,BLR,15,1,Wednesday,790,Clear,0,0
QP,BLR,MAA,10,12,Sunday,682,Clear,0,0
UK,CCU,BLR,19,3,Tuesday,1277,Rain,33,1
SG,BOM,DEL,3,4,Tuesday,985,Clear,20,1
6E,HYD,MAA,12,9,Friday,1383,Rain,30,1
AI,BLR,MAA,8,5,Monday,868,Fog,28,1
AI,BLR,HYD,0,12,Saturday,1215,Clear,0,0
SG,MAA,DEL,11,6,Wednesday,694,Cloudy,17,1
SG,HYD,DEL,3,2,Saturday,1447,Clear,2,0
6E,MAA,HYD,1,3,Saturday,1866,Rain,25,1
6E,HYD,CCU,5,10,Monday,481,Clear,0,0
QP,CCU,HYD,4,7,Wednesday,888,Clear,6,0
QP,BLR,CCU,15,4,Sunday,1586,Rain,22,1
UK,MAA,CCU,19,3,Sunday,1698,Clear,2,0
6E,HYD,BOM,11,9,Thursday,1729,Rain,8,0
6E,MAA,DEL,15,4,Wednesday,602,Clear,0,0
UK,CCU,HYD,2,2,Friday,1694,Fog,34,1
UK,BOM,HYD,18,7,Saturday,534,Cloudy,25,1
AI,BOM,MAA,12,11,Monday,766,Cloudy,1,0
AI,BOM,HYD,10,4,Wednesday,984,Clear,0,0
UK,BLR,CCU,20,9,Monday,1560,Cloudy,17,1
SG,BLR,CCU,7,6,Thursday,1142,Clear,8,0
AI,DEL,HYD,10,12,Monday,1517,Cloudy,5,0
UK,CCU,HYD,22,8,Sunday,956,Rain,39,1
AI,CCU,DEL,3,7,Wednesday,1070,Cloudy,24,1
6E,HYD,MAA,12,3,Sunday,687,Clear,0,0
SG,BOM,MAA,13,11,Sunday,1885,Rain,43,1
6E,MAA,CCU,16,1,Tuesday,771,Cloudy,12,0
6E,BOM,DEL,22,7,Saturday,744,Rain,31,1
QP,BOM,DEL,8,4,Monday,1680,Fog,29,1
AI,CCU,MAA,2,7,Sunday,1189,Clear,17,1
AI,CCU,BLR,9,12,Saturday,754,Clear,23,1
QP,HYD,BOM,3,2,Friday,781,Clear,5,0
UK,BOM,BLR,17,1,Friday,624,Cloudy,22,1
AI,DEL,HYD,13,10,Monday,1048,Clear,0,0
UK,CCU,HYD,18,9,Tuesday,1519,Cloudy,25,1
UK,BOM,HYD,8,5,Friday,1576,Clear,7,0
6E,MAA,BLR,22,3,Tuesday,1404,Cloudy,0,0
UK,BLR,CCU,21,8,Friday,1425,Clear,0,0
SG,BLR,HYD,21,4,Saturday,931,Clear,1,0
6E,CCU,HYD,17,8,Sunday,1300,Clear,23,1
QP,HYD,MAA,4,5,Monday,1893,Cloudy,0,0
UK,BLR,BOM,3,10,Thursday,935,Clear,0,0
QP,BLR,DEL,22,8,Monday,987,Cloudy,21,1
AI,BOM,CCU,20,7,Tuesday,1742,Clear,28,1
6E,HYD,CCU,21,2,Sunday,567,Cloudy,0,0
SG,HYD,BOM,15,8,Saturday,1194,Clear,8,0
QP,DEL,BOM,20,9,Friday,1476,Clear,29,1
6E,BLR,CCU,11,7,Saturday,1005,Rain,6,0
QP,HYD,BOM,3,8,Monday,677,Storm,44,1
AI,DEL,BLR,6,8,Thursday,669,Clear,10,0
UK,CCU,BLR,20,3,Tuesday,1708,Clear,0,0
6E,CCU,HYD,15,6,Monday,922,Rain,38,1
UK,HYD,BLR,23,2,Sunday,1688,Storm,36,1
QP,DEL,HYD,21,10,Wednesday,1480,Clear,0,0
SG,HYD,MAA,18,2,Tuesday,1455,Rain,28,1
SG,CCU,BLR,0,10,Saturday,918,Clear,4,0
6E,DEL,HYD,4,8,Friday,963,Clear,12,0
QP,MAA,HYD,9,7,Wednesday,1072,Clear,17,1
UK,CCU,DEL,0,7,Saturday,809,Cloudy,3,0
SG,DEL,BOM,22,2,Saturday,932,Cloudy,3,0
SG,BOM,CCU,5,8,Tuesday,949,,19,1
SG,MAA,BOM,9,5,Tuesday,987,Clear,5,0
SG,CCU,BOM,16,10,Tuesday,966,Clear,29,1
UK,MAA,DEL,0,11,Wednesday,1119,Clear,0,0
SG,HYD,CCU,15,12,Wednesday,1282,Clear,2,0
QP,HYD,MAA,2,12,Wednesday,1889,Clear,0,0
6E,HYD,BLR,21,10,Tuesday,659,Cloudy,0,0
UK,HYD,BLR,16,4,Monday,1798,Clear,0,0
AI,MAA,BLR,8,4,Friday,1535,Rain,31,1
6E,DEL,MAA,16,12,Wednesday,1736,Rain,40,1
SG,BOM,CCU,7,12,Monday,1566,Clear,7,0
SG,DEL,MAA,2,4,Saturday,1177,Rain,37,1
6E,MAA,BLR,0,8,Tuesday,897,Clear,8,0
UK,MAA,CCU,5,12,Wednesday,1792,Clear,0,0
QP,DEL,BOM,16,11,Saturday,1705,Cloudy,22,1
AI,DEL,CCU,13,12,Wednesday,1014,Fog,26,1
AI,BOM,CCU,6,5,Tuesday,795,Clear,0,0
6E,BOM,HYD,16,7,Friday,961,Clear,25,1
SG,HYD,BLR,9,8,Monday,1315,Rain,36,1
6E,BLR,BOM,3,12,Thursday,1766,Clear,0,0
QP,BLR,DEL,16,12,Saturday,1638,Rain,28,1
QP,DEL,MAA,10,7,Thursday,1705,Clear,15,1
UK,HYD,BLR,15,11,Tuesday,1626,Storm,19,1
6E,MAA,HYD,13,5,Saturday,972,Clear,0,0
AI,HYD,BLR,2,8,Saturday,1661,Fog,31,1
QP,MAA,BOM,1,10,Wednesday,771,Rain,21,1
QP,CCU,DEL,2,11,Tuesday,1301,Storm,48,1
UK,CCU,HYD,5,2,Thursday,957,Clear,0,0
UK,HYD,BLR,5,1,Saturday,564,Clear,0,0
SG,DEL,BOM,22,3,Monday,1249,Clear,12,0
SG,BLR,HYD,18,2,Thursday,1558,Rain,38,1
AI,BLR,MAA,21,3,Wednesday,1590,Clear,4,0
SG,MAA,DEL,11,12,Wednesday,1407,Clear,0,0
QP,CCU,BLR,7,8,Tuesday,908,Clear,0,0
SG,HYD,BLR,9,2,Friday,1255,Cloudy,11,0
UK,BLR,BOM,20,9,Sunday,996,Cloudy,0,0
UK,MAA,BOM,8,12,Monday,914,Clear,0,0
6E,MAA,CCU,15,11,Monday,647,Cloudy,0,0
SG,MAA,BLR,3,11,Wednesday,1062,Clear,0,0
6E,HYD,BOM,23,11,Friday,1342,Fog,16,1
6E,HYD,DEL,15,10,Monday,1191,Rain,5,0
6E,BLR,BOM,23,11,Saturday,1368,Clear,0,0
6E,BLR,BOM,7,10,Saturday,1630,Clear,0,0
6E,BOM,HYD,14,9,Wednesday,660,Cloudy,0,0
AI,BOM,CCU,6,3,Wednesday,1567,Rain,19,1
SG,HYD,MAA,11,11,Tuesday,902,Fog,21,1
UK,BLR,CCU,7,2,Friday,940,Clear,0,0
QP,DEL,BLR,3,4,Tuesday,986,Clear,9,0
AI,DEL,MAA,10,9,Wednesday,1585,Clear,9,0
SG,CCU,DEL,12,9,Tuesday,1242,Clear,14,0
AI,BLR,MAA,3,11,Wednesday,520,Storm,35,1
UK,HYD,CCU,9,1,Sunday,501,Fog,33,1
UK,CCU,DEL,2,10,Monday,1182,Clear,0,0
UK,DEL,MAA,15,2,Monday,1268,Clear,0,0
SG,CCU,BLR,7,8,Wednesday,1083,Cloudy,16,1
QP,MAA,DEL,2,3,Thursday,751,Clear,4,0
6E,HYD,CCU,12,7,Sunday,1330,Rain,27,1
QP,BLR,HYD,20,2,Tuesday,1662,Cloudy,12,0
AI,MAA,HYD,23,1,Thursday,1607,Cloudy,6,0
6E,BOM,HYD,23,12,Friday,1700,Clear,0,0
6E,BOM,DEL,4,7,Friday,732,Cloudy,25,1
QP,CCU,BOM,5,6,Wednesday,1247,Cloudy,18,1
AI,BOM,MAA,21,5,Saturday,765,Cloudy,9,0
6E,MAA,BLR,15,11,Wednesday,757,Cloudy,0,0
UK,CCU,BOM,13,10,Thursday,1772,Rain,9,0
QP,HYD,BOM,19,6,Monday,884,Clear,12,0
UK,BOM,BLR,1,2,Sunday,1495,Clear,2,0
QP,CCU,BLR,13,9,Sunday,484,Clear,14,0
SG,MAA,DEL,13,3,Tuesday,1617,Cloudy,4,0
SG,HYD,MAA,22,4,Thursday,1000,Clear,0,0
SG,DEL,HYD,11,8,Saturday,540,Clear,18,1
AI,BLR,CCU,12,12,Monday,472,Clear,0,0
UK,BLR,CCU,19,3,Friday,917,Fog,41,1
UK,BOM,CCU,6,1,Saturday,1283,Cloudy,0,0
6E,BLR,BOM,1,6,Friday,1515,Clear,7,0
AI,DEL,BLR,11,9,Saturday,1696,Clear,10,0
AI,MAA,HYD,14,8,Tuesday,1534,Clear,1,0
SG,BLR,MAA,11,12,Thursday,472,Rain,34,1
SG,MAA,BOM,16,3,Friday,1481,Rain,34,1
6E,BLR,HYD,6,10,Sunday,1574,Rain,30,1
SG,MAA,CCU,0,10,Monday,1253,Clear,16,1
SG,MAA,HYD,18,10,Tuesday,966,Fog,32,1
QP,DEL,MAA,20,11,Wednesday,1597,Clear,8,0
QP,BLR,CCU,14,4,Saturday,523,Cloudy,1,0
QP,MAA,CCU,7,4,Saturday,600,Clear,0,0
AI,HYD,MAA,8,6,Saturday,658,Clear,16,1
SG,BOM,CCU,11,5,Friday,1293,Clear,18,1
6E,MAA,BLR,10,2,Thursday,530,Clear,0,0
UK,BOM,MAA,5,4,Wednesday,678,Rain,8,0
SG,CCU,DEL,8,5,Thursday,1346,Cloudy,15,1
SG,MAA,DEL,7,10,Monday,1228,Fog,31,1
UK,BOM,CCU,10,1,Monday,959,Cloudy,0,0
QP,BOM,MAA,9,10,Monday,1549,Clear,0,0
AI,CCU,DEL,12,10,Monday,1201,Clear,0,0
AI,HYD,MAA,19,2,Wednesday,1406,Cloudy,13,0
AI,MAA,DEL,7,12,Wednesday,1515,Clear,0,0
QP,MAA,BOM,1,9,Sunday,1254,Clear,0,0
UK,DEL,HYD,19,9,Sunday,1055,Clear,15,1
UK,MAA,HYD,4,10,Saturday,1316,Cloudy,0,0
SG,BLR,HYD,22,10,Tuesday,729,Cloudy,9,0
UK,CCU,BLR,12,5,Thursday,1374,Clear,0,0
UK,BOM,MAA,12,7,Thursday,1589,Rain,25,1
AI,DEL,MAA,9,8,Friday,1346,Storm,63,1
AI,HYD,DEL,17,3,Monday,729,Rain,41,1
QP,HYD,CCU,15,1,Monday,1920,Clear,0,0
UK,HYD,BLR,22,9,Wednesday,1402,Rain,14,0
AI,BOM,MAA,0,3,Monday,1811,Clear,4,0
6E,BLR,HYD,4,4,Wednesday,1170,Clear,0,0
6E,CCU,BLR,6,2,Wednesday,1328,Cloudy,0,0
6E,MAA,BOM,4,6,Sunday,1635,Storm,44,1
6E,CCU,BOM,22,7,Friday,1732,Clear,3,0
SG,BOM,MAA,1,11,Tuesday,973,Clear,3,0
AI,CCU,BOM,2,6,Friday,1372,Clear,9,0
6E,BLR,BOM,10,5,Monday,1820,Cloudy,4,0
UK,CCU,DEL,6,10,Sunday,1467,Rain,17,1
UK,CCU,BOM,7,4,Monday,468,Clear,0,0
QP,DEL,BLR,14,1,Tuesday,1601,Clear,9,0
QP,CCU,BLR,13,1,Thursday,1057,Fog,22,1
6E,HYD,BLR,20,11,Friday,760,Rain,18,1
UK,MAA,HYD,10,9,Thursday,1447,Fog,35,1
AI,HYD,BLR,22,3,Sunday,1768,Clear,17,1
SG,BOM,HYD,4,3,Tuesday,1579,Fog,40,1
AI,CCU,BOM,4,11,Sunday,772,Clear,2,0
AI,DEL,BOM,9,8,Tuesday,1338,Clear,19,1
SG,MAA,CCU,2,6,Saturday,707,Clear,7,0
AI,BOM,BLR,0,5,Wednesday,1293,Storm,46,1
UK,MAA,CCU,8,5,Friday,1009,Clear,0,0
AI,BLR,CCU,12,10,Monday,1886,Fog,37,1
SG,BOM,MAA,6,3,Saturday,488,Fog,28,1
SG,BOM,HYD,6,11,Saturday,1039,Fog,42,1
UK,BOM,CCU,2,3,Wednesday,1568,Clear,0,0
QP,CCU,DEL,2,3,Saturday,1285,Clear,9,0
UK,MAA,BLR,21,5,Thursday,1233,Clear,0,0
AI,MAA,CCU,1,10,Wednesday,1291,Clear,0,0
AI,HYD,DEL,16,1,Friday,836,Clear,2,0
6E,BLR,BOM,17,2,Friday,732,Cloudy,17,1
6E,CCU,DEL,4,5,Wednesday,960,Rain,29,1
6E,BOM,BLR,5,2,Wednesday,956,Fog,23,1
6E,CCU,HYD,8,5,Thursday,770,Clear,0,0
UK,BLR,DEL,15,6,Monday,1392,Clear,2,0
AI,BLR,DEL,0,8,Friday,915,Clear,22,1
SG,BLR,HYD,19,4,Friday,1227,Fog,42,1
6E,MAA,CCU,8,7,Thursday,529,Clear,0,0
SG,MAA,DEL,11,12,Saturday,1707,Clear,13,0
UK,MAA,BLR,21,6,Thursday,509,Clear,0,0
QP,DEL,BOM,3,10,Wednesday,1260,Rain,15,1
UK,DEL,BLR,22,4,Saturday,1634,Clear,0,0
6E,CCU,DEL,14,11,Tuesday,1415,Fog,26,1
UK,CCU,DEL,10,7,Monday,1754,Storm,46,1
SG,DEL,BLR,1,2,Tuesday,772,Rain,24,1
UK,CCU,BLR,1,11,Saturday,1000,Clear,0,0
UK,BOM,HYD,19,9,Wednesday,1685,Fog,49,1
UK,CCU,DEL,9,5,Tuesday,441,Clear,7,0
6E,CCU,HYD,18,8,Thursday,1875,Clear,17,1
6E,HYD,MAA,19,12,Tuesday,611,Clear,8,0
QP,BOM,DEL,9,2,Saturday,1359,Cloudy,5,0
SG,MAA,DEL,7,1,Monday,1641,Clear,6,0
AI,DEL,CCU,6,10,Tuesday,538,Clear,9,0
QP,BLR,DEL,15,4,Saturday,1595,Fog,20,1
SG,HYD,CCU,17,11,Friday,1206,Clear,21,1
AI,DEL,CCU,8,10,Tuesday,1350,Clear,12,0
SG,BLR,HYD,13,11,Sunday,592,Fog,37,1
UK,MAA,BLR,12,10,Monday,561,Rain,15,1
QP,DEL,CCU,3,12,Tuesday,566,Clear,1,0
UK,BLR,BOM,12,8,Tuesday,1100,Clear,5,0
UK,DEL,BOM,18,2,Thursday,937,Clear,0,0
6E,HYD,BLR,23,3,Thursday,1192,Clear,0,0
6E,DEL,CCU,8,11,Wednesday,836,Clear,2,0
SG,BOM,DEL,5,4,Tuesday,1058,Clear,0,0
QP,HYD,BLR,21,12,Friday,1738,Cloudy,7,0
QP,BOM,DEL,22,11,Wednesday,1672,Clear,0,0
SG,BOM,HYD,19,9,Sunday,1468,Clear,28,1
SG,CCU,HYD,8,2,Monday,1267,Clear,8,0
UK,MAA,BLR,6,3,Sunday,1515,Clear,0,0
6E,DEL,BLR,14,9,Saturday,1365,Cloudy,12,0
SG,CCU,DEL,6,5,Thursday,1477,Cloudy,14,0
6E,BLR,MAA,18,5,Friday,934,Storm,50,1
6E,DEL,HYD,9,2,Saturday,900,Clear,0,0
QP,CCU,BLR,7,6,Sunday,1108,Clear,14,0
UK,BLR,MAA,19,1,Thursday,1744,Cloudy,4,0
6E,BOM,CCU,8,2,Monday,1390,Clear,5,0
QP,DEL,BOM,3,12,Saturday,1318,Clear,1,0
QP,CCU,BOM,19,10,Tuesday,1785,Cloudy,36,1
6E,BOM,MAA,7,12,Sunday,633,Clear,0,0
UK,HYD,CCU,15,11,Saturday,1511,Clear,0,0
UK,BOM,BLR,15,12,Friday,1280,Clear,0,0
SG,CCU,DEL,1,5,Wednesday,881,Clear,0,0
QP,MAA,BOM,0,4,Monday,1357,Clear,0,0
UK,HYD,BLR,19,9,Thursday,1199,Clear,0,0
SG,BLR,BOM,1,8,Tuesday,1361,Cloudy,16,1
UK,HYD,BOM,7,6,Sunday,1711,Clear,0,0
QP,BLR,CCU,18,6,Saturday,842,Clear,21,1
UK,CCU,BLR,4,3,Tuesday,1016,Clear,0,0
6E,MAA,DEL,12,6,Monday,1355,Clear,0,0
UK,DEL,MAA,2,12,Sunday,515,Clear,0,0
QP,MAA,DEL,13,6,Thursday,542,Rain,24,1
SG,BOM,DEL,17,7,Saturday,926,Clear,19,1
AI,BOM,CCU,5,12,Friday,1644,Rain,37,1
AI,BLR,CCU,6,11,Wednesday,897,Storm,46,1
UK,BOM,DEL,12,10,Saturday,1262,Clear,0,0
QP,CCU,HYD,18,1,Tuesday,1430,Clear,12,0
UK,CCU,BOM,13,11,Saturday,1355,Clear,0,0
UK,DEL,HYD,16,1,Sunday,1339,Rain,18,1
SG,BOM,DEL,9,1,Monday,1283,Storm,51,1
UK,BLR,HYD,3,5,Saturday,1298,Cloudy,0,0
QP,MAA,BOM,23,5,Friday,1767,Fog,44,1
SG,HYD,MAA,19,2,Saturday,1001,Rain,30,1
SG,MAA,BLR,1,8,Saturday,663,Cloudy,13,0
SG,DEL,HYD,6,12,Sunday,1588,Fog,43,1
SG,HYD,CCU,9,8,Monday,1207,Clear,9,0
AI,BOM,CCU,1,12,Wednesday,1955,Clear,6,0
UK,BOM,MAA,20,11,Thursday,1285,Cloudy,8,0
AI,MAA,BLR,4,10,Sunday,1477,Cloudy,0,0
UK,DEL,HYD,4,3,Friday,1264,Clear,0,0
AI,DEL,CCU,7,8,Friday,795,Clear,5,0
UK,BLR,BOM,22,2,Wednesday,1356,Clear,0,0
6E,MAA,BOM,5,10,Monday,864,Clear,0,0
AI,HYD,MAA,10,11,Wednesday,1780,Clear,0,0
AI,DEL,BLR,16,2,Thursday,1206,Clear,21,1
UK,MAA,CCU,3,7,Monday,1012,Clear,0,0
AI,BLR,DEL,2,2,Tuesday,682,Clear,0,0
QP,MAA,CCU,2,7,Saturday,1710,Clear,0,0
SG,BOM,HYD,4,6,Tuesday,1124,Rain,40,1
SG,CCU,DEL,7,11,Tuesday,1232,Cloudy,18,1
AI,BOM,MAA,22,4,Monday,578,Clear,0,0
SG,CCU,MAA,22,9,Thursday,1446,Cloudy,14,0
SG,BLR,BOM,13,8,Monday,451,Clear,13,0
6E,MAA,BLR,22,9,Thursday,1100,Cloudy,0,0
AI,HYD,MAA,0,12,Monday,1635,Rain,16,1
UK,DEL,CCU,13,3,Monday,1039,Clear,0,0
SG,DEL,BOM,10,1,Sunday,654,Clear,26,1
AI,BLR,BOM,2,8,Thursday,1736,Rain,25,1
AI,BOM,DEL,13,2,Wednesday,566,Clear,0,0
6E,HYD,MAA,10,6,Tuesday,1354,Fog,26,1
UK,DEL,CCU,18,7,Thursday,562,Fog,60,1
UK,HYD,MAA,10,8,Tuesday,1370,Clear,1,0
UK,BOM,BLR,10,1,Tuesday,2024,Rain,31,1
6E,BOM,CCU,5,7,Wednesday,1285,Fog,33,1
AI,BLR,BOM,11,10,Monday,456,Fog,20,1
AI,HYD,MAA,1,1,Thursday,551,Clear,0,0
AI,BLR,HYD,13,5,Wednesday,899,Clear,0,0
SG,BLR,CCU,9,5,Thursday,980,Clear,13,0
SG,BLR,CCU,6,5,Saturday,1741,Cloudy,0,0
UK,BLR,BOM,8,6,Monday,709,Clear,6,0
AI,BLR,DEL,21,2,Tuesday,1185,Clear,0,0
UK,CCU,DEL,16,7,Wednesday,1297,Clear,9,0
QP,HYD,MAA,20,1,Wednesday,1398,Clear,6,0
6E,BLR,BOM,9,2,Monday,1671,Clear,4,0
UK,MAA,DEL,9,7,Tuesday,1436,Clear,0,0
UK,HYD,MAA,0,11,Tuesday,390,Clear,0,0
6E,CCU,HYD,16,9,Sunday,1684,Cloudy,24,1
UK,HYD,DEL,0,5,Monday,1282,Clear,0,0
UK,BOM,MAA,23,5,Thursday,1011,Clear,0,0
UK,HYD,BOM,16,6,Tuesday,1556,Clear,8,0
SG,MAA,CCU,11,1,Sunday,1452,Clear,5,0
UK,BOM,CCU,15,8,Thursday,701,Clear,0,0
AI,BOM,CCU,23,2,Wednesday,686,Cloudy,18,1
AI,HYD,CCU,3,9,Sunday,961,Cloudy,18,1
UK,CCU,MAA,17,5,Friday,1825,Clear,10,0
QP,BLR,MAA,20,5,Tuesday,616,Fog,33,1
AI,HYD,CCU,14,6,Friday,982,Rain,46,1
AI,HYD,MAA,15,2,Saturday,1159,Fog,36,1
SG,HYD,CCU,12,3,Thursday,607,Clear,0,0
UK,DEL,BOM,3,3,Monday,1208,,0,0
6E,BLR,DEL,23,11,Saturday,695,Cloudy,8,0
6E,CCU,BLR,6,2,Wednesday,1028,Cloudy,5,0
SG,CCU,BOM,9,2,Monday,1550,Cloudy,17,1
UK,MAA,HYD,23,3,Wednesday,1508,Clear,0,0
SG,DEL,BOM,1,6,Thursday,547,Clear,16,1
6E,BLR,MAA,9,8,Monday,1010,Rain,21,1
UK,DEL,CCU,13,6,Tuesday,506,Clear,0,0
QP,BOM,CCU,5,7,Friday,621,Cloudy,13,0
6E,CCU,MAA,16,7,Friday,575,Clear,22,1
6E,BLR,DEL,12,3,Tuesday,1617,Clear,4,0
AI,BOM,MAA,6,1,Tuesday,1225,Cloudy,6,0
SG,MAA,HYD,4,9,Saturday,577,Cloudy,10,0
AI,MAA,BOM,6,12,Monday,1072,Clear,6,0
6E,HYD,BLR,19,1,Friday,1225,Clear,3,0
SG,MAA,DEL,12,12,Wednesday,708,Clear,0,0
AI,MAA,CCU,19,11,Saturday,1152,Cloudy,31,1
QP,HYD,DEL,17,10,Monday,595,Clear,12,0
UK,CCU,BLR,19,7,Tuesday,847,Clear,16,1
6E,BOM,HYD,20,5,Saturday,675,Clear,12,0
UK,BLR,CCU,14,8,Wednesday,565,Rain,16,1
SG,HYD,DEL,8,1,Wednesday,1587,Clear,0,0
UK,MAA,HYD,16,4,Friday,1735,Clear,3,0
QP,BLR,BOM,22,5,Thursday,1266,Clear,0,0
QP,BLR,MAA,7,7,Thursday,700,Clear,1,0
6E,DEL,BOM,11,4,Monday,458,Clear,1,0
SG,HYD,MAA,21,6,Friday,1839,Cloudy,29,1
6E,DEL,CCU,14,9,Monday,1271,Clear,4,0
QP,BLR,BOM,3,12,Wednesday,1178,Cloudy,1,0
6E,BLR,MAA,8,10,Wednesday,1068,Clear,10,0
6E,MAA,BOM,6,1,Friday,1389,Clear,0,0
SG,BLR,CCU,11,8,Friday,1033,Clear,12,0
SG,DEL,CCU,23,6,Friday,1262,Fog,47,1
AI,HYD,BOM,20,7,Friday,1431,Clear,14,0
UK,BOM,CCU,23,10,Wednesday,1923,Clear,0,0
6E,BLR,DEL,17,4,Wednesday,1364,Clear,4,0
SG,BOM,MAA,12,7,Sunday,893,Clear,22,1
UK,DEL,CCU,15,11,Friday,733,Clear,0,0
QP,CCU,DEL,11,7,Saturday,959,Fog,31,1
QP,BOM,MAA,0,7,Sunday,1333,Clear,14,0
SG,HYD,MAA,2,11,Monday,1644,Fog,25,1
SG,MAA,BLR,13,1,Monday,1085,Clear,0,0
QP,BLR,BOM,15,5,Monday,715,Cloudy,22,1
AI,CCU,HYD,6,6,Thursday,1413,Cloudy,15,1
SG,BLR,HYD,0,1,Saturday,1288,Clear,4,0
SG,CCU,MAA,1,6,Sunday,686,Clear,12,0
AI,BLR,HYD,7,12,Friday,1616,Clear,0,0
QP,DEL,CCU,20,10,Saturday,1861,Clear,11,0
SG,CCU,BOM,10,1,Sunday,1923,Cloudy,14,0
6E,CCU,BLR,23,11,Tuesday,1220,Clear,0,0
UK,CCU,BLR,21,10,Friday,1633,Cloudy,6,0
UK,DEL,BLR,20,11,Friday,461,Clear,14,0
QP,CCU,BOM,23,2,Tuesday,527,Storm,32,1
QP,BLR,BOM,5,11,Thursday,433,Fog,8,0
QP,CCU,MAA,23,1,Monday,1356,Clear,0,0
SG,CCU,BLR,22,1,Thursday,1081,Rain,29,1
AI,BOM,CCU,19,5,Thursday,1337,Clear,13,0
QP,BLR,CCU,4,10,Wednesday,744,Clear,0,0
AI,BOM,MAA,6,11,Thursday,830,Rain,28,1
AI,BOM,MAA,15,8,Friday,939,Clear,20,1
AI,HYD,BOM,1,1,Sunday,1378,Cloudy,7,0
QP,BLR,HYD,19,11,Wednesday,783,Clear,4,0
UK,HYD,BLR,10,4,Friday,1623,Rain,17,1
6E,MAA,DEL,0,9,Thursday,757,,6,0
AI,BOM,CCU,7,4,Sunday,1473,Clear,15,1
UK,DEL,CCU,9,7,Thursday,623,Clear,4,0
SG,MAA,HYD,15,2,Saturday,1172,Cloudy,8,0
QP,BOM,CCU,14,12,Wednesday,1420,Cloudy,41,1
UK,BOM,BLR,8,2,Friday,1599,Cloudy,26,1
SG,HYD,DEL,14,12,Tuesday,1761,Clear,0,0
QP,BOM,CCU,21,11,Thursday,845,Clear,10,0
QP,BOM,HYD,8,2,Tuesday,1597,Cloudy,16,1
6E,BOM,CCU,8,9,Friday,1521,Clear,25,1
QP,HYD,BOM,2,5,Tuesday,1587,Clear,0,0
UK,CCU,BLR,9,4,Thursday,1176,Clear,2,0
QP,CCU,MAA,6,4,Thursday,884,Rain,27,1
AI,MAA,DEL,18,3,Saturday,1321,Clear,10,0
AI,CCU,MAA,2,12,Monday,1004,Clear,0,0
QP,HYD,CCU,14,1,Tuesday,1193,Rain,16,1
SG,BLR,BOM,18,5,Friday,631,Clear,8,0
AI,MAA,DEL,6,5,Sunday,1299,Clear,0,0
QP,BOM,CCU,1,6,Saturday,1326,Clear,3,0
AI,MAA,BLR,16,4,Thursday,505,Fog,44,1
SG,CCU,HYD,14,8,Tuesday,1018,Rain,36,1
6E,BLR,MAA,13,12,Thursday,1419,Cloudy,5,0
AI,HYD,DEL,21,9,Saturday,1047,Rain,33,1
QP,MAA,HYD,2,3,Tuesday,1664,Clear,0,0
QP,MAA,HYD,4,12,Sunday,1713,Rain,33,1
AI,BOM,DEL,11,5,Tuesday,971,Rain,31,1
AI,CCU,BOM,13,4,Thursday,1750,Clear,0,0
SG,HYD,BOM,22,9,Friday,1322,Clear,16,1
AI,DEL,MAA,14,12,Wednesday,896,Clear,8,0
SG,DEL,BLR,5,4,Tuesday,1316,Cloudy,17,1
QP,MAA,DEL,20,3,Wednesday,666,Clear,0,0
SG,BLR,MAA,9,10,Monday,1376,Clear,8,0
6E,DEL,BOM,20,6,Friday,1752,Fog,57,1
AI,HYD,DEL,6,9,Tuesday,1745,Clear,4,0
SG,HYD,BOM,18,6,Thursday,543,Clear,8,0
AI,DEL,MAA,12,1,Wednesday,1743,Clear,2,0
UK,BLR,MAA,13,5,Tuesday,1048,Fog,20,1
UK,BLR,BOM,23,11,Sunday,1546,Cloudy,0,0
SG,MAA,HYD,3,12,Wednesday,1107,Cloudy,21,1
6E,HYD,CCU,7,5,Friday,910,Clear,0,0
SG,DEL,MAA,4,9,Wednesday,1242,Clear,19,1
SG,HYD,MAA,19,2,Wednesday,621,Cloudy,19,1
6E,CCU,DEL,20,3,Tuesday,1566,Rain,27,1
6E,DEL,BOM,20,9,Sunday,1003,Clear,34,1
AI,CCU,DEL,5,1,Friday,1034,Clear,2,0
UK,DEL,CCU,6,9,Wednesday,1293,Clear,2,0
6E,HYD,BLR,9,12,Thursday,835,Cloudy,2,0
AI,BLR,MAA,18,1,Sunday,519,Clear,4,0
UK,MAA,HYD,18,7,Friday,1445,Clear,15,1
UK,CCU,HYD,23,5,Sunday,1683,Clear,3,0
AI,CCU,DEL,18,8,Friday,1753,Rain,44,1
AI,CCU,BOM,22,11,Friday,1858,Clear,4,0
AI,MAA,BLR,6,1,Wednesday,655,Cloudy,0,0
SG,BOM,CCU,14,9,Thursday,1374,Clear,27,1
6E,BLR,MAA,12,3,Friday,757,Rain,21,1
AI,MAA,CCU,3,7,Saturday,1240,Fog,43,1
AI,BOM,MAA,22,6,Saturday,1963,Clear,8,0
QP,HYD,CCU,2,7,Wednesday,914,Clear,4,0
6E,HYD,BOM,20,10,Thursday,1060,Cloudy,0,0
SG,CCU,BOM,6,8,Wednesday,1720,Cloudy,14,0
UK,DEL,MAA,5,5,Sunday,1436,Cloudy,21,1
AI,DEL,BOM,14,8,Tuesday,1147,Clear,14,0
6E,DEL,MAA,11,8,Friday,1841,Cloudy,15,1
AI,HYD,DEL,9,1,Tuesday,766,Cloudy,0,0
SG,HYD,CCU,21,8,Monday,971,Clear,7,0
6E,HYD,BLR,16,5,Monday,1819,Clear,1,0
UK,BOM,DEL,14,2,Monday,1543,Fog,29,1
AI,BOM,HYD,18,7,Saturday,1522,Clear,13,0
QP,BLR,BOM,19,7,Saturday,707,Clear,22,1
6E,DEL,BOM,4,9,Monday,936,Fog,30,1
UK,MAA,BLR,10,6,Tuesday,1154,Cloudy,0,0
QP,DEL,HYD,21,9,Wednesday,1304,Cloudy,17,1
SG,MAA,DEL,19,4,Tuesday,1382,Rain,49,1
SG,BLR,DEL,1,8,Wednesday,1283,Clear,15,1
QP,CCU,BLR,5,12,Sunday,592,Cloudy,10,0
AI,MAA,BLR,6,8,Wednesday,1723,Clear,1,0
QP,BLR,HYD,12,9,Thursday,1708,Rain,36,1
UK,MAA,BOM,19,5,Saturday,1160,Clear,3,0
UK,DEL,HYD,11,9,Monday,616,Clear,0,0
6E,BOM,DEL,4,11,Saturday,839,Clear,2,0
SG,BLR,CCU,13,11,Thursday,915,Clear,3,0
QP,CCU,MAA,5,11,Friday,1422,Clear,1,0
SG,MAA,DEL,16,4,Sunday,935,Clear,26,1
AI,BLR,MAA,23,11,Friday,1716,Cloudy,5,0
UK,BOM,CCU,15,5,Wednesday,1489,Clear,0,0
SG,CCU,HYD,21,11,Saturday,578,Rain,24,1
6E,HYD,MAA,13,1,Tuesday,856,Rain,14,0
SG,DEL,CCU,19,11,Wednesday,1369,Clear,16,1
SG,BOM,CCU,22,3,Friday,619,Clear,2,0
AI,CCU,BOM,4,3,Thursday,541,Cloudy,5,0
UK,CCU,BOM,15,7,Saturday,1319,Clear,0,0
AI,CCU,DEL,6,7,Tuesday,755,Clear,20,1
UK,DEL,HYD,2,2,Friday,601,Cloudy,0,0
6E,MAA,CCU,5,7,Tuesday,1455,Cloudy,12,0
QP,DEL,HYD,3,10,Friday,1498,Cloudy,0,0
QP,MAA,BOM,4,6,Sunday,1294,Rain,26,1
UK,CCU,MAA,0,7,Sunday,619,Cloudy,0,0
UK,BLR,BOM,23,11,Saturday,1611,Clear,0,0
SG,BOM,MAA,10,3,Friday,429,Clear,24,1
SG,MAA,HYD,3,4,Thursday,1210,Cloudy,12,0
SG,DEL,CCU,8,11,Wednesday,1751,Cloudy,21,1
SG,HYD,MAA,17,2,Monday,1596,Rain,35,1
QP,BOM,HYD,15,4,Thursday,1691,Clear,0,0
QP,BLR,CCU,1,4,Saturday,1063,Cloudy,0,0
AI,MAA,DEL,3,10,Saturday,1054,Storm,34,1
UK,CCU,MAA,13,2,Sunday,696,Clear,0,0
UK,BLR,HYD,23,5,Tuesday,1806,Clear,0,0
UK,BOM,MAA,1,5,Sunday,963,Fog,35,1
UK,CCU,BOM,20,1,Tuesday,1296,Fog,37,1
SG,BLR,HYD,1,2,Friday,749,Clear,7,0
UK,BOM,DEL,11,5,Saturday,904,Clear,0,0
6E,CCU,DEL,5,2,Friday,1181,Cloudy,9,0
UK,CCU,HYD,10,12,Wednesday,1465,Clear,0,0
QP,BOM,DEL,22,6,Monday,1095,Clear,1,0
6E,DEL,BOM,5,1,Thursday,655,Clear,0,0
AI,DEL,HYD,15,8,Monday,891,Cloudy,15,1
QP,HYD,CCU,7,10,Friday,1351,Clear,0,0
AI,BOM,MAA,15,8,Tuesday,1158,Clear,7,0
SG,HYD,DEL,1,7,Tuesday,723,Clear,5,0
QP,MAA,DEL,7,2,Thursday,1412,Cloudy,2,0
6E,DEL,BLR,22,9,Tuesday,1443,Rain,37,1
6E,CCU,BLR,17,12,Sunday,871,Cloudy,12,0
6E,DEL,HYD,22,5,Monday,1851,Clear,0,0
AI,DEL,BOM,16,2,Sunday,748,Fog,48,1
AI,MAA,DEL,4,3,Saturday,1056,Fog,28,1
AI,HYD,MAA,11,8,Wednesday,1827,Clear,4,0
UK,CCU,HYD,21,8,Thursday,434,Storm,53,1
UK,HYD,BLR,16,11,Wednesday,1531,Clear,6,0
AI,BLR,HYD,12,5,Tuesday,513,Clear,8,0
QP,MAA,BOM,20,11,Wednesday,678,Cloudy,16,1
SG,MAA,CCU,2,4,Wednesday,693,Clear,0,0
AI,MAA,DEL,23,7,Thursday,1123,Rain,7,0
QP,BLR,HYD,3,8,Friday,691,Clear,6,0
AI,CCU,BOM,23,4,Saturday,956,Rain,20,1
UK,BOM,BLR,19,5,Thursday,721,Rain,25,1
UK,BLR,HYD,11,10,Saturday,1905,Clear,0,0
UK,BOM,HYD,11,7,Sunday,1286,Cloudy,1,0
QP,BOM,CCU,0,8,Sunday,1446,Clear,19,1
QP,BOM,HYD,7,8,Wednesday,418,Clear,10,0
6E,HYD,BOM,5,10,Thursday,1248,Clear,0,0
UK,MAA,HYD,16,12,Saturday,1626,Rain,29,1
QP,BLR,HYD,4,5,Friday,793,Cloudy,0,0
SG,CCU,HYD,19,5,Monday,1776,Cloudy,27,1
QP,BLR,HYD,7,11,Sunday,687,Clear,0,0
UK,BLR,CCU,20,6,Saturday,1699,Cloudy,19,1
6E,DEL,HYD,8,12,Friday,1863,Rain,22,1
UK,CCU,HYD,18,11,Sunday,465,Fog,29,1
QP,DEL,BOM,16,9,Tuesday,1283,Rain,39,1
QP,DEL,BOM,23,9,Sunday,660,Clear,9,0
SG,CCU,DEL,12,12,Wednesday,280,Fog,32,1
SG,HYD,CCU,8,4,Saturday,1317,Rain,32,1
UK,DEL,CCU,15,6,Monday,929,Clear,18,1
6E,BLR,DEL,0,7,Thursday,483,Cloudy,0,0
UK,HYD,CCU,23,3,Monday,1234,Clear,0,0
UK,DEL,CCU,16,7,Sunday,1712,Cloudy,25,1
QP,MAA,BLR,1,8,Thursday,965,Clear,0,0
UK,MAA,BOM,4,7,Saturday,1486,Cloudy,0,0
SG,DEL,HYD,0,8,Saturday,973,Clear,6,0
AI,HYD,CCU,16,2,Thursday,1043,Rain,26,1
SG,BOM,DEL,15,6,Tuesday,808,Clear,9,0
UK,MAA,BLR,3,12,Thursday,1965,Clear,0,0
QP,BLR,DEL,13,4,Wednesday,1163,Clear,0,0
UK,BOM,HYD,11,6,Tuesday,1687,Clear,0,0
UK,HYD,DEL,11,8,Wednesday,1796,Cloudy,0,0
AI,BLR,BOM,14,8,Tuesday,546,Clear,10,0
QP,BLR,MAA,20,3,Saturday,1149,Clear,0,0
SG,CCU,MAA,21,2,Sunday,550,Rain,30,1
QP,HYD,BOM,3,10,Tuesday,1614,Cloudy,0,0
AI,BLR,HYD,22,7,Tuesday,1008,Clear,6,0
6E,BOM,HYD,13,11,Monday,770,Clear,0,0
QP,HYD,BLR,4,12,Wednesday,725,Storm,37,1
AI,DEL,MAA,22,2,Friday,1560,Clear,0,0
UK,CCU,MAA,8,5,Tuesday,722,Clear,0,0
UK,DEL,MAA,10,10,Thursday,1143,Clear,3,0
QP,MAA,HYD,23,4,Wednesday,1779,Cloudy,5,0
QP,BLR,BOM,13,3,Monday,1201,Clear,0,0
QP,MAA,BOM,3,2,Tuesday,714,,7,0
6E,BLR,HYD,1,7,Saturday,1412,Clear,4,0
UK,DEL,MAA,19,5,Sunday,1284,Cloudy,21,1
SG,CCU,HYD,8,12,Wednesday,899,Clear,1,0
QP,MAA,HYD,2,12,Friday,1282,Rain,10,0
AI,DEL,BLR,0,1,Thursday,1638,Clear,1,0
QP,DEL,BLR,22,11,Wednesday,1415,Clear,0,0
6E,HYD,BLR,13,2,Friday,1562,Clear,0,0
AI,CCU,DEL,12,9,Wednesday,978,Clear,17,1
SG,HYD,MAA,14,12,Monday,850,Clear,0,0
SG,DEL,MAA,10,5,Wednesday,1564,Clear,12,0
AI,MAA,BOM,22,2,Tuesday,1060,Cloudy,0,0
AI,BLR,DEL,14,1,Thursday,750,Clear,3,0
QP,HYD,BOM,15,5,Thursday,618,Clear,0,0
QP,BLR,MAA,21,12,Thursday,1695,Clear,0,0
AI,DEL,CCU,0,6,Tuesday,554,Clear,17,1
QP,DEL,BLR,7,6,Sunday,1667,Fog,47,1
QP,HYD,MAA,19,1,Monday,863,Clear,3,0
QP,HYD,BLR,2,8,Wednesday,1808,Rain,28,1
6E,BOM,BLR,7,3,Wednesday,1317,Clear,0,0
UK,DEL,MAA,3,9,Thursday,1451,Clear,15,1
QP,MAA,BOM,17,10,Wednesday,1643,Storm,50,1
QP,DEL,BOM,20,10,Sunday,1083,Cloudy,33,1
SG,BOM,DEL,6,7,Saturday,1870,Cloudy,16,1
AI,BLR,BOM,16,8,Monday,1539,Clear,7,0
AI,MAA,DEL,18,5,Friday,936,Rain,38,1
6E,CCU,MAA,21,9,Thursday,991,Fog,24,1
AI,HYD,CCU,22,9,Sunday,430,Clear,0,0
AI,CCU,BLR,10,3,Wednesday,830,Clear,7,0
AI,HYD,BLR,1,4,Thursday,1354,Rain,24,1
SG,CCU,BOM,17,10,Sunday,1243,Clear,23,1
UK,BOM,DEL,13,6,Thursday,810,Clear,6,0
UK,DEL,HYD,11,3,Friday,891,Clear,0,0
QP,MAA,DEL,12,12,Wednesday,1269,Clear,3,0
UK,CCU,MAA,15,11,Saturday,895,Clear,0,0
UK,MAA,BOM,6,10,Monday,1208,Clear,0,0
6E,BLR,MAA,7,6,Sunday,1611,Clear,8,0
UK,BLR,BOM,8,7,Tuesday,793,Clear,0,0
AI,DEL,MAA,11,12,Friday,1519,Clear,2,0
UK,BLR,HYD,16,7,Monday,963,Cloudy,19,1
QP,MAA,BOM,1,10,Monday,513,Cloudy,2,0
UK,DEL,BLR,7,11,Friday,967,Clear,2,0
6E,BLR,BOM,17,10,Saturday,959,Clear,0,0
SG,BOM,CCU,0,8,Wednesday,669,Rain,17,1
QP,BLR,HYD,19,5,Monday,1427,Cloudy,13,0
UK,MAA,CCU,18,5,Monday,1475,Rain,19,1
6E,CCU,HYD,7,10,Sunday,1272,Fog,31,1
SG,BLR,CCU,15,6,Saturday,1196,Clear,0,0
AI,MAA,BLR,11,3,Wednesday,517,Clear,0,0
QP,MAA,CCU,6,3,Tuesday,1484,Clear,0,0
6E,CCU,BLR,3,8,Friday,1027,Clear,11,0
6E,MAA,CCU,23,12,Sunday,1263,Cloudy,7,0
SG,HYD,MAA,20,5,Friday,904,Clear,6,0
AI,MAA,CCU,21,8,Saturday,822,Fog,25,1
6E,BOM,MAA,3,4,Saturday,1213,Cloudy,1,0
AI,MAA,BOM,23,5,Wednesday,917,Fog,23,1
6E,MAA,DEL,15,5,Saturday,972,Cloudy,0,0
UK,HYD,BOM,12,5,Tuesday,1714,Clear,0,0
AI,DEL,HYD,8,11,Tuesday,998,Clear,12,0
6E,HYD,DEL,5,11,Sunday,1027,Rain,17,1
SG,MAA,BOM,7,4,Wednesday,936,Clear,0,0
QP,BOM,HYD,4,5,Saturday,370,Rain,23,1
AI,MAA,BOM,18,1,Wednesday,1082,Clear,7,0
SG,CCU,MAA,22,10,Sunday,1528,Cloudy,19,1
AI,HYD,CCU,23,9,Tuesday,832,Clear,5,0
UK,CCU,DEL,21,11,Monday,1027,,0,0
QP,CCU,HYD,3,7,Thursday,1335,Rain,40,1
SG,BLR,MAA,17,11,Friday,952,Clear,29,1
6E,CCU,DEL,20,2,Wednesday,1226,Fog,42,1
6E,CCU,MAA,12,5,Tuesday,678,Cloudy,9,0
SG,DEL,HYD,13,6,Saturday,1102,Clear,16,1
QP,CCU,HYD,9,10,Wednesday,440,Storm,43,1
6E,DEL,HYD,19,3,Friday,1156,Rain,45,1
AI,BLR,BOM,16,4,Monday,1316,Clear,14,0
UK,CCU,BLR,15,2,Sunday,795,Clear,0,0
SG,MAA,DEL,0,12,Saturday,1115,Fog,40,1
UK,BOM,MAA,23,6,Tuesday,1427,Cloudy,0,0
QP,HYD,CCU,12,1,Thursday,1010,Clear,0,0
QP,BOM,CCU,22,3,Saturday,1851,Clear,0,0
SG,BOM,DEL,16,7,Saturday,1692,Clear,25,1
AI,CCU,MAA,12,6,Wednesday,734,Clear,1,0
QP,DEL,HYD,18,7,Monday,700,Clear,29,1
SG,CCU,HYD,5,1,Monday,737,Clear,6,0
6E,BLR,BOM,10,11,Sunday,1325,Clear,3,0
UK,DEL,MAA,0,10,Monday,1191,Cloudy,0,0
QP,MAA,BOM,17,3,Wednesday,1539,Cloudy,10,0
QP,DEL,MAA,7,5,Saturday,859,Cloudy,4,0
UK,BOM,BLR,2,2,Sunday,1140,Clear,0,0
AI,BOM,BLR,19,2,Thursday,1062,Clear,12,0
SG,MAA,HYD,5,11,Friday,1629,Rain,24,1
SG,BLR,DEL,5,2,Thursday,1155,Cloudy,0,0
AI,HYD,BLR,3,5,Monday,1257,Clear,3,0
QP,DEL,BOM,14,12,Thursday,725,Cloudy,0,0
6E,MAA,CCU,8,4,Saturday,857,Clear,0,0
QP,MAA,BLR,13,9,Friday,1097,Clear,8,0
UK,BOM,DEL,8,2,Thursday,1513,Rain,28,1
6E,CCU,DEL,18,11,Saturday,561,Clear,7,0
AI,BLR,CCU,8,12,Tuesday,858,Clear,7,0
AI,MAA,DEL,19,11,Thursday,1428,Rain,39,1
SG,BOM,DEL,11,8,Tuesday,1205,Clear,0,0
6E,CCU,BOM,0,12,Monday,850,Cloudy,8,0
QP,BOM,CCU,10,9,Sunday,1562,Clear,1,0
6E,HYD,DEL,5,5,Saturday,418,Storm,29,1
QP,DEL,CCU,11,11,Sunday,1174,Clear,8,0
QP,DEL,BLR,2,4,Thursday,1627,Fog,23,1
AI,DEL,MAA,18,11,Friday,1201,Clear,19,1
SG,CCU,BLR,14,12,Monday,1644,Rain,2,0
QP,BOM,HYD,3,6,Tuesday,1487,Rain,19,1
6E,CCU,DEL,23,3,Monday,1289,Clear,0,0
AI,HYD,MAA,8,2,Wednesday,1522,Cloudy,2,0
QP,DEL,BOM,5,7,Wednesday,1772,,7,0
UK,BLR,MAA,0,9,Tuesday,1453,Clear,9,0
AI,BLR,BOM,5,8,Saturday,937,Clear,11,0
QP,BOM,MAA,0,8,Friday,976,Cloudy,24,1
SG,HYD,BLR,11,1,Thursday,1076,Clear,2,0
AI,CCU,DEL,14,1,Wednesday,612,Cloudy,0,0
6E,CCU,BLR,8,4,Thursday,1976,Rain,33,1
AI,HYD,MAA,21,11,Wednesday,1361,Clear,0,0
QP,CCU,MAA,23,7,Saturday,752,Clear,8,0
AI,CCU,DEL,7,5,Saturday,1929,Cloudy,15,1
SG,DEL,BOM,15,8,Tuesday,634,Clear,16,1
UK,HYD,CCU,9,6,Sunday,826,Clear,5,0
UK,MAA,HYD,6,2,Thursday,807,Clear,0,0
QP,DEL,MAA,5,7,Tuesday,696,Clear,0,0
QP,HYD,BLR,12,9,Saturday,1419,Cloudy,0,0
AI,CCU,HYD,3,11,Wednesday,1801,Clear,0,0
AI,BOM,MAA,16,5,Tuesday,1138,Fog,41,1
AI,CCU,HYD,21,3,Thursday,1046,Cloudy,11,0
SG,CCU,BOM,8,11,Wednesday,1758,Storm,62,1
UK,HYD,BLR,13,5,Tuesday,1442,Cloudy,0,0
AI,HYD,BLR,23,2,Saturday,707,Clear,0,0
6E,HYD,CCU,16,7,Wednesday,1152,Clear,6,0
UK,BLR,HYD,9,1,Thursday,1270,Clear,0,0
SG,BLR,HYD,21,12,Monday,1089,Cloudy,0,0
6E,HYD,BOM,1,10,Wednesday,507,Cloudy,0,0
QP,BLR,CCU,14,6,Monday,1049,Clear,0,0
QP,MAA,BLR,6,7,Tuesday,1890,Cloudy,13,0
SG,MAA,DEL,4,5,Saturday,1408,Clear,0,0
UK,BLR,BOM,12,6,Sunday,1527,Cloudy,10,0
QP,HYD,DEL,17,12,Wednesday,1241,Clear,13,0
SG,BOM,HYD,17,9,Friday,1341,Clear,19,1
UK,BOM,MAA,17,8,Friday,1181,Clear,12,0
UK,BLR,MAA,6,12,Saturday,812,Storm,25,1
QP,DEL,MAA,9,2,Monday,1179,Cloudy,26,1
UK,CCU,BLR,2,11,Wednesday,1617,Clear,2,0
AI,DEL,BOM,14,3,Friday,1854,Clear,16,1
QP,BOM,HYD,19,4,Wednesday,867,Clear,15,1
AI,BOM,DEL,11,8,Friday,1517,Clear,21,1
SG,BOM,CCU,7,2,Sunday,961,Cloudy,21,1
SG,BLR,MAA,7,6,Saturday,569,Clear,20,1
UK,MAA,HYD,15,5,Thursday,1002,Clear,0,0
AI,CCU,BOM,16,1,Tuesday,1036,Clear,0,0
UK,BOM,MAA,11,3,Wednesday,1797,Rain,12,0
QP,BOM,CCU,5,6,Thursday,806,Clear,10,0
6E,BLR,DEL,9,2,Saturday,1093,Clear,0,0
SG,BOM,DEL,7,12,Sunday,1791,Clear,20,1
QP,MAA,BLR,2,6,Saturday,735,Rain,16,1
QP,BOM,DEL,9,9,Tuesday,842,Storm,62,1
UK,BLR,MAA,20,3,Monday,1263,Clear,0,0
6E,HYD,DEL,14,7,Monday,1334,Clear,0,0
SG,BLR,MAA,3,2,Tuesday,986,Cloudy,3,0
UK,HYD,MAA,20,3,Wednesday,1234,Clear,0,0
SG,MAA,BOM,5,9,Monday,1288,Clear,7,0
SG,HYD,CCU,14,5,Sunday,1469,Clear,0,0
SG,BLR,MAA,13,12,Wednesday,1427,Clear,8,0
6E,CCU,BOM,17,12,Tuesday,1433,Cloudy,13,0
SG,CCU,MAA,18,2,Thursday,1013,Clear,17,1
UK,CCU,BLR,7,8,Monday,942,Clear,0,0
QP,DEL,MAA,18,10,Saturday,1103,Clear,18,1
SG,CCU,HYD,14,4,Sunday,1170,Clear,3,0
QP,CCU,MAA,8,11,Sunday,1242,Rain,38,1
QP,MAA,BOM,2,9,Wednesday,829,Clear,16,1
QP,MAA,BOM,13,4,Friday,1490,Rain,12,0
SG,BLR,DEL,11,2,Tuesday,698,Storm,56,1
UK,MAA,CCU,11,6,Monday,866,Clear,0,0
AI,HYD,CCU,16,5,Thursday,656,Fog,33,1
6E,MAA,DEL,17,7,Saturday,792,Clear,17,1
UK,BLR,BOM,4,3,Monday,1893,Clear,0,0
SG,MAA,BLR,7,4,Sunday,1569,Cloudy,16,1
UK,MAA,CCU,21,11,Wednesday,856,Clear,0,0
UK,CCU,MAA,14,11,Friday,821,Cloudy,1,0
AI,BOM,CCU,10,9,Monday,600,Rain,36,1
SG,CCU,MAA,23,5,Sunday,857,Storm,46,1
UK,BOM,HYD,16,6,Thursday,762,Clear,18,1
AI,CCU,BOM,20,4,Thursday,703,Cloudy,17,1
6E,DEL,HYD,11,5,Friday,786,Cloudy,17,1
QP,BOM,BLR,3,7,Saturday,813,Clear,15,1
AI,HYD,CCU,17,11,Monday,573,Clear,0,0
UK,HYD,BLR,19,10,Monday,983,Cloudy,0,0
UK,MAA,CCU,14,3,Thursday,1525,Clear,0,0
AI,BLR,BOM,10,12,Saturday,1834,Cloudy,6,0
AI,DEL,MAA,2,1,Sunday,1447,Clear,3,0
QP,HYD,BLR,5,1,Monday,1483,Cloudy,0,0
UK,HYD,BLR,22,11,Wednesday,1278,Clear,1,0
6E,HYD,MAA,4,4,Saturday,1359,Clear,0,0
AI,BLR,MAA,15,11,Sunday,1695,Rain,20,1
UK,CCU,DEL,15,1,Tuesday,1722,Clear,0,0
SG,MAA,BLR,11,3,Sunday,392,Cloudy,5,0
SG,BOM,CCU,23,10,Saturday,1043,Clear,0,0
AI,DEL,CCU,16,3,Tuesday,1143,Clear,22,1
SG,BOM,HYD,23,7,Saturday,1702,Rain,36,1
QP,DEL,HYD,6,9,Friday,1314,Clear,8,0
6E,MAA,BOM,17,5,Saturday,782,Clear,3,0
AI,HYD,MAA,18,2,Saturday,1396,Clear,1,0
QP,BLR,HYD,22,10,Tuesday,1975,Clear,0,0
UK,HYD,DEL,9,8,Friday,1013,Storm,58,1
SG,MAA,CCU,7,11,Thursday,736,Clear,0,0
6E,MAA,CCU,19,9,Saturday,968,Clear,11,0
6E,BLR,DEL,17,9,Monday,1224,Clear,7,0
6E,HYD,BLR,6,8,Tuesday,930,Clear,0,0
6E,HYD,MAA,7,9,Tuesday,1299,Cloudy,10,0
UK,CCU,MAA,18,6,Sunday,935,Clear,5,0
AI,MAA,BOM,13,12,Wednesday,1182,Clear,0,0
QP,BOM,DEL,21,10,Tuesday,1334,Clear,0,0
UK,CCU,BOM,15,3,Saturday,658,Clear,0,0
QP,BLR,CCU,23,12,Friday,820,Fog,23,1
UK,MAA,CCU,7,3,Friday,848,Cloudy,0,0
6E,CCU,HYD,18,9,Sunday,1684,Clear,19,1
UK,MAA,CCU,4,12,Sunday,1166,Clear,0,0
AI,DEL,BLR,16,6,Wednesday,1929,Cloudy,40,1
QP,BOM,MAA,10,3,Sunday,800,Clear,5,0
SG,MAA,BOM,12,12,Thursday,942,Clear,3,0
AI,DEL,HYD,19,10,Sunday,1045,Storm,56,1
UK,DEL,BOM,2,6,Friday,1897,Cloudy,21,1
UK,BOM,DEL,5,12,Monday,1421,Clear,0,0
6E,BLR,BOM,13,2,Sunday,1240,Clear,1,0
AI,DEL,BLR,9,7,Friday,1178,Rain,49,1
SG,DEL,CCU,13,3,Thursday,331,Cloudy,14,0
6E,BLR,HYD,10,3,Wednesday,913,Clear,0,0
UK,HYD,BLR,1,5,Friday,1459,,0,0
6E,HYD,BOM,22,7,Sunday,758,Rain,17,1
SG,MAA,BLR,16,3,Monday,890,Clear,19,1
AI,CCU,MAA,14,7,Tuesday,969,Cloudy,21,1
6E,DEL,BLR,3,10,Monday,580,Rain,26,1
UK,MAA,DEL,4,2,Tuesday,1147,Clear,0,0
UK,DEL,MAA,14,1,Monday,748,Fog,35,1
SG,BLR,HYD,1,9,Tuesday,1456,Clear,8,0
AI,BLR,HYD,11,5,Thursday,1329,Cloudy,10,0
UK,MAA,DEL,21,3,Saturday,1105,Clear,8,0
SG,BOM,DEL,21,11,Thursday,727,Clear,1,0
6E,CCU,DEL,12,6,Tuesday,1528,Cloudy,15,1
AI,BLR,CCU,5,2,Monday,1518,Cloudy,0,0
QP,MAA,BOM,1,4,Sunday,826,Clear,0,0
SG,CCU,BLR,4,7,Tuesday,1552,Clear,16,1
SG,HYD,MAA,6,4,Saturday,1204,Clear,0,0
SG,DEL,HYD,13,12,Tuesday,1681,Storm,51,1
SG,MAA,DEL,17,8,Friday,1558,Rain,48,1
SG,BLR,CCU,11,1,Sunday,1719,Clear,8,0
UK,BLR,BOM,19,5,Sunday,743,Clear,0,0
AI,BLR,MAA,3,5,Monday,890,Rain,37,1
UK,BOM,MAA,10,2,Thursday,1565,Rain,13,0
6E,BOM,HYD,14,1,Thursday,1228,Cloudy,0,0
SG,CCU,DEL,1,2,Sunday,1667,Cloudy,4,0
UK,BOM,HYD,21,9,Saturday,1714,Clear,0,0
QP,BLR,BOM,23,3,Tuesday,947,Clear,0,0
UK,MAA,CCU,17,6,Sunday,646,Clear,17,1
UK,BOM,MAA,16,2,Wednesday,500,Clear,0,0
QP,HYD,MAA,5,12,Friday,1958,Cloudy,6,0
UK,CCU,MAA,4,12,Tuesday,1256,Rain,15,1
6E,MAA,BOM,5,9,Tuesday,1462,Rain,12,0
6E,DEL,HYD,3,4,Monday,1771,Clear,0,0
QP,BLR,HYD,13,8,Monday,1785,Cloudy,3,0
SG,DEL,HYD,22,5,Sunday,1897,Storm,65,1
AI,HYD,CCU,16,11,Tuesday,815,Clear,2,0
UK,BOM,HYD,21,8,Friday,1414,Clear,0,0
6E,CCU,MAA,23,2,Saturday,780,Rain,18,1
SG,BOM,BLR,15,2,Monday,1055,Clear,10,0
AI,CCU,DEL,2,10,Wednesday,1579,Cloudy,0,0
SG,BLR,DEL,22,9,Thursday,773,Clear,13,0
SG,CCU,BLR,13,9,Wednesday,727,Clear,13,0
6E,BOM,DEL,13,4,Sunday,1352,Fog,25,1
AI,BOM,HYD,23,9,Tuesday,1628,Clear,0,0
SG,BLR,CCU,16,4,Saturday,1250,Clear,20,1
6E,CCU,BOM,2,8,Thursday,630,Clear,3,0
QP,MAA,HYD,18,4,Wednesday,1875,Clear,9,0
SG,MAA,BOM,23,2,Wednesday,1030,Clear,0,0
QP,HYD,DEL,5,10,Friday,1014,Cloudy,20,1
UK,MAA,BLR,11,10,Wednesday,1289,Clear,0,0
QP,HYD,CCU,2,10,Friday,1396,Clear,0,0
AI,MAA,BOM,17,8,Monday,1851,Clear,25,1
6E,CCU,MAA,3,8,Tuesday,584,Rain,23,1
AI,CCU,BLR,10,10,Thursday,967,Clear,7,0
SG,HYD,BOM,15,7,Tuesday,1121,Rain,18,1
UK,BLR,CCU,20,11,Monday,1394,Fog,21,1
6E,HYD,BLR,7,10,Tuesday,707,Clear,0,0
6E,MAA,CCU,21,7,Thursday,1188,Clear,0,0
SG,CCU,HYD,0,8,Sunday,1441,Cloudy,36,1
AI,MAA,BOM,3,12,Friday,733,Clear,0,0
UK,CCU,MAA,2,7,Sunday,1200,Rain,20,1
SG,MAA,CCU,17,2,Thursday,1407,Storm,57,1
6E,CCU,HYD,8,11,Monday,1062,Cloudy,4,0
6E,MAA,CCU,0,1,Tuesday,1485,Clear,0,0
6E,CCU,DEL,18,3,Saturday,1128,Clear,8,0
UK,BOM,BLR,6,4,Friday,1689,Clear,13,0
6E,CCU,BLR,16,1,Saturday,1655,Clear,4,0
6E,BLR,DEL,13,3,Wednesday,624,Rain,2,0
UK,MAA,CCU,2,3,Sunday,1716,Clear,0,0
AI,BLR,MAA,14,7,Wednesday,556,Cloudy,9,0
UK,BLR,MAA,20,11,Saturday,1731,Cloudy,2,0
AI,MAA,HYD,8,4,Tuesday,1301,Clear,7,0
AI,HYD,BLR,20,5,Thursday,605,Cloudy,18,1
6E,MAA,BLR,6,9,Sunday,1002,Rain,18,1
6E,DEL,MAA,6,9,Saturday,1920,Clear,0,0
AI,CCU,BLR,4,12,Wednesday,1392,Cloudy,15,1
QP,BLR,BOM,5,7,Sunday,1272,Clear,2,0
6E,MAA,BLR,5,10,Thursday,680,Cloudy,0,0
QP,BOM,DEL,15,11,Sunday,919,Fog,31,1
QP,HYD,CCU,3,6,Monday,1599,Cloudy,11,0
QP,HYD,CCU,13,11,Saturday,1677,Clear,0,0
QP,DEL,HYD,6,12,Friday,1003,Clear,14,0
AI,BLR,BOM,3,2,Tuesday,1382,Fog,33,1
6E,HYD,DEL,19,10,Tuesday,1477,Cloudy,0,0
SG,CCU,MAA,12,8,Saturday,1830,Clear,9,0
UK,CCU,BLR,6,10,Saturday,749,Cloudy,0,0
AI,BLR,CCU,15,7,Tuesday,523,Clear,2,0
UK,HYD,MAA,21,3,Monday,458,Fog,23,1
QP,BOM,HYD,6,6,Wednesday,992,Clear,10,0
QP,CCU,HYD,5,9,Wednesday,1030,Clear,0,0
6E,CCU,BOM,16,11,Friday,602,Clear,8,0
6E,CCU,HYD,11,1,Saturday,1153,Clear,0,0
6E,BLR,DEL,16,3,Tuesday,1362,Cloudy,7,0
6E,BLR,BOM,4,3,Wednesday,1048,Cloudy,5,0
6E,MAA,BLR,22,8,Tuesday,1420,Cloudy,9,0
6E,MAA,BOM,0,1,Monday,719,Clear,0,0
UK,BOM,CCU,6,12,Sunday,1721,Rain,25,1
AI,HYD,DEL,15,9,Saturday,1015,Rain,35,1
6E,HYD,CCU,12,11,Saturday,1063,Cloudy,3,0
6E,BLR,DEL,8,1,Sunday,1141,Cloudy,16,1
AI,BLR,CCU,23,4,Monday,1835,Clear,0,0
QP,BOM,BLR,8,6,Wednesday,912,Rain,30,1
SG,BLR,CCU,16,10,Saturday,1011,Clear,30,1
QP,BOM,HYD,9,8,Friday,991,Rain,42,1
UK,BOM,BLR,10,6,Saturday,1295,Clear,0,0
AI,BOM,DEL,18,4,Wednesday,1296,,16,1
QP,BLR,MAA,8,4,Monday,1794,Clear,0,0
UK,HYD,BLR,9,5,Thursday,361,Storm,40,1
SG,BLR,CCU,18,9,Saturday,1509,Cloudy,27,1
6E,DEL,BOM,2,11,Saturday,639,Clear,0,0
UK,MAA,DEL,10,6,Tuesday,1136,Fog,33,1
UK,BLR,BOM,6,11,Friday,972,Clear,0,0
6E,HYD,BOM,11,4,Friday,396,Rain,0,0
UK,HYD,CCU,13,11,Wednesday,496,Rain,14,0
SG,HYD,DEL,10,1,Tuesday,1428,Rain,18,1
AI,BLR,CCU,23,9,Tuesday,1417,,0,0
AI,MAA,DEL,21,12,Monday,1301,Fog,27,1
QP,CCU,MAA,3,4,Thursday,1344,Cloudy,6,0
UK,CCU,BLR,15,9,Wednesday,406,Clear,0,0
QP,BLR,DEL,7,1,Friday,445,Rain,23,1
SG,BLR,HYD,17,11,Friday,1569,Clear,26,1
SG,DEL,MAA,11,6,Friday,899,Clear,11,0
QP,BLR,CCU,22,6,Sunday,1624,Cloudy,15,1
SG,CCU,BOM,22,12,Monday,645,Cloudy,11,0
6E,BOM,HYD,1,12,Monday,1462,Clear,6,0
UK,CCU,HYD,2,3,Wednesday,1740,Cloudy,0,0
6E,MAA,BLR,0,12,Monday,953,Fog,6,0
6E,HYD,CCU,19,3,Saturday,839,Clear,20,1
SG,HYD,BLR,5,10,Wednesday,1553,Clear,0,0
AI,MAA,BLR,17,10,Tuesday,909,Clear,11,0
SG,DEL,HYD,7,7,Monday,833,Fog,42,1
UK,DEL,CCU,7,8,Sunday,1596,Clear,8,0
6E,BOM,CCU,14,5,Wednesday,1469,Clear,1,0
AI,MAA,BLR,18,5,Thursday,752,Fog,44,1
SG,BLR,DEL,13,7,Tuesday,1136,Cloudy,15,1
QP,BOM,MAA,13,11,Saturday,717,Clear,0,0
SG,DEL,BLR,17,6,Saturday,1122,Fog,52,1
UK,BLR,DEL,4,7,Wednesday,1613,Clear,0,0
SG,BLR,MAA,14,9,Saturday,1287,Clear,4,0
UK,BOM,MAA,6,12,Wednesday,1261,Clear,0,0
6E,DEL,MAA,3,11,Sunday,860,Cloudy,5,0
6E,MAA,BLR,7,5,Sunday,793,Clear,1,0
6E,MAA,BOM,4,11,Thursday,1335,Rain,15,1
QP,BOM,DEL,7,6,Thursday,745,Cloudy,3,0
SG,BLR,DEL,0,2,Saturday,1494,Clear,0,0
AI,BOM,DEL,17,1,Monday,1444,Rain,25,1
QP,BLR,MAA,8,3,Thursday,1612,Rain,26,1
AI,DEL,CCU,15,5,Sunday,779,Clear,0,0
UK,CCU,BLR,17,5,Tuesday,891,Clear,3,0
AI,MAA,BOM,19,3,Wednesday,1143,Clear,15,1
6E,CCU,BLR,1,3,Saturday,1658,Clear,0,0
SG,BOM,CCU,12,1,Friday,856,Rain,29,1
QP,CCU,DEL,10,11,Thursday,1577,Clear,16,1
QP,HYD,MAA,8,4,Monday,1094,Clear,0,0
QP,BOM,DEL,19,8,Tuesday,1736,Rain,44,1
6E,BOM,BLR,1,6,Saturday,484,Fog,29,1
AI,MAA,BLR,7,5,Thursday,1439,Clear,0,0
QP,MAA,BLR,19,3,Sunday,573,Clear,16,1
QP,MAA,BOM,9,1,Monday,1042,Rain,26,1
6E,BOM,MAA,1,2,Wednesday,1253,Storm,26,1
AI,HYD,MAA,4,9,Monday,1605,Cloudy,3,0
SG,CCU,BLR,7,6,Tuesday,1278,Cloudy,24,1
AI,DEL,BLR,5,12,Monday,943,Clear,0,0
AI,BOM,DEL,16,2,Thursday,732,Fog,36,1
QP,DEL,HYD,4,12,Tuesday,826,Cloudy,10,0
UK,DEL,BOM,18,2,Tuesday,702,Cloudy,20,1
AI,CCU,BOM,7,9,Sunday,458,Rain,39,1
SG,BOM,CCU,1,12,Thursday,1622,Rain,16,1
6E,BOM,HYD,0,2,Thursday,1852,Clear,0,0
UK,DEL,MAA,14,6,Friday,1054,Clear,2,0
QP,CCU,BOM,17,12,Thursday,1023,Clear,6,0
6E,BLR,HYD,3,10,Monday,1159,Fog,10,0
SG,MAA,DEL,7,3,Thursday,367,Clear,9,0
QP,BOM,HYD,18,3,Sunday,955,Cloudy,23,1
UK,HYD,MAA,20,5,Friday,1143,Clear,0,0
QP,CCU,BLR,17,6,Friday,1127,Clear,24,1
UK,MAA,HYD,14,4,Thursday,885,Clear,0,0
UK,HYD,MAA,17,2,Wednesday,921,Fog,34,1
QP,BOM,CCU,7,6,Thursday,742,Clear,2,0
SG,BOM,DEL,1,5,Wednesday,875,Rain,24,1
QP,HYD,BLR,13,4,Friday,915,Clear,0,0
SG,BLR,CCU,13,10,Saturday,1219,Clear,7,0
SG,DEL,BOM,19,4,Monday,1654,Clear,13,0
6E,BOM,CCU,5,11,Thursday,650,Clear,0,0
6E,BLR,HYD,21,1,Tuesday,770,Cloudy,3,0
QP,BOM,CCU,11,7,Sunday,555,Clear,12,0
SG,HYD,MAA,10,12,Tuesday,699,Clear,4,0
6E,BOM,CCU,23,4,Monday,1042,Clear,0,0
6E,BOM,DEL,13,8,Friday,1728,Storm,52,1
SG,DEL,MAA,2,9,Tuesday,894,Clear,23,1
AI,HYD,CCU,6,5,Tuesday,1592,Rain,20,1
AI,BOM,HYD,14,8,Thursday,1501,Rain,31,1
SG,HYD,BOM,5,8,Sunday,767,Storm,44,1
6E,CCU,DEL,3,6,Monday,802,Cloudy,5,0
SG,CCU,BLR,7,5,Thursday,1482,Cloudy,15,1
UK,MAA,CCU,12,6,Wednesday,719,Cloudy,6,0
QP,MAA,CCU,2,2,Tuesday,1594,Rain,6,0
UK,CCU,BLR,12,6,Thursday,587,Rain,25,1
QP,MAA,BOM,17,4,Sunday,1282,Clear,10,0
QP,BOM,MAA,10,5,Tuesday,1478,Cloudy,31,1
6E,HYD,CCU,16,3,Tuesday,1674,Fog,42,1
QP,CCU,BOM,15,7,Tuesday,1749,Clear,4,0
SG,MAA,DEL,11,1,Friday,1308,Cloudy,2,0
AI,BLR,BOM,23,1,Tuesday,1682,Clear,0,0
AI,BOM,MAA,14,3,Friday,1237,Clear,3,0
6E,DEL,CCU,19,7,Monday,1680,Cloudy,39,1
AI,BLR,HYD,15,4,Friday,1898,Clear,2,0
6E,MAA,BLR,23,6,Tuesday,1663,Clear,0,0
QP,HYD,BOM,10,2,Monday,1306,Rain,20,1
UK,DEL,BLR,4,6,Monday,1906,Clear,0,0
AI,CCU,DEL,4,6,Saturday,1775,Clear,6,0
UK,BLR,CCU,23,4,Sunday,1121,Clear,4,0
6E,BLR,HYD,19,1,Wednesday,920,Storm,55,1
QP,MAA,BOM,7,8,Tuesday,1324,Clear,0,0
AI,BLR,HYD,10,3,Saturday,1180,Rain,14,0
SG,HYD,CCU,0,6,Monday,466,Clear,11,0
UK,CCU,HYD,22,9,Wednesday,811,Clear,5,0
AI,HYD,CCU,10,2,Sunday,1681,Clear,0,0
SG,HYD,DEL,9,9,Wednesday,1772,Clear,9,0
UK,BLR,DEL,5,5,Saturday,678,Rain,18,1
SG,CCU,HYD,1,7,Wednesday,1355,Cloudy,23,1
SG,DEL,HYD,18,1,Tuesday,1283,Clear,20,1
SG,BOM,MAA,5,6,Wednesday,1531,Clear,18,1
UK,CCU,HYD,2,5,Sunday,807,Clear,0,0
AI,BLR,DEL,23,3,Thursday,1512,Cloudy,3,0
AI,BOM,CCU,13,7,Sunday,1269,,44,1
UK,BLR,DEL,1,8,Sunday,752,,1,0
6E,BOM,HYD,6,5,Saturday,1618,Rain,16,1
SG,HYD,MAA,13,8,Wednesday,1893,Cloudy,27,1
UK,BOM,MAA,4,5,Friday,1160,Clear,0,0
QP,BLR,BOM,23,10,Wednesday,574,Clear,7,0
AI,CCU,HYD,21,4,Friday,1820,Rain,29,1
6E,DEL,CCU,21,10,Friday,703,Clear,1,0
SG,MAA,BOM,12,5,Sunday,916,Clear,7,0
AI,DEL,CCU,23,7,Saturday,1023,Rain,39,1
6E,BLR,HYD,7,1,Thursday,1294,Clear,3,0
SG,MAA,DEL,13,1,Sunday,906,Clear,2,0
UK,CCU,BOM,17,12,Saturday,1553,Rain,30,1
SG,BOM,CCU,12,1,Wednesday,818,Clear,2,0
UK,DEL,BLR,20,7,Monday,1152,Cloudy,17,1
QP,MAA,CCU,2,6,Wednesday,668,Clear,1,0
QP,CCU,BLR,10,8,Friday,1185,Cloudy,27,1
QP,HYD,BLR,19,1,Tuesday,798,Rain,20,1
AI,DEL,CCU,4,3,Sunday,1140,Clear,0,0
UK,HYD,MAA,9,5,Sunday,1145,Rain,10,0
AI,BLR,BOM,23,12,Monday,1582,Cloudy,3,0
6E,BLR,MAA,14,5,Wednesday,1611,Rain,25,1
6E,DEL,BOM,8,7,Tuesday,1049,Clear,4,0
SG,BOM,CCU,8,7,Sunday,992,Rain,48,1
UK,CCU,DEL,4,5,Saturday,792,Storm,42,1
QP,DEL,HYD,17,10,Friday,1790,Cloudy,20,1
6E,CCU,DEL,2,9,Saturday,685,Fog,40,1
SG,HYD,MAA,4,6,Saturday,658,Clear,9,0
SG,HYD,CCU,2,4,Saturday,1052,Cloudy,0,0
QP,CCU,MAA,18,4,Friday,1061,Cloudy,19,1
6E,BOM,BLR,22,12,Sunday,830,Clear,0,0
SG,CCU,MAA,2,2,Thursday,974,Cloudy,9,0
AI,BOM,CCU,22,3,Monday,1794,Clear,7,0
UK,BLR,HYD,21,4,Wednesday,880,Fog,12,0
UK,BLR,CCU,12,10,Friday,1353,Rain,18,1
QP,HYD,BLR,0,9,Sunday,1407,Rain,27,1
SG,BOM,DEL,16,12,Friday,1963,Cloudy,23,1
QP,MAA,BLR,12,9,Tuesday,1553,Rain,26,1
QP,DEL,BLR,19,6,Tuesday,1438,Clear,29,1
UK,HYD,MAA,7,1,Saturday,1574,Cloudy,0,0
SG,HYD,MAA,13,11,Tuesday,1654,Clear,5,0
AI,HYD,BLR,21,9,Monday,1440,Cloudy,3,0
UK,HYD,MAA,16,1,Friday,456,Clear,13,0
AI,MAA,DEL,15,12,Thursday,863,Rain,23,1
SG,CCU,BOM,23,8,Friday,1479,Clear,21,1
QP,BOM,HYD,11,8,Thursday,1705,Storm,46,1
SG,BLR,MAA,4,5,Friday,493,Rain,32,1
QP,HYD,MAA,23,4,Wednesday,1924,Cloudy,4,0
6E,BLR,HYD,3,5,Thursday,675,Clear,0,0
QP,CCU,DEL,13,1,Tuesday,792,Cloudy,14,0
UK,HYD,MAA,18,6,Friday,528,Rain,27,1
SG,HYD,BLR,18,1,Friday,1196,Clear,26,1
SG,BOM,HYD,16,8,Wednesday,1457,Cloudy,39,1
SG,BLR,CCU,10,3,Thursday,1659,Rain,22,1
6E,HYD,MAA,4,8,Tuesday,1449,Clear,10,0
SG,BLR,BOM,0,5,Saturday,534,Clear,0,0
SG,MAA,HYD,7,4,Friday,864,Rain,27,1
QP,DEL,BLR,23,2,Friday,783,Clear,6,0
UK,DEL,MAA,16,5,Friday,1629,Rain,26,1
UK,BLR,DEL,9,1,Saturday,1587,Cloudy,9,0
UK,BOM,CCU,11,3,Saturday,1821,Clear,0,0
AI,MAA,CCU,8,6,Tuesday,1708,Storm,44,1
AI,CCU,HYD,21,8,Wednesday,1620,Clear,3,0
AI,BLR,CCU,10,6,Thursday,1087,Clear,0,0
SG,HYD,MAA,20,2,Saturday,1412,Clear,2,0
UK,BOM,DEL,1,9,Monday,1605,Storm,51,1
QP,HYD,BOM,11,6,Sunday,1313,Clear,0,0
SG,MAA,DEL,14,8,Wednesday,1039,Clear,9,0
AI,MAA,DEL,16,12,Wednesday,1086,Clear,5,0
AI,CCU,BLR,0,1,Tuesday,1628,Cloudy,17,1
6E,HYD,CCU,15,12,Thursday,1061,Clear,0,0
QP,BLR,CCU,20,12,Tuesday,876,Clear,0,0
AI,DEL,HYD,2,7,Sunday,561,Clear,18,1
AI,MAA,BLR,7,1,Wednesday,1290,Cloudy,1,0
AI,MAA,BLR,10,3,Wednesday,1858,Cloudy,16,1
UK,HYD,BOM,6,3,Monday,1704,Cloudy,0,0
QP,CCU,MAA,10,8,Saturday,1265,Cloudy,10,0
SG,BOM,HYD,21,9,Sunday,886,Rain,37,1
UK,DEL,HYD,21,6,Friday,975,Cloudy,7,0
AI,HYD,DEL,14,5,Sunday,1110,Cloudy,5,0
6E,DEL,BOM,21,1,Wednesday,894,Clear,0,0
UK,DEL,CCU,19,12,Friday,1488,Fog,28,1
6E,MAA,CCU,1,12,Sunday,921,Rain,19,1
SG,BLR,CCU,9,1,Saturday,1624,,13,0
QP,HYD,CCU,20,4,Tuesday,692,Clear,0,0
6E,MAA,HYD,10,12,Sunday,516,Clear,0,0
6E,BLR,HYD,14,5,Monday,1543,Storm,23,1
AI,HYD,MAA,9,8,Monday,740,Clear,23,1
SG,HYD,MAA,0,7,Tuesday,1415,Clear,6,0
UK,HYD,DEL,13,8,Saturday,752,Clear,0,0
6E,MAA,DEL,9,11,Sunday,1441,Clear,12,0
6E,BLR,CCU,18,5,Thursday,1479,Clear,27,1
AI,HYD,MAA,21,10,Wednesday,1294,Cloudy,0,0
UK,HYD,BOM,2,6,Thursday,999,Clear,0,0
SG,DEL,BOM,8,3,Friday,1846,Clear,10,0
6E,BOM,MAA,9,1,Tuesday,1004,Cloudy,8,0
AI,DEL,HYD,16,9,Tuesday,580,Cloudy,16,1
UK,BOM,HYD,9,8,Wednesday,1392,Cloudy,23,1
SG,BLR,BOM,13,11,Thursday,1166,Storm,49,1
6E,CCU,BOM,21,3,Saturday,437,Clear,0,0
6E,CCU,BOM,14,9,Thursday,1410,Clear,0,0
AI,MAA,BLR,2,1,Monday,527,Clear,7,0
SG,HYD,BOM,11,2,Tuesday,1683,,0,0
QP,BOM,BLR,21,8,Monday,665,Rain,41,1
SG,BLR,DEL,11,7,Wednesday,952,Clear,6,0
UK,MAA,CCU,23,8,Thursday,977,Clear,0,0
SG,CCU,DEL,21,11,Tuesday,662,Clear,0,0
6E,CCU,BLR,6,11,Monday,965,Clear,4,0
AI,BLR,MAA,9,3,Monday,514,Rain,13,0
6E,BLR,HYD,4,3,Friday,1692,Cloudy,11,0
SG,HYD,DEL,4,7,Thursday,1894,Cloudy,24,1
SG,DEL,BOM,8,12,Sunday,597,Clear,4,0
QP,DEL,HYD,10,9,Thursday,782,Clear,20,1
QP,DEL,MAA,8,2,Wednesday,1189,Cloudy,25,1
6E,MAA,DEL,17,8,Monday,553,Clear,13,0
AI,BOM,HYD,3,5,Saturday,896,Clear,7,0
6E,MAA,DEL,11,2,Wednesday,1705,Rain,17,1
QP,BLR,BOM,21,9,Friday,1343,Clear,8,0
QP,MAA,BLR,17,4,Thursday,1793,Clear,0,0
AI,DEL,BOM,4,10,Monday,860,Fog,32,1
AI,BOM,DEL,5,7,Sunday,1161,Fog,41,1
UK,BOM,BLR,22,6,Monday,1783,,15,1
SG,BLR,HYD,13,3,Friday,821,Rain,27,1
QP,HYD,DEL,21,4,Tuesday,1563,Clear,0,0
SG,BOM,CCU,20,5,Sunday,1175,Rain,46,1
6E,MAA,BLR,10,9,Tuesday,962,Clear,7,0
AI,CCU,BOM,12,5,Thursday,529,Fog,23,1
SG,DEL,CCU,8,1,Monday,1661,Rain,43,1
UK,DEL,CCU,15,1,Saturday,593,Clear,0,0
QP,CCU,HYD,15,4,Tuesday,566,Clear,2,0
UK,HYD,CCU,16,7,Monday,1036,Clear,0,0
UK,CCU,MAA,20,4,Tuesday,569,Clear,2,0
6E,MAA,CCU,17,12,Thursday,1516,Clear,16,1
AI,MAA,CCU,2,3,Wednesday,1443,Clear,12,0
QP,DEL,MAA,8,5,Wednesday,565,Cloudy,18,1
QP,HYD,CCU,13,5,Monday,1610,Cloudy,0,0
AI,BLR,CCU,15,4,Saturday,1240,Clear,0,0
SG,CCU,BOM,20,11,Wednesday,1334,Clear,22,1
6E,DEL,HYD,9,4,Sunday,962,Clear,22,1
UK,DEL,CCU,19,1,Wednesday,1599,Clear,5,0
QP,HYD,CCU,9,7,Friday,538,Clear,7,0
QP,CCU,DEL,3,8,Wednesday,1801,Clear,8,0
AI,CCU,DEL,11,6,Monday,859,Clear,26,1
6E,HYD,BOM,3,6,Friday,712,Clear,2,0
QP,BLR,MAA,9,11,Friday,594,Clear,7,0
QP,BOM,BLR,5,5,Sunday,547,Storm,43,1
AI,CCU,HYD,0,8,Saturday,710,Fog,37,1
QP,BOM,DEL,15,11,Friday,1086,Clear,12,0
UK,DEL,MAA,17,5,Monday,814,Cloudy,9,0
UK,HYD,MAA,3,7,Saturday,1269,Cloudy,7,0
AI,BLR,BOM,14,5,Tuesday,642,Clear,6,0
SG,BLR,DEL,12,8,Saturday,1573,Rain,26,1
SG,CCU,BOM,3,7,Friday,1069,Clear,21,1
SG,BOM,MAA,14,11,Saturday,1266,Clear,22,1
SG,CCU,BLR,6,4,Wednesday,454,Fog,23,1
QP,BOM,CCU,19,2,Thursday,895,Clear,11,0
QP,BOM,CCU,14,6,Monday,563,Clear,8,0
SG,DEL,HYD,2,8,Wednesday,876,Rain,38,1
QP,MAA,BOM,12,4,Sunday,1549,Clear,0,0
SG,CCU,BLR,2,12,Tuesday,1066,Fog,23,1
SG,CCU,BOM,17,7,Sunday,1585,Clear,23,1
UK,BOM,BLR,7,10,Monday,614,Cloudy,0,0
SG,MAA,HYD,11,7,Wednesday,995,Clear,3,0
AI,DEL,HYD,16,5,Wednesday,544,Clear,22,1
UK,HYD,DEL,20,11,Sunday,1888,Clear,13,0
UK,MAA,DEL,12,2,Thursday,1775,Cloudy,0,0
QP,DEL,BOM,1,4,Saturday,851,Cloudy,10,0
AI,DEL,CCU,6,10,Saturday,1520,Clear,5,0
SG,DEL,BOM,14,11,Thursday,1581,Fog,56,1
AI,MAA,HYD,1,4,Saturday,849,Rain,15,1
QP,HYD,BLR,8,7,Saturday,1166,,16,1
QP,DEL,BLR,7,6,Thursday,1705,Cloudy,31,1
6E,HYD,DEL,7,9,Sunday,967,Clear,0,0
QP,MAA,BLR,22,6,Thursday,1097,Clear,12,0
UK,BOM,CCU,22,8,Saturday,835,Clear,0,0
QP,HYD,CCU,21,9,Wednesday,1076,Clear,0,0
SG,BOM,MAA,20,10,Wednesday,664,Clear,21,1
AI,BOM,HYD,21,2,Wednesday,422,Clear,3,0
6E,BLR,BOM,4,8,Tuesday,1282,Cloudy,12,0
UK,BLR,CCU,9,3,Saturday,799,Clear,0,0
6E,BLR,HYD,1,1,Thursday,584,Clear,0,0
AI,BOM,CCU,19,9,Friday,708,Cloudy,46,1
QP,BLR,CCU,20,5,Tuesday,1707,Clear,20,1
QP,HYD,BOM,0,9,Friday,1101,Clear,7,0
UK,BLR,DEL,4,12,Monday,977,Rain,13,0
6E,HYD,BOM,4,2,Friday,865,Clear,2,0
AI,DEL,BOM,22,6,Thursday,1062,Clear,11,0
QP,DEL,MAA,18,2,Monday,958,Rain,26,1
6E,CCU,HYD,6,10,Wednesday,950,Cloudy,1,0
AI,BLR,BOM,1,12,Monday,949,Cloudy,3,0
6E,HYD,BLR,9,11,Monday,1856,Clear,0,0
UK,MAA,DEL,14,12,Saturday,1034,Rain,0,0
SG,DEL,BLR,1,4,Sunday,640,Clear,2,0
6E,CCU,MAA,11,4,Saturday,1110,Clear,4,0
QP,BLR,CCU,12,11,Monday,1041,Cloudy,3,0
SG,CCU,BLR,23,8,Friday,1272,Clear,13,0
QP,BLR,CCU,4,5,Friday,1460,Cloudy,4,0
6E,BLR,HYD,4,3,Wednesday,1221,Rain,14,0
SG,HYD,MAA,10,1,Thursday,734,Clear,6,0
6E,BOM,MAA,7,1,Tuesday,1318,Clear,0,0
SG,HYD,DEL,22,9,Sunday,1067,Cloudy,14,0
SG,CCU,MAA,18,4,Tuesday,847,Rain,40,1
6E,HYD,BLR,6,10,Tuesday,374,Clear,0,0
QP,DEL,HYD,8,11,Saturday,587,Cloudy,0,0
QP,MAA,CCU,15,6,Tuesday,1626,Clear,2,0
QP,DEL,BLR,20,4,Sunday,1296,Rain,40,1
6E,DEL,CCU,4,3,Friday,1655,Clear,0,0
SG,BOM,HYD,7,4,Sunday,954,Cloudy,10,0
AI,BOM,HYD,14,8,Thursday,624,Cloudy,18,1
AI,DEL,HYD,20,10,Sunday,1889,Clear,23,1
QP,DEL,BOM,6,9,Saturday,1749,Fog,42,1
AI,MAA,CCU,11,12,Saturday,1419,Fog,42,1
QP,BLR,DEL,16,8,Tuesday,393,Clear,19,1
UK,BOM,BLR,10,7,Saturday,597,Clear,0,0
6E,BLR,MAA,18,5,Wednesday,1769,Cloudy,24,1
AI,MAA,DEL,12,5,Saturday,1682,Clear,0,0
SG,MAA,BLR,21,5,Monday,608,Clear,0,0
SG,BOM,HYD,14,11,Monday,1310,Clear,0,0
UK,BOM,BLR,22,7,Saturday,929,Clear,4,0
QP,CCU,MAA,20,3,Monday,1365,Cloudy,16,1
6E,HYD,BOM,5,3,Wednesday,1668,Clear,0,0
UK,CCU,BLR,21,1,Thursday,1345,Clear,0,0
6E,BOM,HYD,3,11,Tuesday,710,Fog,19,1
UK,DEL,HYD,6,3,Saturday,1109,Clear,0,0
AI,BLR,CCU,1,2,Friday,1873,Clear,6,0
UK,BOM,BLR,2,4,Friday,714,Clear,6,0
UK,MAA,BLR,17,6,Tuesday,1396,Rain,38,1
UK,MAA,BOM,2,12,Monday,1169,Rain,21,1
UK,DEL,BOM,4,11,Monday,1140,Clear,0,0
SG,HYD,CCU,9,3,Tuesday,414,Cloudy,18,1
UK,BLR,MAA,19,7,Tuesday,701,Clear,17,1
6E,HYD,CCU,19,10,Friday,1054,Cloudy,29,1
6E,BLR,HYD,23,10,Saturday,1423,Clear,0,0
SG,HYD,MAA,1,6,Tuesday,580,Clear,3,0
QP,MAA,BOM,3,3,Friday,1325,Rain,29,1
SG,BOM,HYD,9,10,Sunday,1822,Clear,8,0
SG,BOM,MAA,6,6,Thursday,983,Clear,21,1
QP,MAA,BOM,2,3,Tuesday,1411,Cloudy,12,0
QP,CCU,DEL,12,9,Thursday,973,Clear,13,0
UK,BLR,BOM,11,11,Monday,518,Rain,3,0
AI,CCU,DEL,10,11,Sunday,1397,Clear,14,0
SG,BOM,DEL,0,12,Sunday,572,Clear,18,1
SG,MAA,DEL,10,8,Monday,942,Cloudy,24,1
6E,CCU,DEL,10,10,Tuesday,796,Clear,1,0
QP,BOM,MAA,5,3,Tuesday,1225,Clear,2,0
QP,DEL,HYD,19,4,Sunday,435,Clear,40,1
6E,HYD,CCU,21,2,Sunday,951,,9,0
UK,CCU,BOM,22,1,Wednesday,486,Fog,10,0
AI,DEL,BOM,16,11,Thursday,1787,Cloudy,19,1
AI,HYD,BLR,16,6,Friday,1327,Rain,59,1
6E,CCU,MAA,3,7,Sunday,1214,Rain,34,1
6E,DEL,CCU,9,2,Saturday,1721,Rain,23,1
6E,HYD,MAA,0,3,Friday,677,Clear,10,0
AI,DEL,HYD,13,1,Thursday,1384,Clear,0,0
UK,BOM,CCU,18,6,Saturday,1580,Cloudy,17,1
SG,BLR,BOM,16,7,Friday,1071,Fog,47,1
6E,BOM,BLR,0,2,Friday,1944,Rain,25,1
UK,DEL,BOM,13,9,Tuesday,1834,Clear,6,0
6E,MAA,DEL,21,2,Monday,1913,Fog,23,1
SG,BOM,BLR,2,11,Thursday,665,Clear,15,1
SG,CCU,MAA,12,12,Sunday,802,Clear,5,0
QP,BOM,BLR,6,8,Sunday,1657,Rain,32,1
AI,HYD,MAA,22,7,Thursday,916,Clear,5,0
QP,MAA,HYD,13,9,Sunday,1434,Cloudy,27,1
6E,BLR,MAA,18,3,Monday,561,Clear,9,0
AI,BLR,BOM,12,12,Saturday,1041,Storm,40,1
SG,MAA,CCU,21,11,Tuesday,1686,,7,0
AI,DEL,BOM,6,9,Wednesday,693,Cloudy,16,1
AI,MAA,BLR,17,12,Wednesday,1493,Clear,13,0
QP,MAA,BOM,10,4,Tuesday,734,Clear,0,0
6E,MAA,DEL,13,11,Wednesday,888,Clear,0,0
UK,BLR,BOM,16,1,Thursday,878,Clear,0,0
6E,BLR,BOM,4,9,Monday,730,Clear,11,0
AI,HYD,BLR,20,4,Tuesday,1263,Clear,12,0
AI,HYD,BLR,17,12,Tuesday,1552,Fog,40,1
AI,CCU,DEL,9,7,Monday,613,Clear,14,0
UK,CCU,BOM,14,3,Sunday,827,Cloudy,0,0
UK,DEL,HYD,15,4,Thursday,547,Cloudy,1,0
AI,DEL,MAA,10,11,Friday,1209,Rain,34,1
6E,CCU,BLR,15,10,Friday,1316,Clear,2,0
6E,BLR,DEL,13,5,Wednesday,652,Clear,0,0
UK,HYD,MAA,18,4,Tuesday,873,Clear,4,0
QP,DEL,MAA,5,1,Monday,713,Clear,0,0
SG,DEL,BOM,0,2,Saturday,560,Clear,0,0
QP,BLR,CCU,9,1,Saturday,993,Cloudy,7,0
AI,MAA,HYD,19,4,Friday,936,Rain,33,1
6E,MAA,BOM,2,3,Saturday,780,Rain,20,1
SG,CCU,BOM,20,1,Saturday,1539,Rain,39,1
6E,BOM,BLR,9,10,Monday,847,Clear,0,0
QP,BOM,CCU,5,11,Friday,774,Cloudy,0,0
UK,HYD,DEL,11,11,Sunday,1045,Clear,0,0
6E,HYD,DEL,19,11,Saturday,1723,Rain,35,1
QP,DEL,BLR,20,2,Tuesday,647,Clear,17,1
UK,BLR,CCU,14,2,Friday,1211,Cloudy,0,0
QP,CCU,BOM,12,11,Tuesday,1642,Cloudy,5,0
UK,DEL,MAA,19,1,Monday,1587,Cloudy,16,1
AI,MAA,HYD,21,10,Wednesday,1362,Clear,9,0
SG,BLR,BOM,19,2,Wednesday,1478,Fog,45,1
AI,HYD,CCU,23,1,Sunday,638,Clear,0,0
SG,HYD,DEL,19,10,Thursday,1455,Rain,37,1
UK,MAA,HYD,1,9,Saturday,707,Clear,0,0
SG,HYD,DEL,0,2,Sunday,784,Clear,8,0
QP,DEL,MAA,14,1,Friday,1220,Clear,11,0
UK,BOM,CCU,22,11,Thursday,1649,Clear,10,0
QP,CCU,MAA,7,4,Thursday,1036,Clear,0,0
AI,DEL,HYD,23,12,Saturday,752,Clear,3,0
AI,MAA,DEL,20,7,Wednesday,1372,Rain,40,1
QP,HYD,BOM,3,12,Thursday,1059,Cloudy,0,0
UK,DEL,BLR,11,11,Wednesday,1539,Clear,0,0
UK,DEL,BLR,5,8,Tuesday,1038,Cloudy,6,0
AI,CCU,DEL,1,2,Wednesday,1215,Fog,28,1
6E,DEL,HYD,16,11,Monday,448,Clear,6,0
SG,DEL,BLR,5,5,Sunday,931,Clear,0,0
QP,DEL,MAA,13,4,Sunday,411,Rain,18,1
QP,HYD,CCU,16,7,Friday,718,Clear,12,0
UK,CCU,BOM,10,5,Saturday,1655,Fog,25,1
UK,BOM,BLR,1,9,Wednesday,529,Storm,44,1
AI,MAA,CCU,1,4,Thursday,718,Clear,0,0
AI,MAA,BLR,9,11,Sunday,384,Clear,1,0
UK,BOM,BLR,1,2,Monday,947,Storm,38,1
UK,DEL,BOM,20,6,Tuesday,1116,Clear,16,1
AI,BLR,HYD,3,12,Saturday,1686,Clear,0,0
UK,DEL,BOM,0,11,Monday,390,Clear,8,0
SG,DEL,BLR,3,10,Saturday,546,Cloudy,0,0
QP,BLR,CCU,16,8,Wednesday,1048,Cloudy,28,1
QP,MAA,HYD,14,7,Friday,493,Rain,33,1
6E,CCU,BOM,16,3,Sunday,453,Clear,19,1
6E,HYD,MAA,8,4,Friday,1280,Clear,3,0
QP,BOM,MAA,7,7,Monday,1593,Cloudy,5,0
SG,BOM,HYD,16,4,Thursday,479,Clear,33,1
6E,HYD,DEL,2,4,Monday,738,Rain,1,0
SG,BOM,HYD,9,9,Sunday,1646,Clear,16,1
AI,HYD,DEL,2,9,Wednesday,1219,Clear,0,0
UK,MAA,CCU,10,6,Sunday,778,Clear,0,0
6E,CCU,BOM,23,4,Sunday,1686,Rain,13,0
QP,DEL,BLR,20,3,Wednesday,1183,Cloudy,14,0
AI,BOM,CCU,16,4,Wednesday,1740,Rain,24,1
QP,BOM,CCU,15,4,Sunday,1021,Cloudy,12,0
6E,HYD,BOM,9,12,Friday,1764,Fog,27,1
AI,BOM,CCU,16,4,Thursday,964,Clear,14,0
SG,CCU,MAA,20,11,Sunday,1343,Fog,52,1
SG,CCU,HYD,13,7,Tuesday,731,Rain,31,1
AI,BOM,DEL,2,6,Friday,737,Clear,8,0
AI,BLR,MAA,16,4,Wednesday,425,Clear,14,0
AI,BLR,HYD,3,10,Monday,1044,Storm,40,1
UK,DEL,BLR,7,11,Wednesday,885,Clear,0,0
AI,CCU,HYD,4,12,Tuesday,1103,Cloudy,7,0
SG,MAA,BOM,1,10,Sunday,949,Clear,13,0
AI,BOM,HYD,18,2,Tuesday,1302,Clear,12,0
SG,HYD,DEL,15,11,Sunday,632,Clear,7,0
QP,BLR,BOM,9,8,Saturday,1131,Clear,2,0
SG,BOM,BLR,9,7,Wednesday,1642,Cloudy,27,1
QP,BOM,DEL,15,4,Saturday,786,Rain,23,1
QP,DEL,CCU,12,7,Monday,1753,Cloudy,9,0
AI,MAA,CCU,5,10,Tuesday,435,Clear,0,0
6E,HYD,BLR,11,8,Saturday,1647,Clear,0,0
SG,CCU,HYD,18,2,Wednesday,1008,Clear,10,0
6E,DEL,BOM,13,10,Tuesday,1439,Clear,0,0
SG,HYD,BOM,19,10,Monday,1565,Cloudy,32,1
SG,HYD,CCU,12,9,Saturday,1580,Rain,32,1
QP,HYD,BLR,9,3,Thursday,1484,Clear,0,0
6E,CCU,MAA,17,4,Thursday,549,Cloudy,25,1
6E,BLR,DEL,5,6,Wednesday,801,Clear,0,0
AI,DEL,BLR,15,11,Monday,1666,Storm,58,1
6E,DEL,BLR,15,10,Sunday,1924,Clear,1,0
6E,BLR,MAA,6,2,Tuesday,774,Rain,17,1
UK,BOM,BLR,6,1,Wednesday,1210,Cloudy,5,0
UK,DEL,CCU,2,1,Saturday,1052,Fog,27,1
QP,DEL,BLR,3,12,Monday,1551,Cloudy,6,0
SG,BOM,CCU,2,11,Friday,1507,Cloudy,24,1
SG,DEL,BLR,14,3,Thursday,1640,Clear,5,0
AI,BLR,BOM,2,11,Saturday,1404,Clear,0,0
UK,HYD,MAA,12,7,Sunday,1193,Clear,0,0
SG,BOM,MAA,2,4,Monday,1917,Storm,54,1
6E,DEL,CCU,18,9,Wednesday,1891,Cloudy,19,1
UK,HYD,DEL,16,1,Wednesday,1232,Cloudy,0,0
SG,DEL,MAA,7,2,Saturday,939,Clear,0,0
SG,MAA,BOM,17,4,Thursday,1017,Clear,11,0
QP,BLR,HYD,5,8,Wednesday,1423,Clear,11,0
UK,BLR,CCU,15,11,Tuesday,1694,Clear,14,0
6E,BOM,MAA,15,7,Thursday,721,Clear,5,0
6E,BOM,BLR,10,6,Friday,943,Clear,26,1
SG,DEL,BOM,16,8,Thursday,1817,Cloudy,36,1
UK,HYD,BLR,22,1,Friday,755,Clear,0,0
UK,DEL,MAA,9,8,Sunday,1526,Clear,11,0
AI,MAA,CCU,6,10,Sunday,1481,Cloudy,8,0
UK,BOM,DEL,10,6,Thursday,1019,Cloudy,13,0
6E,HYD,MAA,13,8,Sunday,778,Clear,0,0
UK,HYD,DEL,2,4,Wednesday,1302,Fog,29,1
QP,HYD,BLR,23,12,Monday,1717,Clear,0,0
SG,MAA,HYD,11,3,Saturday,479,Cloudy,1,0
UK,HYD,CCU,23,2,Saturday,1733,Rain,14,0
QP,CCU,BOM,23,12,Monday,1285,Clear,6,0
QP,BOM,MAA,1,7,Wednesday,600,Clear,0,0
UK,MAA,BLR,2,5,Tuesday,1602,Clear,0,0
SG,BLR,HYD,4,10,Thursday,1158,Clear,9,0
6E,HYD,BLR,13,4,Wednesday,1155,Clear,0,0
QP,BLR,HYD,8,4,Saturday,910,Rain,36,1
6E,CCU,DEL,0,1,Thursday,1427,Clear,3,0
6E,BOM,MAA,13,7,Sunday,1070,Clear,5,0
AI,HYD,BLR,7,10,Saturday,1427,Clear,0,0
QP,DEL,CCU,20,12,Wednesday,1516,Rain,47,1
6E,HYD,BLR,18,7,Thursday,1878,Clear,8,0
QP,DEL,CCU,20,1,Friday,1605,Cloudy,23,1
AI,BLR,MAA,13,3,Thursday,1885,Clear,3,0
UK,DEL,BOM,16,4,Sunday,1521,Clear,10,0
UK,BOM,MAA,1,11,Monday,709,Rain,33,1
UK,BLR,CCU,18,7,Sunday,514,Cloudy,30,1
AI,BOM,MAA,10,12,Sunday,826,Cloudy,36,1
AI,BLR,HYD,0,11,Wednesday,1239,Fog,38,1
6E,DEL,CCU,1,11,Wednesday,646,Rain,21,1
UK,MAA,DEL,7,4,Monday,1621,Rain,0,0
SG,MAA,BLR,8,7,Monday,993,Clear,16,1
UK,BLR,BOM,5,1,Tuesday,1675,Clear,0,0
6E,DEL,BLR,18,5,Saturday,440,Storm,41,1
6E,DEL,BOM,10,4,Saturday,659,Cloudy,19,1
SG,MAA,HYD,6,2,Sunday,1014,Clear,0,0
UK,CCU,BOM,16,1,Wednesday,897,Clear,0,0
QP,CCU,BOM,10,5,Wednesday,1703,Cloudy,9,0
UK,BLR,BOM,18,1,Saturday,1120,Cloudy,10,0
UK,BLR,DEL,12,8,Thursday,1507,Clear,0,0
AI,DEL,HYD,17,4,Monday,1354,Clear,23,1
AI,DEL,BOM,20,3,Saturday,1214,Clear,22,1
QP,MAA,HYD,1,2,Monday,1331,Rain,5,0
6E,BLR,MAA,2,6,Monday,682,Clear,11,0
UK,BLR,DEL,17,3,Sunday,988,Rain,19,1
UK,BLR,CCU,13,7,Sunday,652,Cloudy,0,0
AI,BOM,BLR,5,12,Friday,1633,Fog,50,1
UK,CCU,DEL,0,9,Wednesday,407,Rain,18,1
6E,MAA,BOM,22,2,Tuesday,1559,Clear,0,0
AI,MAA,BOM,2,2,Thursday,480,Cloudy,8,0
UK,BLR,CCU,11,11,Thursday,1101,Cloudy,0,0
UK,MAA,BLR,5,11,Monday,1430,Clear,0,0
AI,BLR,MAA,9,5,Friday,982,Clear,7,0
UK,HYD,MAA,17,6,Monday,1731,Cloudy,27,1
SG,DEL,BLR,12,5,Thursday,1829,Fog,32,1
6E,MAA,BOM,0,7,Monday,1483,Clear,0,0
QP,DEL,BLR,2,3,Monday,1510,Clear,5,0
SG,MAA,BLR,22,12,Wednesday,1791,Rain,20,1
SG,HYD,BLR,6,5,Friday,1112,Clear,0,0
AI,DEL,BOM,10,3,Sunday,590,Fog,41,1
SG,HYD,CCU,18,4,Monday,1188,Clear,10,0
6E,BOM,HYD,20,11,Thursday,949,Clear,0,0
SG,BLR,MAA,6,4,Saturday,546,Clear,3,0
QP,DEL,HYD,5,10,Wednesday,843,Clear,10,0
6E,MAA,BLR,10,10,Saturday,478,Clear,0,0
6E,HYD,BOM,8,12,Thursday,857,Cloudy,4,0
AI,BLR,CCU,16,2,Monday,1645,Clear,0,0
SG,CCU,DEL,17,5,Tuesday,761,Fog,56,1
SG,HYD,BOM,6,11,Wednesday,1180,Clear,0,0
UK,HYD,MAA,9,2,Friday,1344,Clear,0,0
AI,DEL,HYD,17,1,Tuesday,868,Cloudy,16,1
6E,HYD,BLR,12,1,Thursday,1182,Clear,5,0
UK,MAA,DEL,13,1,Saturday,1127,Cloudy,10,0
QP,CCU,BOM,19,10,Wednesday,1852,Clear,4,0
AI,HYD,BOM,15,5,Tuesday,1702,Rain,10,0
6E,BOM,CCU,15,2,Friday,631,Clear,6,0
SG,MAA,BLR,11,9,Friday,1358,Clear,18,1
6E,DEL,CCU,20,4,Wednesday,1362,Cloudy,15,1
QP,BOM,HYD,0,2,Saturday,1727,Clear,0,0
QP,CCU,HYD,2,12,Saturday,1342,Storm,53,1
6E,MAA,BOM,16,8,Monday,1003,Clear,9,0
SG,CCU,HYD,14,6,Friday,1611,Clear,13,0
SG,BLR,CCU,6,12,Friday,1539,Clear,7,0
SG,MAA,HYD,14,3,Tuesday,1169,Clear,0,0
AI,MAA,HYD,2,8,Tuesday,1348,Rain,21,1
AI,BOM,CCU,14,10,Tuesday,628,Clear,0,0
6E,CCU,BLR,8,1,Wednesday,1734,,0,0
AI,CCU,BLR,14,4,Tuesday,968,Clear,0,0
6E,DEL,BOM,8,2,Friday,916,Rain,29,1
SG,MAA,BOM,17,7,Sunday,669,Clear,17,1
UK,BLR,MAA,2,9,Thursday,740,Clear,0,0
6E,MAA,BLR,20,2,Saturday,953,Clear,0,0
AI,HYD,MAA,11,2,Thursday,742,Clear,0,0
6E,BOM,MAA,5,6,Sunday,791,Clear,15,1
UK,DEL,HYD,23,5,Wednesday,1423,Rain,21,1
SG,HYD,DEL,2,2,Saturday,1517,Clear,1,0
6E,CCU,MAA,12,9,Saturday,968,Clear,8,0
6E,MAA,BOM,1,10,Sunday,1762,Cloudy,0,0
UK,BOM,HYD,21,6,Wednesday,1503,Clear,0,0
AI,CCU,BOM,3,5,Wednesday,767,Clear,0,0
6E,BLR,DEL,6,2,Monday,1510,Cloudy,0,0
AI,HYD,DEL,15,4,Friday,932,Clear,10,0
UK,BOM,BLR,21,7,Thursday,1223,Cloudy,22,1
UK,HYD,CCU,9,12,Wednesday,975,Cloudy,18,1
UK,HYD,BLR,6,3,Tuesday,1940,Clear,0,0
SG,MAA,BLR,8,10,Sunday,633,Cloudy,19,1
6E,BLR,DEL,22,7,Sunday,660,Clear,0,0
QP,HYD,BOM,21,7,Sunday,923,Rain,22,1
QP,HYD,CCU,2,4,Thursday,1815,Clear,0,0
AI,BLR,MAA,21,12,Saturday,1467,Clear,0,0
QP,HYD,BLR,20,1,Saturday,865,Clear,16,1
AI,DEL,BOM,12,3,Saturday,810,Clear,14,0
6E,CCU,BOM,6,4,Wednesday,853,Clear,0,0
UK,DEL,MAA,11,7,Sunday,853,Clear,0,0
AI,CCU,DEL,18,6,Friday,1244,Rain,45,1
6E,MAA,BOM,6,12,Monday,1671,Clear,0,0
AI,CCU,BOM,8,3,Tuesday,1191,Clear,17,1
UK,DEL,CCU,11,7,Thursday,1462,Clear,8,0
QP,BOM,CCU,1,6,Sunday,972,Cloudy,8,0
QP,DEL,BLR,9,4,Saturday,729,Cloudy,4,0
6E,BLR,BOM,3,1,Friday,656,Rain,31,1
UK,CCU,HYD,0,10,Friday,465,Cloudy,7,0
UK,MAA,BOM,9,3,Sunday,925,Cloudy,17,1
UK,MAA,DEL,18,2,Thursday,1725,Clear,0,0
SG,CCU,BOM,23,7,Wednesday,1617,Rain,47,1
QP,DEL,BOM,10,2,Wednesday,1938,Clear,1,0
UK,MAA,DEL,18,8,Thursday,922,Cloudy,15,1
AI,BOM,MAA,5,9,Tuesday,1320,Rain,19,1
QP,MAA,BLR,15,3,Sunday,1337,Clear,0,0
QP,MAA,HYD,15,1,Sunday,668,Clear,0,0
6E,MAA,HYD,7,2,Wednesday,280,Clear,0,0
UK,BLR,MAA,10,1,Saturday,1515,Rain,23,1
QP,HYD,MAA,16,6,Saturday,819,Clear,7,0
UK,BLR,HYD,7,5,Friday,1295,Clear,0,0
UK,HYD,CCU,14,10,Monday,1749,Clear,0,0
QP,BLR,HYD,5,5,Monday,508,Cloudy,0,0
QP,BLR,DEL,12,8,Saturday,727,Cloudy,16,1
UK,BOM,CCU,1,6,Monday,645,Cloudy,1,0
AI,BLR,MAA,10,6,Saturday,1253,Fog,40,1
UK,MAA,BLR,12,9,Thursday,385,Clear,0,0
SG,CCU,BLR,19,7,Saturday,1344,Clear,37,1
6E,DEL,CCU,9,7,Monday,569,Cloudy,17,1
UK,BOM,BLR,0,6,Wednesday,1319,Clear,0,0
SG,HYD,BLR,0,9,Tuesday,1245,Cloudy,11,0
AI,MAA,HYD,12,4,Thursday,1483,Fog,30,1
UK,BOM,DEL,19,1,Monday,1414,Clear,3,0
SG,BOM,BLR,21,6,Tuesday,1106,Clear,10,0
6E,DEL,MAA,19,4,Wednesday,1791,Storm,52,1
UK,DEL,BOM,8,11,Thursday,702,Clear,0,0
SG,DEL,HYD,11,12,Monday,1744,Clear,16,1
AI,MAA,BLR,21,3,Wednesday,1992,Clear,0,0
SG,CCU,BOM,20,6,Saturday,1576,Clear,15,1
6E,BLR,DEL,10,6,Wednesday,1302,Clear,0,0
6E,BOM,DEL,11,3,Friday,359,Clear,21,1
SG,CCU,HYD,1,1,Sunday,1187,Clear,2,0
AI,BOM,HYD,4,12,Thursday,1153,Clear,17,1
AI,DEL,BOM,12,8,Sunday,1081,Cloudy,20,1
UK,DEL,HYD,12,5,Sunday,374,Clear,0,0
QP,BLR,DEL,13,3,Thursday,1739,Rain,18,1
AI,MAA,DEL,7,6,Thursday,1267,Rain,31,1
SG,BLR,CCU,5,4,Wednesday,416,Clear,0,0
AI,BLR,DEL,10,3,Sunday,499,Clear,3,0
UK,BLR,CCU,21,12,Saturday,1490,Cloudy,0,0
UK,CCU,BOM,23,8,Tuesday,1266,Clear,0,0
UK,MAA,BLR,1,4,Friday,760,Clear,0,0
AI,HYD,BOM,8,3,Tuesday,749,Clear,0,0
SG,BLR,MAA,12,10,Sunday,608,Clear,2,0
6E,HYD,DEL,5,8,Wednesday,1470,Clear,0,0
SG,CCU,DEL,8,11,Monday,550,Rain,40,1
SG,HYD,BOM,3,10,Sunday,1409,Cloudy,2,0
UK,MAA,BLR,11,5,Friday,1003,Clear,6,0
6E,DEL,CCU,21,8,Sunday,782,Clear,12,0
SG,CCU,BLR,22,5,Sunday,838,Clear,0,0
QP,CCU,MAA,0,2,Thursday,1872,Clear,0,0
QP,MAA,DEL,15,1,Thursday,1104,Rain,10,0
QP,CCU,BOM,21,1,Saturday,755,Clear,0,0
6E,HYD,MAA,18,12,Wednesday,1802,Cloudy,10,0
UK,BOM,HYD,1,11,Tuesday,548,Clear,0,0
6E,HYD,BLR,9,5,Thursday,974,Clear,0,0
QP,HYD,DEL,18,11,Friday,1294,Cloudy,10,0
QP,DEL,HYD,23,9,Saturday,1230,Cloudy,8,0
QP,BOM,BLR,7,2,Tuesday,1112,Clear,7,0
AI,BOM,CCU,6,3,Thursday,1028,Fog,37,1
6E,HYD,BLR,5,5,Friday,1652,Rain,7,0
SG,DEL,MAA,21,10,Sunday,619,Clear,0,0
SG,MAA,CCU,4,8,Tuesday,1222,Cloudy,6,0
6E,DEL,CCU,8,5,Friday,1410,,24,1
AI,CCU,MAA,3,11,Friday,896,Clear,0,0
AI,MAA,HYD,22,4,Sunday,1468,Clear,0,0
SG,BLR,BOM,1,11,Thursday,1098,Rain,31,1
UK,BLR,DEL,12,9,Tuesday,1090,Clear,0,0
UK,MAA,DEL,3,9,Thursday,1597,Rain,16,1
QP,DEL,BLR,9,2,Saturday,674,Clear,13,0
AI,MAA,HYD,14,2,Tuesday,804,Clear,0,0
SG,HYD,DEL,16,12,Saturday,1775,Clear,9,0
6E,BOM,CCU,13,10,Thursday,530,Clear,2,0
QP,CCU,HYD,10,4,Saturday,569,Cloudy,24,1
QP,HYD,DEL,6,11,Wednesday,1627,Clear,0,0
UK,DEL,HYD,19,4,Saturday,488,Rain,22,1
6E,HYD,CCU,16,5,Tuesday,1722,Cloudy,9,0
6E,BLR,BOM,16,4,Thursday,1609,,2,0
AI,MAA,BOM,18,6,Thursday,1686,Clear,18,1
QP,BLR,BOM,5,10,Tuesday,559,Fog,24,1
AI,CCU,MAA,23,2,Monday,811,Clear,0,0
UK,CCU,DEL,22,12,Sunday,785,Clear,0,0
UK,DEL,BOM,10,4,Wednesday,1646,Clear,0,0
SG,BLR,CCU,4,12,Sunday,795,Fog,44,1
QP,BOM,HYD,8,11,Wednesday,739,Storm,56,1
UK,BLR,CCU,9,7,Friday,1295,Rain,27,1
SG,DEL,BOM,23,2,Thursday,1338,Clear,11,0
UK,HYD,BOM,6,7,Wednesday,1002,Rain,0,0
UK,DEL,HYD,22,10,Thursday,640,Clear,0,0
AI,HYD,BLR,5,12,Tuesday,962,Cloudy,11,0
6E,BLR,HYD,22,2,Monday,865,Fog,20,1
UK,CCU,BOM,22,9,Friday,1214,Clear,12,0
AI,CCU,HYD,14,4,Tuesday,1611,Rain,32,1
6E,HYD,CCU,2,9,Thursday,1068,Clear,0,0
UK,BLR,MAA,14,7,Thursday,548,Rain,22,1
UK,MAA,BOM,21,11,Sunday,616,Clear,0,0
QP,MAA,DEL,22,1,Saturday,790,Clear,0,0
QP,DEL,CCU,10,7,Tuesday,1753,Rain,27,1
SG,BLR,MAA,11,9,Monday,1264,Clear,17,1
AI,CCU,HYD,9,5,Sunday,952,Clear,14,0
UK,BOM,DEL,5,4,Monday,1500,Clear,0,0
SG,DEL,HYD,15,4,Saturday,1902,Rain,24,1
UK,CCU,MAA,23,9,Saturday,1023,Rain,26,1
UK,CCU,HYD,6,3,Sunday,1436,Cloudy,0,0
UK,HYD,DEL,20,12,Wednesday,1555,Clear,0,0
UK,HYD,DEL,2,3,Wednesday,780,Clear,0,0
UK,BLR,HYD,1,5,Tuesday,1909,Clear,0,0
AI,BLR,MAA,21,12,Tuesday,1883,Clear,5,0
UK,CCU,BLR,2,1,Tuesday,1268,Rain,15,1
6E,CCU,MAA,9,5,Tuesday,1809,Clear,0,0
SG,BLR,CCU,21,11,Sunday,1129,Clear,0,0
QP,BOM,CCU,8,4,Thursday,1443,Clear,6,0
UK,BOM,HYD,7,4,Thursday,1345,Fog,20,1
6E,DEL,MAA,0,1,Friday,1312,Clear,8,0
QP,BLR,DEL,16,2,Tuesday,735,Cloudy,10,0
SG,HYD,DEL,7,3,Sunday,1087,Clear,6,0
UK,MAA,CCU,2,11,Wednesday,643,Clear,0,0
AI,MAA,DEL,11,7,Thursday,1086,Cloudy,13,0
AI,BLR,BOM,4,3,Tuesday,586,Clear,10,0
6E,BOM,HYD,20,10,Wednesday,1229,Clear,8,0
6E,CCU,BOM,17,8,Tuesday,1086,Clear,31,1
SG,MAA,DEL,23,4,Thursday,670,Rain,20,1
UK,HYD,BLR,23,4,Sunday,896,Cloudy,0,0
QP,DEL,BLR,20,3,Monday,1712,Rain,49,1
UK,BLR,MAA,12,9,Thursday,343,Clear,8,0
QP,HYD,CCU,4,9,Wednesday,709,Cloudy,0,0
UK,CCU,BOM,1,8,Friday,1029,Clear,0,0
6E,HYD,DEL,2,6,Saturday,1536,Clear,4,0
SG,BLR,CCU,5,7,Sunday,1600,Clear,18,1
UK,BLR,HYD,21,11,Tuesday,1531,Clear,0,0
6E,BLR,BOM,5,7,Tuesday,668,Clear,0,0
UK,DEL,HYD,2,8,Thursday,1096,Fog,32,1
SG,DEL,MAA,22,3,Monday,1742,Fog,36,1
6E,MAA,BLR,10,6,Thursday,1558,Rain,31,1
SG,BLR,MAA,10,1,Tuesday,705,Clear,11,0
QP,CCU,DEL,7,6,Wednesday,1078,Clear,12,0
UK,BLR,BOM,22,10,Friday,1091,Clear,0,0
6E,CCU,BOM,8,9,Tuesday,694,Rain,43,1
UK,BOM,HYD,20,11,Wednesday,1864,Clear,11,0
QP,BOM,DEL,23,5,Friday,1649,Clear,2,0
AI,HYD,CCU,10,10,Thursday,561,Cloudy,7,0
QP,MAA,BOM,16,9,Saturday,801,Clear,18,1
UK,DEL,BOM,0,9,Monday,1283,Cloudy,10,0
QP,HYD,BOM,18,10,Wednesday,1464,Cloudy,15,1
SG,BOM,BLR,23,6,Monday,1511,Cloudy,20,1
SG,MAA,BOM,4,5,Monday,1873,Rain,36,1
QP,HYD,CCU,0,8,Wednesday,1160,Clear,2,0
AI,HYD,MAA,1,5,Tuesday,658,Clear,4,0
UK,BOM,HYD,20,9,Tuesday,591,Clear,28,1
AI,BOM,CCU,5,11,Sunday,561,Clear,13,0
6E,HYD,CCU,9,1,Saturday,1331,Clear,0,0
AI,BLR,CCU,8,8,Thursday,1347,Clear,0,0
SG,MAA,HYD,7,6,Sunday,692,Clear,7,0
SG,DEL,MAA,3,2,Monday,989,Clear,23,1
SG,BOM,HYD,9,3,Sunday,1141,Fog,47,1
AI,DEL,BLR,22,10,Sunday,1008,Clear,0,0
6E,DEL,MAA,8,5,Thursday,665,Fog,31,1
SG,BOM,BLR,19,2,Friday,937,Cloudy,21,1
QP,BLR,MAA,16,9,Wednesday,1605,Clear,13,0
QP,DEL,CCU,19,3,Sunday,1407,Clear,15,1
AI,DEL,CCU,13,5,Thursday,1646,Cloudy,7,0
UK,CCU,BOM,8,3,Tuesday,1820,Cloudy,6,0
AI,HYD,BLR,6,9,Monday,734,Clear,0,0
QP,MAA,BLR,6,12,Friday,1003,Clear,3,0
AI,MAA,HYD,12,12,Sunday,1308,Clear,12,0
QP,DEL,MAA,9,1,Friday,1280,Cloudy,4,0
AI,HYD,BOM,9,12,Friday,1499,Rain,36,1
AI,CCU,BOM,8,8,Saturday,1819,Clear,20,1
QP,BLR,BOM,22,10,Wednesday,1203,Cloudy,6,0
UK,CCU,MAA,15,1,Wednesday,1270,Clear,0,0
UK,CCU,DEL,21,11,Saturday,1858,Clear,0,0
SG,HYD,DEL,22,4,Friday,1202,Rain,32,1
6E,DEL,CCU,14,5,Tuesday,704,Rain,21,1
SG,HYD,DEL,2,11,Monday,1558,Clear,20,1
UK,CCU,HYD,23,9,Saturday,636,Cloudy,0,0
6E,HYD,DEL,11,7,Sunday,1385,Clear,14,0
6E,MAA,CCU,9,9,Wednesday,773,Clear,2,0
AI,HYD,MAA,9,5,Saturday,806,Cloudy,5,0
6E,BLR,CCU,2,12,Sunday,1763,Rain,27,1
UK,CCU,MAA,15,1,Friday,952,Clear,0,0
AI,DEL,CCU,1,7,Sunday,1310,Fog,57,1
AI,BLR,BOM,17,1,Sunday,1109,Fog,39,1
SG,DEL,HYD,20,6,Wednesday,586,Clear,35,1
UK,HYD,BOM,10,7,Sunday,1407,Clear,8,0
AI,CCU,MAA,9,11,Thursday,992,Clear,5,0
SG,CCU,HYD,16,12,Wednesday,1822,Fog,40,1
SG,BOM,MAA,20,9,Tuesday,821,Clear,18,1
AI,MAA,HYD,2,12,Friday,1266,Clear,0,0
6E,CCU,HYD,11,2,Saturday,1770,Rain,26,1
6E,CCU,DEL,7,7,Tuesday,988,Clear,2,0
SG,HYD,CCU,0,8,Thursday,792,Fog,40,1
AI,BOM,HYD,0,1,Sunday,955,Rain,30,1
QP,BLR,HYD,12,8,Sunday,538,Clear,0,0
6E,MAA,HYD,18,1,Thursday,1484,Rain,29,1
AI,HYD,CCU,14,8,Sunday,449,Rain,32,1
QP,BLR,HYD,5,3,Saturday,1557,Cloudy,0,0
AI,BOM,CCU,10,12,Tuesday,1217,Rain,27,1
AI,HYD,BOM,23,4,Thursday,587,Clear,0,0
QP,BLR,BOM,20,8,Monday,740,Rain,28,1
UK,BLR,HYD,2,8,Monday,572,Rain,18,1
UK,CCU,MAA,15,11,Friday,1926,Fog,27,1
SG,DEL,MAA,14,5,Monday,331,Rain,37,1
SG,BOM,MAA,8,5,Wednesday,1754,Fog,48,1
SG,CCU,MAA,8,9,Tuesday,565,Clear,14,0
AI,CCU,BOM,17,1,Tuesday,1131,Clear,12,0
UK,BOM,CCU,22,7,Tuesday,1299,Clear,13,0
6E,CCU,BOM,7,5,Thursday,1377,Clear,0,0
QP,BOM,BLR,22,12,Saturday,1121,Rain,30,1
UK,DEL,HYD,20,7,Thursday,615,Clear,2,0
AI,BOM,CCU,1,10,Saturday,912,Clear,0,0
QP,HYD,DEL,6,10,Thursday,483,Clear,0,0
6E,DEL,HYD,10,2,Friday,1647,Rain,38,1
6E,BOM,CCU,15,8,Wednesday,484,Clear,15,1
QP,MAA,HYD,5,9,Wednesday,1416,Fog,25,1
SG,HYD,CCU,9,6,Tuesday,1270,Clear,16,1
QP,HYD,DEL,2,3,Thursday,959,Clear,0,0
SG,CCU,BOM,2,6,Tuesday,643,Clear,1,0
QP,BOM,MAA,10,1,Friday,1333,Rain,26,1
AI,CCU,BLR,15,12,Saturday,1596,Clear,1,0
UK,BLR,CCU,10,2,Sunday,1264,Clear,0,0
6E,CCU,DEL,9,2,Thursday,1206,Clear,20,1
6E,MAA,BOM,11,2,Sunday,1329,Clear,0,0
6E,BOM,HYD,15,3,Thursday,1669,Clear,0,0
6E,BOM,DEL,17,3,Friday,807,Clear,16,1
UK,HYD,CCU,12,8,Sunday,1485,Clear,0,0
QP,HYD,BLR,2,2,Thursday,1041,Cloudy,4,0
SG,BOM,HYD,0,9,Sunday,1231,Clear,9,0
6E,BOM,CCU,8,5,Friday,1066,Cloudy,4,0
UK,CCU,BLR,4,5,Monday,985,Fog,20,1
UK,MAA,BLR,12,7,Thursday,1319,Cloudy,0,0
6E,BOM,HYD,16,1,Saturday,1725,Rain,27,1
UK,MAA,BOM,6,7,Friday,1031,Clear,0,0
SG,DEL,MAA,11,7,Tuesday,697,Clear,7,0
6E,BLR,BOM,5,9,Wednesday,1094,Clear,0,0
UK,DEL,BOM,11,2,Saturday,750,Clear,0,0
SG,HYD,DEL,9,1,Saturday,1122,Clear,2,0
UK,BOM,DEL,0,1,Tuesday,1358,Clear,2,0
6E,BOM,DEL,15,12,Thursday,1119,Clear,12,0
UK,BOM,MAA,7,5,Tuesday,1836,Cloudy,8,0
SG,BOM,CCU,17,3,Wednesday,657,Clear,20,1
6E,DEL,CCU,16,2,Sunday,610,Clear,22,1
UK,HYD,BOM,4,4,Monday,1483,Clear,0,0
SG,CCU,HYD,21,6,Thursday,1905,Clear,14,0
6E,BOM,DEL,0,12,Thursday,535,Clear,1,0
6E,MAA,DEL,13,10,Wednesday,1097,Cloudy,2,0
QP,HYD,DEL,19,11,Sunday,1280,Cloudy,24,1
6E,BOM,HYD,12,1,Sunday,1308,Clear,6,0
UK,DEL,MAA,13,7,Monday,1668,Clear,0,0
AI,MAA,DEL,11,6,Wednesday,1358,Cloudy,16,1
QP,DEL,MAA,1,3,Tuesday,1628,Clear,0,0
UK,BLR,BOM,16,6,Monday,1293,Clear,15,1
SG,DEL,BOM,22,8,Thursday,727,Clear,10,0
SG,MAA,DEL,19,1,Wednesday,1798,Fog,33,1
6E,CCU,BOM,1,12,Wednesday,1152,Clear,0,0
6E,BOM,BLR,5,9,Friday,997,Clear,24,1
SG,BOM,HYD,19,12,Sunday,1316,Cloudy,22,1
QP,HYD,BOM,17,2,Friday,1429,Clear,17,1
AI,HYD,BLR,8,1,Friday,1481,Clear,12,0
QP,BLR,DEL,5,12,Thursday,1249,Rain,25,1
QP,BLR,CCU,11,12,Wednesday,1546,Fog,18,1
AI,BOM,BLR,0,8,Thursday,1491,Clear,7,0
AI,BOM,MAA,2,3,Tuesday,632,Cloudy,2,0
SG,HYD,MAA,1,4,Thursday,1578,Clear,7,0
QP,MAA,BLR,19,10,Wednesday,1327,Cloudy,25,1
6E,MAA,BOM,1,12,Wednesday,1012,Cloudy,0,0
SG,HYD,BOM,13,9,Sunday,1028,Cloudy,33,1
QP,MAA,DEL,6,5,Monday,435,Clear,0,0
6E,HYD,BOM,18,10,Saturday,1047,Clear,1,0
6E,BLR,HYD,3,4,Tuesday,1612,Cloudy,1,0
QP,BLR,HYD,21,2,Wednesday,1643,Clear,0,0
6E,HYD,MAA,2,5,Saturday,681,Fog,7,0
UK,BOM,CCU,20,6,Sunday,1590,Clear,20,1
UK,MAA,HYD,3,8,Saturday,641,Storm,35,1
UK,BOM,BLR,0,9,Saturday,513,Clear,0,0
6E,DEL,BLR,0,9,Wednesday,1253,Clear,4,0
SG,BLR,CCU,18,3,Wednesday,460,Rain,43,1
SG,DEL,MAA,8,8,Wednesday,703,Clear,19,1
6E,BOM,BLR,10,1,Saturday,1005,Clear,0,0
UK,BLR,MAA,19,12,Friday,1589,Cloudy,14,0
AI,DEL,CCU,6,6,Monday,655,Clear,8,0
6E,BOM,MAA,13,12,Monday,757,Storm,39,1
QP,HYD,CCU,7,11,Monday,1682,Rain,15,1
UK,BLR,HYD,1,3,Thursday,951,Cloudy,0,0
SG,CCU,HYD,23,2,Sunday,700,Clear,0,0
QP,DEL,BOM,8,11,Thursday,1345,Clear,0,0
SG,MAA,HYD,20,6,Tuesday,517,Rain,40,1
SG,HYD,BOM,10,2,Thursday,665,Clear,2,0
SG,HYD,CCU,20,8,Friday,904,Clear,15,1
UK,MAA,BOM,4,12,Monday,1306,Cloudy,0,0
SG,DEL,BOM,12,8,Friday,325,Rain,40,1
6E,MAA,BLR,8,4,Sunday,534,Clear,0,0
QP,BOM,MAA,23,5,Sunday,512,Cloudy,12,0
AI,HYD,CCU,8,4,Tuesday,1416,Storm,47,1
QP,BOM,BLR,18,7,Sunday,1342,Clear,30,1
QP,BLR,BOM,11,6,Monday,1078,Clear,0,0
AI,MAA,DEL,9,5,Thursday,574,Clear,2,0
SG,CCU,HYD,16,3,Wednesday,1599,Clear,33,1
QP,CCU,BLR,15,1,Friday,1389,Rain,26,1
UK,MAA,CCU,11,10,Saturday,551,Clear,0,0
6E,HYD,BLR,1,10,Friday,1406,Cloudy,7,0
QP,HYD,BOM,1,2,Saturday,1810,Cloudy,0,0
UK,CCU,DEL,14,3,Sunday,1274,Clear,13,0
AI,BOM,MAA,1,6,Thursday,963,Clear,20,1
6E,CCU,BLR,14,8,Friday,649,Clear,0,0
SG,HYD,CCU,21,11,Thursday,956,Clear,0,0
UK,HYD,BLR,18,9,Tuesday,980,Clear,19,1
6E,HYD,BLR,16,8,Thursday,587,Clear,14,0
SG,MAA,DEL,6,9,Thursday,1821,Clear,0,0
AI,MAA,DEL,15,8,Monday,698,Cloudy,5,0
6E,DEL,CCU,4,12,Wednesday,666,Clear,0,0
UK,MAA,BLR,21,12,Tuesday,569,Clear,0,0
AI,MAA,HYD,2,6,Friday,1369,Clear,12,0
6E,CCU,BOM,12,1,Wednesday,533,Clear,0,0
QP,CCU,BOM,11,12,Monday,1423,Cloudy,0,0
QP,CCU,MAA,1,4,Thursday,1080,Clear,3,0
QP,DEL,HYD,4,4,Thursday,1068,Cloudy,7,0
6E,HYD,BOM,17,2,Friday,1562,Clear,9,0
AI,CCU,DEL,14,10,Saturday,1692,Clear,6,0
QP,CCU,MAA,3,3,Sunday,637,Rain,24,1
6E,HYD,DEL,3,12,Friday,1339,Clear,0,0
SG,CCU,DEL,15,3,Thursday,620,Clear,9,0
AI,CCU,BOM,15,1,Tuesday,701,Cloudy,15,1
SG,DEL,CCU,9,8,Friday,698,Cloudy,46,1
UK,CCU,HYD,0,3,Wednesday,829,Clear,0,0
QP,HYD,DEL,0,4,Sunday,1115,Rain,28,1
AI,HYD,CCU,3,2,Friday,662,Clear,9,0
UK,BOM,CCU,1,8,Tuesday,832,Rain,29,1
QP,CCU,MAA,13,3,Sunday,1773,Clear,4,0
6E,BOM,DEL,9,9,Thursday,771,Clear,2,0
SG,BLR,DEL,5,4,Friday,422,Clear,3,0
AI,BOM,CCU,14,5,Saturday,999,Cloudy,1,0
SG,CCU,MAA,16,6,Friday,1391,Clear,17,1
6E,BLR,MAA,4,7,Thursday,1325,Cloudy,13,0
UK,DEL,BLR,15,10,Saturday,1240,Cloudy,0,0
QP,DEL,HYD,2,2,Sunday,686,Clear,0,0
SG,CCU,BOM,14,3,Tuesday,1102,Cloudy,12,0
UK,BOM,DEL,9,10,Thursday,1566,Cloudy,13,0
AI,MAA,BOM,2,11,Friday,961,Rain,27,1
6E,DEL,HYD,19,6,Sunday,1211,Clear,15,1
QP,CCU,BLR,4,1,Friday,616,Clear,0,0
6E,HYD,DEL,18,11,Tuesday,1422,Fog,35,1
SG,BOM,BLR,8,8,Saturday,1909,Clear,27,1
UK,CCU,HYD,16,7,Saturday,949,Cloudy,21,1
6E,BOM,CCU,16,5,Saturday,582,Clear,16,1
SG,CCU,HYD,10,9,Tuesday,1015,Rain,37,1
6E,HYD,CCU,16,4,Tuesday,1760,Cloudy,14,0
6E,BLR,CCU,10,5,Monday,2004,,31,1
UK,DEL,HYD,14,10,Wednesday,1211,Cloudy,0,0
SG,BOM,CCU,5,5,Monday,1303,Clear,0,0
QP,DEL,BOM,10,12,Saturday,1406,Clear,1,0
SG,CCU,HYD,3,6,Friday,793,Rain,31,1
SG,DEL,CCU,9,7,Wednesday,799,Cloudy,36,1
SG,DEL,CCU,0,8,Wednesday,1485,Clear,14,0
6E,DEL,BLR,9,9,Thursday,1140,Clear,5,0
6E,CCU,DEL,20,7,Tuesday,1529,Cloudy,21,1
UK,CCU,BLR,8,5,Wednesday,878,Clear,0,0
SG,MAA,DEL,11,10,Friday,1896,Cloudy,9,0
SG,DEL,CCU,20,9,Thursday,1453,Rain,45,1
AI,HYD,CCU,0,1,Thursday,1208,Clear,0,0
SG,CCU,BOM,16,8,Saturday,1523,Clear,26,1
6E,DEL,BLR,12,11,Wednesday,1251,Rain,19,1
QP,MAA,BLR,8,7,Monday,800,Clear,3,0
SG,DEL,HYD,6,12,Thursday,999,,23,1
QP,MAA,DEL,14,5,Tuesday,666,Clear,0,0
SG,HYD,BLR,10,3,Sunday,1361,Clear,6,0
UK,CCU,HYD,9,6,Tuesday,1214,Clear,8,0
AI,BLR,MAA,16,2,Saturday,393,Clear,22,1
6E,MAA,BLR,9,1,Thursday,990,Rain,10,0
QP,CCU,BOM,19,7,Thursday,1671,Cloudy,24,1
6E,BOM,BLR,6,1,Sunday,1438,Clear,0,0
AI,HYD,MAA,16,1,Saturday,1310,Clear,7,0
6E,BLR,CCU,13,6,Tuesday,1024,Cloudy,21,1
UK,BLR,DEL,21,3,Sunday,1393,Clear,0,0
SG,MAA,HYD,9,3,Wednesday,918,Clear,1,0
QP,BOM,BLR,5,7,Wednesday,1496,Cloudy,18,1
QP,DEL,BOM,9,4,Saturday,1665,Clear,0,0
UK,BLR,DEL,15,8,Tuesday,867,Clear,0,0
UK,MAA,HYD,10,6,Wednesday,1458,Clear,5,0
QP,DEL,HYD,21,3,Monday,407,Clear,0,0
AI,BLR,HYD,3,9,Thursday,1400,Clear,5,0
UK,MAA,BLR,7,12,Friday,1156,Clear,0,0
UK,BLR,MAA,23,9,Friday,1838,Clear,0,0
SG,HYD,DEL,19,3,Sunday,1287,Fog,55,1
QP,HYD,DEL,1,7,Friday,422,Clear,0,0
SG,MAA,BLR,22,2,Monday,1591,Cloudy,2,0
SG,CCU,HYD,10,1,Tuesday,813,Clear,11,0
SG,BLR,CCU,15,2,Thursday,1513,Clear,0,0
UK,BLR,CCU,0,10,Thursday,1466,Clear,0,0
6E,BOM,MAA,3,12,Tuesday,1074,Cloudy,10,0
6E,BLR,BOM,16,8,Thursday,359,Clear,5,0
SG,CCU,HYD,6,11,Thursday,1321,Clear,10,0
SG,HYD,DEL,2,5,Thursday,1036,Rain,11,0
6E,MAA,BLR,16,1,Saturday,1242,Clear,19,1
QP,BLR,DEL,5,11,Wednesday,1765,Rain,24,1
QP,MAA,CCU,20,9,Saturday,1222,Clear,19,1
SG,MAA,BLR,4,8,Friday,739,Rain,29,1
6E,HYD,MAA,0,1,Sunday,1491,Cloudy,2,0
QP,CCU,DEL,9,12,Friday,962,Clear,28,1
6E,CCU,MAA,7,1,Thursday,1306,,0,0
UK,DEL,HYD,15,1,Monday,935,Rain,11,0
QP,BOM,DEL,5,1,Friday,1810,Clear,3,0
UK,CCU,BLR,23,12,Thursday,1183,Clear,0,0
6E,BLR,BOM,10,10,Sunday,913,Clear,8,0
AI,BOM,DEL,17,2,Friday,1738,Clear,25,1
6E,MAA,DEL,18,6,Friday,1655,Clear,8,0
SG,HYD,MAA,21,7,Sunday,686,Clear,15,1
SG,DEL,CCU,12,7,Sunday,626,Rain,45,1
6E,DEL,HYD,5,3,Tuesday,1520,Clear,0,0
AI,MAA,HYD,12,1,Tuesday,1560,Cloudy,0,0
SG,MAA,DEL,10,1,Saturday,894,Fog,37,1
AI,BLR,BOM,14,11,Monday,1040,Clear,0,0
AI,CCU,DEL,5,8,Saturday,1457,Rain,30,1
UK,DEL,CCU,12,12,Tuesday,1539,Clear,0,0
UK,CCU,MAA,22,11,Wednesday,1109,Clear,0,0
6E,DEL,CCU,16,3,Saturday,1601,Clear,12,0
6E,HYD,CCU,22,2,Monday,895,Clear,0,0
6E,CCU,BOM,2,8,Monday,1026,Clear,7,0
6E,HYD,DEL,15,3,Saturday,1145,Clear,0,0
AI,MAA,HYD,0,9,Saturday,751,Clear,1,0
AI,BLR,MAA,4,12,Saturday,1623,Fog,42,1
6E,BOM,MAA,19,12,Thursday,1533,Rain,26,1
AI,BOM,BLR,2,4,Saturday,1219,Cloudy,15,1
6E,DEL,CCU,11,6,Friday,683,Clear,17,1
UK,BOM,CCU,1,9,Wednesday,1082,Fog,21,1
AI,BOM,MAA,7,3,Saturday,860,Storm,44,1
SG,MAA,CCU,2,7,Tuesday,650,Rain,36,1
SG,BOM,BLR,10,5,Wednesday,1273,Cloudy,14,0
UK,DEL,MAA,15,7,Saturday,797,Clear,1,0
SG,MAA,CCU,15,8,Tuesday,1450,Rain,19,1
QP,HYD,MAA,22,11,Wednesday,1489,Clear,0,0
AI,BOM,CCU,2,6,Friday,544,Cloudy,30,1
AI,MAA,BLR,9,4,Friday,797,Clear,0,0
6E,BOM,CCU,12,1,Sunday,1160,Clear,0,0
SG,MAA,BOM,2,9,Friday,612,Storm,53,1
QP,DEL,MAA,2,10,Monday,1555,Cloudy,13,0
QP,HYD,BLR,7,5,Sunday,1368,Cloudy,1,0
UK,HYD,DEL,20,11,Tuesday,1098,Clear,0,0
UK,BLR,MAA,14,6,Friday,1095,Clear,5,0
UK,MAA,BLR,13,6,Sunday,944,Clear,7,0
AI,BLR,DEL,13,1,Friday,1319,Rain,29,1
UK,HYD,MAA,19,7,Monday,1322,Clear,13,0
UK,BOM,MAA,13,8,Wednesday,391,Clear,0,0
6E,HYD,BOM,17,6,Monday,815,Clear,5,0
SG,MAA,CCU,7,7,Wednesday,1569,Clear,0,0
QP,CCU,MAA,19,7,Sunday,1711,Clear,13,0
6E,BLR,DEL,0,9,Tuesday,1471,Rain,22,1
QP,BLR,HYD,8,2,Saturday,685,Rain,33,1
AI,BLR,CCU,6,7,Monday,1878,Clear,0,0
QP,CCU,BOM,3,6,Tuesday,1368,Clear,28,1
SG,CCU,MAA,12,5,Friday,839,Storm,49,1
6E,HYD,MAA,21,6,Sunday,1284,Clear,0,0
SG,MAA,DEL,3,9,Friday,1409,Cloudy,14,0
6E,DEL,MAA,21,12,Friday,1447,Clear,2,0
SG,MAA,HYD,20,3,Saturday,1794,Clear,24,1
AI,MAA,HYD,21,1,Monday,1572,Clear,0,0
6E,MAA,HYD,0,5,Sunday,1443,Clear,0,0
6E,HYD,DEL,23,4,Thursday,1112,Clear,3,0
AI,CCU,MAA,10,1,Wednesday,1414,Clear,3,0
6E,HYD,BLR,14,6,Sunday,1896,Clear,0,0
SG,CCU,BLR,7,7,Thursday,1106,Rain,36,1
SG,BOM,MAA,12,11,Friday,1183,Clear,17,1
UK,HYD,MAA,13,9,Wednesday,987,Clear,0,0
AI,BLR,HYD,19,6,Friday,1746,Clear,11,0
6E,CCU,BLR,8,8,Tuesday,1648,Clear,21,1
QP,CCU,HYD,2,4,Wednesday,641,Clear,0,0
6E,CCU,HYD,14,2,Thursday,682,Clear,0,0
AI,BOM,BLR,18,7,Tuesday,1641,Rain,49,1
UK,BLR,BOM,0,6,Sunday,1312,Clear,5,0
AI,DEL,HYD,19,4,Friday,1247,Clear,19,1
6E,CCU,BLR,19,11,Sunday,590,Clear,20,1
QP,BOM,DEL,13,7,Tuesday,1667,Clear,8,0
6E,HYD,CCU,22,7,Wednesday,1504,Cloudy,15,1
SG,BLR,MAA,9,9,Saturday,977,Fog,35,1
UK,CCU,DEL,3,4,Tuesday,1767,Clear,5,0
6E,MAA,BOM,15,7,Tuesday,1348,Clear,0,0
SG,MAA,HYD,14,11,Sunday,1679,Cloudy,25,1
UK,HYD,CCU,21,8,Monday,1251,Cloudy,0,0
6E,DEL,BLR,5,11,Thursday,989,Rain,23,1
6E,CCU,MAA,3,1,Monday,1553,Cloudy,0,0
QP,DEL,HYD,16,9,Wednesday,564,Clear,13,0
AI,BLR,HYD,7,8,Saturday,1342,Rain,25,1
QP,BLR,MAA,4,11,Wednesday,1659,Clear,3,0
UK,BLR,CCU,16,12,Thursday,1615,Clear,6,0
QP,CCU,BOM,4,2,Sunday,966,Fog,40,1
6E,BOM,MAA,19,6,Wednesday,906,Cloudy,28,1
UK,HYD,DEL,7,12,Friday,922,Clear,0,0
SG,BOM,DEL,15,10,Thursday,1204,Clear,19,1
6E,CCU,BOM,13,2,Saturday,1219,Clear,0,0
6E,MAA,BOM,14,7,Friday,1591,Cloudy,3,0
UK,BLR,BOM,7,5,Saturday,1433,Rain,2,0
SG,DEL,CCU,2,9,Sunday,1076,Cloudy,39,1
6E,DEL,CCU,15,7,Sunday,859,Rain,30,1
SG,BOM,DEL,10,4,Wednesday,907,Cloudy,19,1
SG,BLR,DEL,23,6,Tuesday,843,Clear,4,0
AI,CCU,BOM,21,12,Tuesday,1109,Clear,0,0
QP,DEL,MAA,1,5,Saturday,839,Clear,15,1
AI,HYD,BOM,8,3,Sunday,1576,Clear,0,0
SG,BLR,HYD,9,2,Tuesday,1409,Clear,1,0
UK,DEL,BLR,9,2,Thursday,1760,Rain,21,1
SG,HYD,BLR,17,1,Monday,588,Clear,8,0
SG,MAA,HYD,8,1,Friday,817,Clear,5,0
SG,CCU,DEL,3,7,Friday,469,Rain,41,1
SG,HYD,MAA,8,7,Tuesday,845,Cloudy,27,1
QP,BOM,BLR,18,10,Sunday,372,Clear,15,1
SG,CCU,MAA,9,8,Sunday,680,Clear,23,1
QP,BOM,DEL,6,3,Sunday,1371,Rain,20,1
UK,MAA,DEL,18,8,Sunday,663,Clear,15,1
6E,CCU,BLR,1,6,Monday,1305,Clear,0,0
6E,DEL,BLR,10,3,Thursday,558,Cloudy,7,0
SG,CCU,HYD,2,8,Wednesday,1338,Clear,19,1
UK,BOM,CCU,14,8,Monday,1607,Clear,0,0
AI,BLR,MAA,21,6,Sunday,1562,Clear,19,1
6E,BOM,BLR,10,2,Monday,881,Fog,31,1
QP,DEL,MAA,23,1,Friday,859,Fog,30,1
SG,MAA,HYD,20,10,Wednesday,966,Clear,26,1
SG,BLR,BOM,17,2,Friday,1602,Clear,26,1
AI,HYD,DEL,4,4,Thursday,1617,Clear,0,0
AI,BLR,DEL,0,9,Tuesday,1181,Cloudy,21,1
6E,MAA,BOM,2,6,Thursday,1698,Clear,4,0
QP,CCU,MAA,8,10,Friday,803,Cloudy,5,0
UK,HYD,BLR,9,5,Thursday,1444,Fog,21,1
SG,DEL,BLR,5,11,Tuesday,779,Clear,13,0
UK,BOM,BLR,23,5,Tuesday,437,Clear,0,0
UK,BLR,BOM,17,1,Friday,1441,Clear,13,0
SG,DEL,MAA,16,9,Tuesday,1114,Clear,24,1
QP,BOM,DEL,15,8,Friday,1566,Rain,33,1
UK,BOM,HYD,14,12,Sunday,1758,Clear,7,0
UK,CCU,MAA,21,2,Friday,1328,Cloudy,0,0
QP,BLR,CCU,9,7,Tuesday,1676,Clear,2,0
6E,CCU,BLR,3,9,Friday,1191,Clear,12,0
QP,HYD,CCU,7,5,Sunday,801,Clear,0,0
UK,HYD,BOM,5,4,Friday,643,Rain,8,0
QP,CCU,BOM,22,4,Friday,1727,Rain,15,1
UK,MAA,BLR,13,1,Friday,1510,Clear,0,0
SG,BOM,DEL,10,8,Monday,950,Cloudy,21,1
6E,BOM,CCU,0,10,Monday,1412,Clear,0,0
SG,HYD,CCU,17,6,Friday,1603,Clear,12,0
6E,DEL,MAA,15,1,Thursday,369,Clear,0,0
SG,DEL,BOM,19,10,Sunday,1545,Clear,28,1
SG,DEL,BOM,3,11,Thursday,756,Rain,28,1
UK,MAA,BLR,15,8,Saturday,735,Clear,0,0
UK,BLR,DEL,8,2,Friday,1057,Rain,14,0
6E,DEL,BLR,5,5,Wednesday,868,Fog,20,1
SG,MAA,CCU,5,7,Sunday,901,Clear,8,0
UK,HYD,MAA,6,12,Monday,1211,Cloudy,0,0
UK,MAA,DEL,17,6,Friday,1255,Storm,48,1
AI,DEL,BOM,0,1,Thursday,1127,Clear,5,0
AI,CCU,BLR,22,9,Saturday,1227,Clear,9,0
AI,BOM,CCU,23,9,Monday,1649,Clear,3,0
QP,HYD,CCU,23,3,Tuesday,1476,Clear,3,0
QP,HYD,BOM,20,5,Wednesday,990,Fog,28,1
AI,BOM,DEL,7,1,Thursday,1384,Clear,0,0
AI,BLR,MAA,9,2,Sunday,1622,Clear,5,0
SG,DEL,BLR,3,4,Sunday,689,Clear,0,0
UK,BLR,BOM,21,2,Friday,739,Clear,0,0
6E,MAA,BOM,18,4,Monday,1933,Rain,35,1
SG,BOM,MAA,3,8,Saturday,1865,Cloudy,28,1
6E,HYD,BOM,23,5,Saturday,1474,Rain,6,0
AI,CCU,BLR,1,2,Thursday,1532,Clear,6,0
6E,BOM,DEL,18,8,Monday,1686,Rain,35,1
QP,BOM,BLR,3,11,Tuesday,347,Storm,34,1
SG,DEL,CCU,17,8,Saturday,1329,Fog,54,1
AI,HYD,BLR,21,4,Tuesday,554,Storm,36,1
UK,BOM,CCU,22,10,Wednesday,1811,Cloudy,8,0
QP,CCU,DEL,3,5,Saturday,757,Cloudy,0,0
QP,BOM,DEL,3,1,Tuesday,649,Clear,0,0
SG,HYD,BOM,1,8,Thursday,1333,Clear,23,1
AI,BOM,DEL,19,9,Friday,962,Rain,32,1
6E,BOM,CCU,4,3,Thursday,1722,Clear,0,0
6E,BOM,BLR,9,5,Sunday,989,Cloudy,11,0
AI,HYD,DEL,9,1,Tuesday,1420,Cloudy,10,0
AI,DEL,HYD,8,6,Friday,1117,Cloudy,33,1
6E,DEL,CCU,11,6,Wednesday,1254,Clear,6,0
UK,HYD,CCU,8,4,Thursday,1745,Rain,27,1
6E,HYD,DEL,5,7,Monday,1216,Clear,0,0
UK,BOM,MAA,9,9,Friday,735,Rain,39,1
6E,BLR,MAA,19,6,Tuesday,1720,Clear,13,0
AI,BLR,CCU,2,10,Saturday,1772,Rain,28,1
QP,MAA,HYD,23,6,Sunday,1083,Rain,22,1
UK,BLR,MAA,9,5,Wednesday,1009,Storm,31,1
6E,CCU,BLR,6,8,Saturday,1572,Clear,0,0
QP,BOM,CCU,10,3,Thursday,1327,Rain,26,1
QP,BOM,DEL,22,11,Saturday,690,Clear,0,0
QP,BLR,MAA,19,8,Sunday,1046,Clear,22,1
AI,DEL,BLR,19,5,Sunday,545,Clear,25,1
SG,MAA,CCU,5,3,Tuesday,795,Cloudy,14,0
QP,BLR,HYD,21,10,Friday,682,Fog,34,1
QP,BLR,BOM,16,1,Monday,1782,Cloudy,25,1
6E,HYD,BOM,1,1,Wednesday,1673,Clear,0,0
QP,DEL,CCU,10,8,Wednesday,457,Clear,4,0
UK,BLR,HYD,20,6,Thursday,1575,Clear,12,0
UK,CCU,BOM,12,3,Saturday,1698,Clear,0,0
UK,HYD,MAA,14,5,Monday,1718,Rain,8,0
SG,HYD,MAA,8,10,Thursday,1786,Clear,6,0
AI,HYD,DEL,0,6,Saturday,926,Cloudy,0,0
UK,BLR,BOM,21,7,Tuesday,913,Clear,0,0
QP,CCU,DEL,18,2,Saturday,562,Clear,6,0
UK,CCU,BLR,6,9,Monday,1698,Clear,0,0
6E,BLR,DEL,5,2,Thursday,370,Clear,1,0
AI,CCU,HYD,12,3,Sunday,1033,Cloudy,13,0
UK,DEL,CCU,19,4,Wednesday,926,Cloudy,14,0
SG,BOM,HYD,2,6,Friday,903,Rain,46,1
UK,BOM,CCU,15,4,Tuesday,1831,Clear,0,0
QP,MAA,DEL,20,10,Wednesday,961,Clear,12,0
SG,HYD,MAA,11,5,Monday,576,Clear,6,0
UK,BLR,HYD,1,1,Monday,1637,Rain,14,0
AI,BOM,CCU,0,6,Wednesday,1629,Cloudy,20,1
UK,HYD,BOM,3,2,Sunday,942,Fog,22,1
AI,BOM,MAA,21,3,Sunday,768,Clear,0,0
SG,BLR,DEL,10,8,Monday,1365,Cloudy,6,0
AI,BLR,DEL,3,8,Monday,416,Cloudy,0,0
QP,CCU,MAA,21,8,Friday,1365,Clear,15,1
6E,MAA,DEL,19,5,Sunday,668,Clear,3,0
UK,BOM,CCU,3,11,Thursday,729,Clear,0,0
AI,CCU,DEL,16,1,Thursday,576,Clear,14,0
6E,HYD,MAA,7,5,Friday,1363,Clear,5,0
QP,BLR,DEL,1,3,Thursday,1383,Cloudy,8,0
6E,HYD,DEL,1,1,Saturday,921,Clear,0,0
UK,BOM,HYD,13,7,Monday,1783,Cloudy,11,0
QP,DEL,BLR,20,1,Monday,468,Clear,30,1
SG,BLR,MAA,23,8,Monday,1934,Clear,3,0
AI,MAA,HYD,16,11,Tuesday,1619,Cloudy,28,1
6E,BLR,MAA,22,10,Thursday,638,Clear,0,0
6E,BLR,MAA,5,9,Tuesday,1002,Clear,0,0
6E,CCU,BLR,3,3,Friday,1296,Cloudy,11,0
6E,CCU,BLR,2,8,Monday,1202,Clear,0,0
UK,BLR,DEL,4,7,Thursday,1056,Clear,0,0
6E,DEL,MAA,18,6,Tuesday,790,Clear,20,1
6E,MAA,BOM,3,6,Wednesday,894,Clear,1,0
UK,MAA,BLR,10,2,Friday,1440,Cloudy,9,0
6E,CCU,MAA,18,11,Monday,1234,Clear,13,0
6E,CCU,MAA,22,11,Saturday,853,Clear,9,0
UK,HYD,BLR,3,9,Tuesday,732,Cloudy,0,0
QP,DEL,BLR,4,7,Sunday,1438,Fog,44,1
UK,BOM,BLR,1,2,Saturday,859,Clear,0,0
UK,MAA,HYD,2,8,Sunday,974,Cloudy,7,0
QP,HYD,DEL,9,12,Friday,1870,Clear,3,0
SG,BLR,CCU,7,2,Wednesday,1501,Clear,0,0
6E,BLR,CCU,23,5,Tuesday,1734,Rain,14,0
6E,MAA,BOM,10,11,Monday,531,Clear,6,0
UK,BLR,BOM,7,12,Saturday,1498,Clear,6,0
UK,DEL,HYD,11,6,Friday,1325,Clear,0,0
AI,CCU,HYD,17,4,Tuesday,1130,Clear,14,0
AI,BLR,HYD,8,4,Monday,768,,20,1
6E,BOM,DEL,3,6,Saturday,944,Fog,27,1
QP,DEL,MAA,10,4,Monday,918,Clear,8,0
SG,BLR,DEL,14,7,Thursday,1055,Rain,22,1
QP,CCU,BLR,7,1,Wednesday,1564,Clear,0,0
AI,DEL,MAA,13,1,Saturday,589,Clear,0,0
UK,BOM,CCU,7,1,Monday,1215,Clear,0,0
UK,BOM,HYD,21,9,Monday,1875,Rain,20,1
UK,DEL,BLR,21,12,Monday,840,Cloudy,9,0
UK,HYD,MAA,17,2,Saturday,1319,Fog,28,1
6E,BOM,DEL,20,11,Friday,542,Rain,28,1
AI,MAA,BOM,2,2,Saturday,1077,Clear,0,0
QP,BLR,DEL,15,1,Friday,981,Rain,15,1
QP,HYD,CCU,9,4,Tuesday,1425,Clear,0,0
AI,DEL,BLR,18,4,Tuesday,1517,Rain,43,1
UK,BOM,HYD,0,12,Monday,1739,Clear,0,0
UK,BLR,MAA,4,2,Monday,617,Clear,0,0
SG,DEL,CCU,5,12,Saturday,821,Rain,32,1
QP,BLR,CCU,13,11,Thursday,1466,Clear,4,0
UK,BLR,DEL,23,6,Wednesday,1586,Rain,16,1
SG,BLR,CCU,21,9,Tuesday,886,Clear,7,0
QP,HYD,BLR,10,7,Friday,444,Cloudy,11,0
QP,MAA,HYD,0,11,Saturday,681,Cloudy,0,0
6E,MAA,BLR,20,3,Monday,564,Clear,13,0
QP,DEL,BOM,13,12,Sunday,416,Rain,24,1
UK,HYD,MAA,0,6,Tuesday,1655,Clear,0,0
AI,CCU,BLR,15,12,Sunday,1775,Rain,21,1
SG,CCU,MAA,21,12,Saturday,653,Storm,62,1
QP,BOM,BLR,20,11,Sunday,1857,Cloudy,27,1
6E,MAA,BLR,21,10,Tuesday,1549,Fog,24,1
UK,MAA,DEL,23,6,Thursday,1191,Cloudy,0,0
6E,BLR,DEL,15,9,Monday,999,Storm,26,1
AI,CCU,DEL,14,3,Thursday,741,Rain,13,0
QP,HYD,BOM,2,4,Tuesday,943,Cloudy,0,0
AI,MAA,BLR,15,9,Monday,1909,Storm,43,1
UK,MAA,DEL,21,10,Saturday,2008,Clear,0,0
AI,MAA,DEL,19,4,Saturday,1407,Clear,17,1
SG,CCU,BOM,21,12,Wednesday,839,Rain,25,1
QP,CCU,HYD,4,9,Wednesday,963,Cloudy,15,1
SG,BLR,BOM,4,12,Thursday,433,Clear,7,0
SG,HYD,CCU,20,6,Friday,785,Clear,33,1
QP,HYD,DEL,22,8,Friday,641,Cloudy,3,0
QP,CCU,DEL,12,8,Wednesday,1848,Clear,9,0
QP,BLR,HYD,21,2,Wednesday,1784,Clear,0,0
6E,BOM,HYD,16,4,Sunday,1389,Clear,16,1
UK,MAA,DEL,4,12,Monday,1826,Clear,0,0
QP,CCU,DEL,12,9,Wednesday,1201,Rain,19,1
6E,CCU,BLR,9,7,Tuesday,949,Clear,6,0
SG,DEL,BOM,18,1,Tuesday,1074,Rain,43,1
AI,CCU,BOM,8,1,Tuesday,1451,Clear,15,1
QP,MAA,BLR,4,7,Monday,743,Fog,28,1
SG,DEL,CCU,11,1,Sunday,1344,Cloudy,9,0
SG,DEL,BOM,11,2,Sunday,1808,Clear,4,0
QP,BOM,MAA,21,7,Saturday,1837,Clear,0,0
6E,CCU,DEL,0,12,Sunday,1662,Rain,21,1
UK,MAA,HYD,20,11,Saturday,1252,Cloudy,0,0
QP,HYD,CCU,5,6,Monday,1230,Clear,0,0
AI,HYD,BLR,4,12,Saturday,1639,Fog,38,1
QP,BLR,HYD,10,8,Saturday,957,Clear,7,0
6E,CCU,MAA,13,12,Monday,696,Clear,0,0
UK,DEL,HYD,22,3,Sunday,480,Clear,0,0
UK,BOM,MAA,12,7,Saturday,1014,Rain,21,1
SG,BOM,CCU,3,12,Sunday,805,Clear,0,0
QP,CCU,DEL,10,12,Thursday,1503,Rain,27,1
6E,HYD,CCU,22,11,Saturday,709,Clear,0,0
AI,MAA,CCU,17,2,Saturday,529,Clear,19,1
UK,CCU,BOM,5,8,Friday,841,Clear,16,1
SG,BOM,BLR,15,2,Sunday,1049,Rain,27,1
SG,CCU,HYD,17,5,Monday,1186,Clear,5,0
SG,DEL,BLR,6,1,Wednesday,1758,Fog,33,1
6E,MAA,CCU,12,10,Monday,1267,Clear,0,0
QP,MAA,BLR,8,10,Friday,1429,Storm,45,1
AI,MAA,BOM,4,2,Monday,1487,Clear,0,0
AI,DEL,MAA,21,11,Wednesday,589,Clear,11,0
AI,CCU,DEL,7,11,Saturday,760,Clear,0,0
QP,MAA,BLR,7,11,Sunday,1209,Clear,0,0
AI,DEL,BOM,2,6,Tuesday,872,Rain,39,1
SG,HYD,BLR,10,12,Tuesday,1068,Clear,0,0
QP,MAA,BLR,15,12,Monday,523,Rain,26,1
SG,BLR,DEL,23,7,Wednesday,689,Cloudy,15,1
QP,BLR,CCU,18,5,Friday,863,Cloudy,21,1
AI,BOM,BLR,20,10,Sunday,840,Clear,22,1
UK,HYD,BLR,23,1,Wednesday,1183,Storm,32,1
UK,CCU,DEL,16,5,Monday,497,Rain,23,1
SG,HYD,CCU,20,1,Wednesday,1346,Fog,40,1
SG,MAA,CCU,7,10,Thursday,1795,Clear,10,0
UK,MAA,BLR,17,1,Friday,1112,Clear,0,0
6E,MAA,BLR,15,10,Friday,1205,Rain,18,1
AI,BLR,CCU,10,7,Saturday,612,Cloudy,15,1
UK,MAA,CCU,15,6,Friday,711,Clear,2,0
6E,BOM,CCU,17,8,Wednesday,537,Clear,25,1
UK,HYD,MAA,9,1,Monday,1190,Clear,0,0
SG,BOM,CCU,20,10,Sunday,1177,Cloudy,23,1
UK,CCU,MAA,0,4,Monday,595,Clear,0,0
UK,MAA,CCU,7,11,Wednesday,1026,Clear,0,0
AI,HYD,CCU,8,11,Wednesday,1651,Clear,5,0
SG,BLR,DEL,19,7,Sunday,1708,Clear,26,1
UK,HYD,BOM,12,8,Thursday,1389,Clear,0,0
AI,MAA,DEL,22,12,Wednesday,1494,,0,0
6E,BOM,HYD,22,5,Sunday,1370,Cloudy,15,1
SG,MAA,BLR,11,5,Wednesday,1039,Fog,30,1
QP,BOM,DEL,17,12,Saturday,1397,Clear,27,1
UK,DEL,HYD,5,5,Monday,1634,Fog,23,1
QP,MAA,DEL,2,5,Friday,1027,Cloudy,7,0
AI,MAA,BLR,11,1,Saturday,931,Fog,22,1
6E,BLR,CCU,7,4,Tuesday,908,Clear,0,0
QP,HYD,CCU,17,3,Saturday,1692,Cloudy,13,0
AI,MAA,HYD,12,10,Sunday,532,,9,0
SG,MAA,HYD,3,7,Monday,1311,Storm,47,1
6E,CCU,MAA,10,5,Tuesday,714,Clear,0,0
6E,CCU,BOM,9,12,Tuesday,1054,Clear,0,0
UK,BLR,BOM,0,6,Sunday,568,Rain,40,1
6E,BOM,MAA,13,5,Wednesday,1582,Clear,0,0
QP,DEL,MAA,22,9,Sunday,469,Fog,29,1
QP,HYD,DEL,21,4,Wednesday,516,Clear,0,0
UK,HYD,BOM,21,6,Sunday,1410,Clear,0,0
UK,MAA,BOM,21,9,Thursday,924,Clear,0,0
AI,DEL,BOM,22,4,Tuesday,874,Cloudy,12,0
6E,MAA,HYD,2,6,Thursday,1163,Cloudy,0,0
AI,MAA,DEL,10,1,Monday,434,Fog,25,1
QP,MAA,CCU,13,10,Tuesday,910,Cloudy,8,0
6E,HYD,CCU,20,11,Friday,668,Cloudy,20,1
6E,DEL,MAA,8,9,Saturday,1260,Cloudy,21,1
QP,BLR,MAA,17,7,Wednesday,838,Clear,26,1
SG,HYD,CCU,18,11,Saturday,1232,Cloudy,17,1
SG,HYD,BOM,12,11,Wednesday,765,Storm,50,1
AI,HYD,MAA,5,6,Wednesday,579,Storm,42,1
UK,HYD,DEL,1,8,Thursday,807,Clear,5,0
UK,HYD,MAA,10,12,Wednesday,1779,Clear,0,0
6E,BOM,HYD,4,3,Friday,1797,Cloudy,0,0
SG,HYD,BOM,15,10,Sunday,526,Cloudy,0,0
QP,BOM,MAA,5,5,Wednesday,385,Clear,9,0
6E,BLR,CCU,21,2,Thursday,752,Storm,46,1
6E,BLR,DEL,21,6,Wednesday,1100,Clear,0,0
6E,MAA,CCU,20,7,Friday,1767,Clear,11,0
QP,CCU,MAA,15,9,Friday,1593,Rain,14,0
AI,HYD,BLR,2,2,Thursday,677,Cloudy,0,0
QP,DEL,HYD,23,7,Monday,1935,Fog,36,1
SG,MAA,HYD,1,8,Sunday,648,Clear,8,0
UK,BOM,BLR,13,8,Friday,831,Clear,0,0
UK,DEL,HYD,19,10,Saturday,1592,Fog,26,1
QP,BOM,DEL,2,10,Saturday,940,Clear,13,0
SG,CCU,MAA,11,6,Monday,1366,Clear,20,1
6E,BLR,CCU,11,4,Sunday,1107,Cloudy,5,0
AI,BOM,HYD,4,11,Monday,1691,Storm,48,1
SG,DEL,BLR,2,11,Saturday,1293,Storm,50,1
AI,HYD,BOM,21,2,Sunday,1763,Fog,29,1
AI,MAA,BLR,21,6,Thursday,1171,Clear,4,0
QP,BLR,BOM,2,10,Saturday,1103,Rain,6,0
UK,DEL,CCU,6,8,Sunday,865,Clear,3,0
SG,BLR,MAA,9,11,Thursday,1137,Clear,0,0
6E,HYD,CCU,4,3,Thursday,1712,Clear,0,0
AI,DEL,MAA,1,12,Saturday,578,Clear,6,0
AI,BOM,MAA,12,3,Saturday,1138,Clear,0,0
6E,DEL,CCU,10,2,Monday,843,Rain,27,1
AI,BLR,MAA,19,9,Monday,710,Storm,60,1
UK,BOM,MAA,7,12,Friday,1504,Clear,1,0
6E,BOM,DEL,12,5,Friday,1914,Clear,5,0
UK,DEL,HYD,7,2,Saturday,1924,Clear,0,0
UK,MAA,BLR,0,11,Monday,1292,Cloudy,0,0
6E,BLR,BOM,17,2,Tuesday,583,Rain,17,1
UK,CCU,BOM,17,8,Monday,1517,Cloudy,12,0
AI,BLR,CCU,15,2,Tuesday,1485,Clear,6,0
6E,BOM,CCU,0,8,Thursday,1040,Fog,38,1
QP,BOM,BLR,16,2,Wednesday,1648,Clear,10,0
QP,CCU,BLR,14,5,Monday,723,Rain,17,1
UK,HYD,BLR,10,6,Thursday,1256,Clear,0,0
QP,BOM,DEL,14,11,Wednesday,716,Cloudy,0,0
UK,HYD,DEL,2,9,Wednesday,1252,Clear,0,0
AI,HYD,BLR,5,12,Saturday,1508,Clear,0,0
QP,DEL,MAA,3,7,Wednesday,1558,Cloudy,13,0
UK,MAA,DEL,10,4,Thursday,1846,Clear,0,0
SG,DEL,BLR,21,6,Monday,1591,,25,1
SG,BOM,HYD,0,7,Saturday,1771,Cloudy,19,1
6E,MAA,BLR,10,7,Thursday,1664,Clear,14,0
SG,BLR,MAA,6,11,Saturday,1320,Clear,0,0
UK,BOM,BLR,22,11,Wednesday,727,Rain,7,0
6E,DEL,CCU,14,2,Thursday,1427,Clear,0,0
6E,HYD,BLR,5,10,Wednesday,280,Clear,0,0
SG,MAA,BOM,6,4,Sunday,812,Clear,0,0
6E,BOM,HYD,13,8,Monday,1169,Clear,4,0
AI,BLR,HYD,1,12,Tuesday,977,Clear,13,0
QP,BLR,DEL,1,11,Sunday,594,Rain,15,1
6E,CCU,BLR,16,6,Monday,504,Rain,37,1
SG,MAA,HYD,19,1,Tuesday,1769,Clear,15,1
SG,BOM,MAA,17,12,Wednesday,1350,Clear,20,1
QP,HYD,CCU,4,11,Saturday,1110,Storm,43,1
SG,CCU,BOM,20,5,Saturday,1789,Rain,43,1
SG,BLR,DEL,5,2,Sunday,1554,Clear,8,0
QP,DEL,HYD,21,7,Monday,1543,Cloudy,28,1
QP,BOM,DEL,7,10,Tuesday,1022,Fog,18,1
AI,HYD,BLR,11,6,Thursday,918,Fog,23,1
SG,CCU,MAA,22,1,Saturday,991,Clear,3,0
AI,BOM,HYD,9,6,Thursday,809,Cloudy,26,1
QP,DEL,MAA,16,7,Thursday,1658,Cloudy,28,1
AI,BOM,CCU,14,12,Saturday,1075,Cloudy,5,0
6E,BLR,CCU,1,10,Tuesday,1362,Fog,32,1
AI,DEL,MAA,19,9,Saturday,839,Clear,29,1
SG,DEL,MAA,8,5,Friday,944,Clear,12,0
AI,HYD,MAA,11,12,Tuesday,1993,Cloudy,17,1
AI,MAA,BOM,7,3,Thursday,1603,Fog,24,1
UK,BOM,BLR,23,4,Tuesday,1471,Rain,13,0
QP,HYD,BLR,13,11,Wednesday,1416,Clear,0,0
UK,HYD,MAA,15,12,Friday,828,Rain,13,0
UK,MAA,BLR,12,10,Wednesday,592,Clear,0,0
SG,CCU,DEL,7,9,Sunday,1086,Storm,72,1
UK,CCU,MAA,14,12,Monday,1388,Cloudy,0,0
6E,BOM,MAA,19,2,Tuesday,311,Clear,4,0
UK,CCU,HYD,2,9,Sunday,410,Clear,1,0
AI,DEL,CCU,3,5,Saturday,324,Clear,13,0
6E,CCU,MAA,3,8,Thursday,392,Clear,2,0
SG,DEL,CCU,22,3,Tuesday,1116,Clear,13,0
6E,DEL,BOM,13,6,Tuesday,1115,Rain,32,1
AI,DEL,BOM,8,3,Tuesday,1036,Clear,18,1
AI,DEL,BLR,4,8,Sunday,335,Storm,63,1
QP,BLR,MAA,16,12,Wednesday,341,Clear,3,0
6E,HYD,CCU,12,1,Sunday,1216,Cloudy,2,0
AI,MAA,DEL,15,12,Saturday,805,Cloudy,0,0
SG,DEL,CCU,17,8,Wednesday,635,Clear,33,1
UK,BOM,BLR,2,1,Saturday,834,Clear,0,0
UK,DEL,MAA,16,7,Thursday,878,Rain,40,1
QP,DEL,MAA,17,2,Thursday,955,Clear,16,1
6E,MAA,DEL,6,10,Saturday,788,Clear,0,0
UK,HYD,BLR,7,4,Friday,953,Rain,16,1
SG,BOM,DEL,14,1,Tuesday,693,Clear,0,0
SG,BOM,BLR,9,11,Wednesday,1312,Clear,5,0
6E,CCU,MAA,22,7,Sunday,927,Clear,14,0
SG,HYD,MAA,2,8,Tuesday,1488,Cloudy,11,0
SG,BOM,MAA,4,10,Friday,1490,Fog,29,1
AI,CCU,HYD,19,7,Saturday,887,Clear,16,1
AI,BOM,DEL,16,10,Friday,1531,Clear,26,1
SG,BOM,HYD,20,8,Monday,1606,Clear,23,1
AI,MAA,BLR,0,1,Saturday,1052,,34,1
QP,HYD,BLR,3,12,Sunday,1203,Fog,33,1
AI,DEL,BOM,20,12,Friday,1006,Clear,28,1
QP,MAA,BLR,19,4,Saturday,1316,Clear,12,0
SG,BOM,HYD,19,8,Monday,552,Cloudy,22,1
UK,MAA,BLR,21,2,Saturday,984,Cloudy,0,0
6E,BLR,DEL,5,4,Saturday,1149,Cloudy,3,0
6E,MAA,DEL,2,8,Thursday,1831,Clear,0,0
SG,CCU,BLR,7,5,Thursday,1581,Clear,8,0
SG,MAA,HYD,23,12,Saturday,1302,Clear,8,0
6E,CCU,BLR,12,1,Friday,1179,Rain,13,0
UK,HYD,MAA,0,9,Monday,1318,Clear,0,0
QP,DEL,BLR,17,8,Tuesday,663,Clear,21,1
6E,HYD,BOM,20,11,Friday,995,Fog,54,1
SG,BLR,BOM,2,10,Friday,1072,Rain,27,1
AI,MAA,DEL,13,11,Tuesday,1734,Rain,10,0
QP,BOM,DEL,17,10,Monday,1574,Cloudy,25,1
AI,MAA,CCU,22,3,Friday,1505,Cloudy,11,0
6E,BLR,DEL,14,6,Wednesday,508,Clear,3,0
UK,MAA,CCU,8,9,Friday,1794,Clear,21,1
6E,BLR,HYD,21,12,Friday,1481,Cloudy,0,0
AI,BLR,HYD,8,11,Tuesday,635,Clear,10,0
SG,BOM,CCU,15,8,Saturday,1393,Clear,13,0
AI,MAA,DEL,20,2,Tuesday,1305,Cloudy,20,1
QP,DEL,HYD,12,6,Wednesday,659,Clear,2,0
AI,BOM,CCU,17,8,Friday,1169,Cloudy,23,1
6E,BLR,BOM,20,10,Sunday,1449,Clear,23,1
QP,DEL,HYD,14,4,Sunday,874,Rain,40,1
AI,CCU,HYD,10,6,Friday,884,Storm,75,1
AI,BLR,BOM,15,10,Friday,946,Cloudy,4,0
SG,BOM,HYD,9,11,Thursday,1471,Clear,11,0
AI,BOM,HYD,16,3,Thursday,1495,Clear,26,1
QP,BOM,CCU,1,4,Thursday,1563,Rain,21,1
UK,HYD,CCU,1,5,Sunday,889,Clear,0,0
QP,BLR,BOM,11,8,Friday,890,Rain,32,1
6E,BOM,MAA,2,9,Saturday,1379,Clear,0,0
AI,CCU,MAA,17,10,Thursday,1507,Rain,23,1
QP,HYD,DEL,4,7,Saturday,1049,Clear,17,1
SG,BLR,MAA,11,12,Saturday,1373,Cloudy,7,0
QP,HYD,CCU,4,2,Thursday,1134,Clear,0,0
6E,HYD,DEL,22,7,Friday,630,Storm,41,1
UK,DEL,MAA,20,3,Thursday,1706,Cloudy,17,1
UK,MAA,DEL,0,7,Thursday,735,Cloudy,1,0
UK,BOM,BLR,9,11,Tuesday,1689,Clear,0,0
6E,DEL,MAA,22,11,Saturday,1024,Cloudy,0,0
6E,HYD,CCU,11,12,Saturday,1361,Clear,0,0
SG,CCU,MAA,20,6,Sunday,1674,Clear,31,1
AI,MAA,HYD,2,9,Tuesday,627,Clear,3,0
6E,BOM,DEL,10,6,Sunday,527,Clear,0,0
6E,BLR,MAA,20,1,Friday,665,Rain,35,1
AI,HYD,CCU,4,4,Wednesday,1586,Clear,0,0
AI,BOM,CCU,0,9,Sunday,453,Rain,30,1
UK,MAA,HYD,17,1,Thursday,1236,Clear,0,0
AI,BOM,DEL,1,8,Thursday,1119,Clear,10,0
6E,BOM,HYD,7,6,Saturday,683,Cloudy,9,0
UK,DEL,MAA,19,5,Tuesday,667,Storm,46,1
QP,MAA,BOM,21,9,Thursday,1600,Clear,12,0
AI,DEL,BLR,3,3,Monday,1280,Cloudy,11,0
UK,MAA,BOM,11,4,Wednesday,1307,Rain,0,0
AI,CCU,BLR,19,2,Friday,761,Rain,35,1
UK,DEL,MAA,9,2,Sunday,1224,Fog,35,1
UK,DEL,CCU,8,2,Tuesday,512,Clear,4,0
SG,CCU,MAA,13,2,Sunday,1801,Rain,24,1
UK,DEL,MAA,18,8,Monday,1450,Fog,36,1
QP,BLR,CCU,0,4,Monday,1366,Clear,0,0
AI,CCU,MAA,1,5,Wednesday,1534,Cloudy,9,0
AI,DEL,BLR,2,10,Wednesday,1762,Clear,8,0
AI,HYD,MAA,8,7,Friday,984,Clear,8,0
6E,BLR,DEL,6,1,Tuesday,1745,Clear,0,0
AI,BLR,BOM,11,7,Thursday,878,Clear,11,0
AI,CCU,BOM,7,8,Sunday,1527,Cloudy,24,1
6E,HYD,BLR,15,8,Tuesday,566,Rain,14,0
QP,BOM,MAA,7,11,Thursday,1212,Clear,0,0
QP,CCU,DEL,20,8,Friday,392,Clear,19,1
AI,HYD,MAA,7,10,Thursday,1643,Clear,0,0
QP,DEL,MAA,5,7,Wednesday,1351,Rain,27,1
6E,BLR,MAA,20,8,Monday,549,Clear,18,1
UK,BOM,HYD,15,2,Thursday,1162,Rain,9,0
6E,HYD,DEL,1,12,Sunday,771,Clear,7,0
UK,CCU,HYD,3,1,Sunday,1567,Cloudy,0,0
SG,DEL,BOM,1,12,Saturday,797,Cloudy,6,0
SG,MAA,BOM,19,7,Monday,1277,Rain,37,1
UK,CCU,BOM,15,5,Monday,1498,Cloudy,3,0
SG,CCU,HYD,22,6,Thursday,653,Fog,36,1
SG,HYD,CCU,7,1,Wednesday,537,Clear,0,0
AI,BOM,BLR,1,5,Tuesday,1644,Cloudy,15,1
6E,DEL,BLR,11,1,Tuesday,689,Clear,0,0
AI,CCU,HYD,1,6,Tuesday,1551,Storm,46,1
SG,BLR,HYD,3,2,Monday,890,Clear,14,0
UK,BLR,CCU,18,2,Friday,1570,Cloudy,19,1
SG,MAA,DEL,9,9,Wednesday,1424,Fog,46,1
UK,MAA,HYD,21,3,Friday,1786,Clear,0,0
6E,MAA,BOM,12,5,Tuesday,1026,Clear,0,0
AI,CCU,MAA,15,8,Friday,1616,Clear,23,1
QP,CCU,MAA,20,7,Tuesday,1094,Clear,11,0
6E,BOM,DEL,11,7,Sunday,922,Cloudy,18,1
AI,BOM,HYD,7,6,Tuesday,1625,Clear,18,1
6E,BOM,DEL,18,8,Saturday,1580,Clear,7,0
QP,HYD,MAA,19,8,Friday,509,Clear,14,0
6E,HYD,BLR,7,2,Tuesday,1410,Clear,0,0
QP,CCU,BOM,19,12,Monday,1710,Clear,14,0
UK,CCU,MAA,23,10,Friday,1128,Cloudy,0,0
QP,MAA,HYD,4,6,Monday,1141,Clear,0,0
SG,DEL,BLR,20,5,Friday,1028,Fog,43,1
AI,MAA,DEL,2,9,Friday,1771,Clear,8,0
UK,CCU,BOM,21,8,Friday,1505,Clear,0,0
UK,CCU,DEL,21,10,Sunday,1480,Clear,6,0
6E,BLR,HYD,20,6,Thursday,413,Clear,10,0
UK,MAA,CCU,8,6,Thursday,746,Storm,48,1
AI,BLR,DEL,22,6,Sunday,1435,Cloudy,17,1
SG,DEL,HYD,13,4,Sunday,491,Clear,12,0
QP,BLR,MAA,1,10,Thursday,961,Storm,29,1
AI,BOM,CCU,20,10,Wednesday,1732,,28,1
UK,CCU,BLR,21,2,Saturday,1061,Rain,4,0
SG,BOM,MAA,7,2,Thursday,487,Clear,15,1
AI,DEL,CCU,5,1,Thursday,973,Clear,0,0
6E,HYD,DEL,13,4,Saturday,478,Clear,0,0
6E,HYD,BOM,8,2,Saturday,1684,Clear,0,0
AI,HYD,BOM,15,7,Wednesday,1404,Storm,52,1
QP,DEL,BOM,8,12,Wednesday,1718,Clear,0,0
UK,BLR,HYD,5,9,Friday,1189,Clear,0,0
SG,CCU,DEL,5,12,Monday,1675,Cloudy,19,1
UK,DEL,BLR,15,2,Saturday,1464,Cloudy,8,0
QP,MAA,DEL,10,9,Thursday,1547,Clear,4,0
QP,DEL,HYD,0,9,Sunday,899,Clear,8,0
SG,BOM,MAA,12,6,Thursday,1579,Clear,12,0
6E,CCU,BLR,18,9,Wednesday,1946,Clear,18,1
UK,BOM,BLR,3,2,Monday,672,Rain,21,1
QP,HYD,BLR,5,8,Monday,1582,Clear,0,0
UK,BLR,BOM,8,10,Friday,1130,Rain,9,0
UK,HYD,BLR,22,5,Tuesday,899,Clear,0,0
AI,BLR,CCU,8,3,Saturday,741,Fog,27,1
QP,BLR,DEL,20,1,Thursday,724,Fog,47,1
SG,MAA,HYD,16,4,Sunday,723,Cloudy,20,1
6E,HYD,DEL,23,10,Thursday,944,Rain,20,1
UK,HYD,DEL,13,11,Wednesday,1386,Clear,0,0
UK,MAA,BOM,7,8,Monday,971,Clear,0,0
AI,BLR,BOM,17,4,Wednesday,546,Cloudy,26,1
QP,MAA,BOM,2,4,Saturday,650,Clear,0,0
QP,MAA,CCU,18,11,Sunday,1664,Cloudy,18,1
QP,CCU,BOM,5,8,Thursday,1009,Clear,2,0
6E,BLR,MAA,16,10,Sunday,1714,Clear,4,0
6E,HYD,DEL,13,5,Monday,850,Clear,0,0
AI,DEL,CCU,5,11,Monday,822,Fog,28,1
SG,DEL,CCU,11,6,Monday,1104,Cloudy,14,0
6E,DEL,MAA,12,9,Monday,620,Rain,24,1
QP,HYD,BLR,18,11,Monday,663,Rain,22,1
QP,BOM,MAA,11,5,Monday,1502,Rain,19,1
AI,BOM,DEL,1,10,Saturday,707,Clear,1,0
QP,HYD,DEL,1,8,Thursday,1412,Fog,33,1
AI,BLR,HYD,15,6,Saturday,932,Clear,2,0
UK,DEL,BLR,21,10,Saturday,1546,Cloudy,0,0
UK,HYD,BLR,10,6,Friday,841,Rain,28,1
QP,HYD,MAA,2,9,Monday,1423,Rain,17,1
SG,DEL,HYD,4,1,Monday,768,Clear,8,0
QP,BOM,MAA,23,11,Friday,1529,Clear,12,0
UK,BOM,DEL,16,12,Sunday,819,Clear,9,0
QP,MAA,DEL,0,12,Tuesday,1679,Clear,0,0
QP,BOM,DEL,6,11,Friday,1147,Cloudy,9,0
QP,DEL,BOM,17,9,Monday,584,Cloudy,21,1
UK,BOM,BLR,15,9,Tuesday,1579,Clear,0,0
6E,BLR,MAA,6,12,Friday,1955,Clear,0,0
QP,MAA,DEL,16,9,Friday,886,Cloudy,15,1
SG,DEL,CCU,21,4,Friday,1417,Clear,3,0
QP,CCU,BOM,21,2,Thursday,953,Clear,2,0
UK,BOM,MAA,19,12,Tuesday,1220,Rain,29,1
QP,BLR,BOM,8,2,Saturday,719,Clear,3,0
SG,DEL,BOM,0,11,Wednesday,943,Fog,40,1
SG,BOM,HYD,9,12,Friday,1424,Cloudy,9,0
AI,BLR,DEL,0,1,Wednesday,1634,Clear,0,0
UK,HYD,DEL,13,10,Thursday,881,Clear,0,0
SG,MAA,CCU,14,8,Sunday,561,Clear,22,1
SG,HYD,DEL,8,5,Wednesday,1387,Rain,22,1
QP,DEL,HYD,3,7,Sunday,1645,Clear,6,0
6E,BLR,DEL,12,6,Monday,959,Cloudy,0,0
6E,MAA,HYD,0,10,Thursday,556,Rain,8,0
QP,HYD,MAA,6,5,Thursday,786,Clear,0,0
QP,HYD,MAA,23,2,Sunday,1386,Clear,3,0
AI,HYD,MAA,21,5,Tuesday,616,Clear,0,0
6E,HYD,DEL,15,7,Friday,1175,Rain,21,1
QP,CCU,BLR,8,6,Friday,813,Storm,53,1
AI,HYD,BLR,0,7,Monday,645,Storm,36,1
SG,HYD,MAA,15,12,Sunday,538,Clear,0,0
AI,BLR,MAA,11,5,Thursday,699,Cloudy,11,0
AI,BLR,CCU,17,10,Thursday,1440,,22,1
SG,MAA,CCU,3,12,Sunday,931,Fog,35,1
SG,CCU,MAA,19,10,Monday,721,Cloudy,32,1
UK,MAA,HYD,19,7,Friday,760,Clear,9,0
QP,HYD,CCU,10,12,Monday,317,Clear,0,0
6E,MAA,BOM,0,5,Sunday,641,Rain,19,1
UK,DEL,HYD,11,4,Saturday,1572,Cloudy,0,0
SG,BOM,BLR,8,11,Thursday,1086,Clear,17,1
SG,BOM,BLR,18,12,Wednesday,1348,Fog,52,1
6E,HYD,MAA,5,2,Sunday,1390,Cloudy,3,0
SG,MAA,BOM,0,4,Tuesday,461,Clear,0,0
UK,DEL,HYD,23,4,Saturday,1531,Clear,0,0
UK,BOM,HYD,5,10,Wednesday,1015,Clear,5,0
QP,BLR,MAA,1,4,Saturday,939,Cloudy,6,0
6E,CCU,BLR,20,8,Saturday,649,Cloudy,16,1
SG,DEL,BLR,17,12,Sunday,1393,Storm,80,1
QP,CCU,MAA,6,11,Friday,1206,Clear,5,0
SG,BOM,DEL,11,11,Wednesday,1275,Clear,18,1
QP,BOM,DEL,16,7,Sunday,1314,Clear,16,1
UK,HYD,BOM,19,8,Friday,1439,Clear,5,0
6E,MAA,HYD,8,9,Friday,1646,Rain,36,1
QP,CCU,BOM,5,4,Tuesday,1703,Rain,0,0
SG,DEL,CCU,0,7,Thursday,1892,Fog,58,1
6E,DEL,CCU,20,6,Saturday,1737,Cloudy,35,1
6E,BLR,CCU,19,10,Wednesday,1848,Clear,1,0
6E,HYD,CCU,22,7,Friday,1605,Clear,10,0
QP,BOM,DEL,17,6,Tuesday,1099,Cloudy,27,1
AI,HYD,DEL,5,7,Tuesday,1365,Cloudy,8,0
SG,BOM,BLR,5,3,Saturday,1142,Clear,0,0
UK,CCU,DEL,5,4,Wednesday,845,Fog,27,1
AI,BOM,HYD,10,10,Tuesday,400,Fog,41,1
SG,HYD,MAA,23,2,Tuesday,681,Rain,22,1
SG,HYD,CCU,16,9,Monday,1983,Clear,11,0
SG,DEL,BLR,10,11,Thursday,1429,Clear,17,1
UK,HYD,CCU,17,9,Wednesday,1687,Cloudy,21,1
6E,DEL,CCU,20,8,Monday,1416,Clear,31,1
AI,HYD,BLR,9,9,Thursday,694,Clear,7,0
AI,HYD,MAA,20,2,Sunday,1338,Cloudy,16,1
6E,DEL,HYD,0,2,Sunday,1709,Clear,0,0
SG,BOM,HYD,7,12,Friday,1434,Clear,11,0
AI,BOM,DEL,4,6,Friday,806,Clear,19,1
QP,CCU,BOM,4,5,Sunday,1370,Clear,17,1
UK,BOM,CCU,4,2,Saturday,1371,Clear,0,0
6E,CCU,BOM,8,9,Tuesday,836,Rain,39,1
QP,HYD,BLR,17,1,Thursday,1186,Clear,7,0
AI,CCU,MAA,14,3,Wednesday,1715,Clear,7,0
QP,MAA,HYD,10,3,Tuesday,1290,Clear,0,0
6E,BOM,DEL,11,12,Sunday,1815,Clear,4,0
6E,HYD,CCU,4,12,Friday,1439,Clear,0,0
UK,MAA,DEL,17,1,Friday,506,Clear,11,0
QP,DEL,MAA,18,2,Saturday,1130,Rain,52,1
6E,HYD,BOM,13,12,Monday,1305,Fog,20,1
QP,BLR,HYD,19,8,Wednesday,1294,Clear,13,0
6E,DEL,BLR,19,9,Sunday,1678,Clear,52,1
6E,CCU,HYD,19,7,Tuesday,926,Rain,45,1
SG,BOM,BLR,2,3,Tuesday,1420,Cloudy,25,1
SG,CCU,HYD,2,9,Friday,1765,Clear,19,1
6E,BOM,CCU,10,3,Tuesday,1048,Fog,24,1
AI,HYD,MAA,1,1,Saturday,598,Clear,0,0
6E,BLR,MAA,0,11,Saturday,1816,Fog,24,1
UK,CCU,MAA,3,5,Saturday,780,Rain,12,0
AI,CCU,MAA,2,1,Friday,1510,Fog,26,1
AI,MAA,HYD,7,6,Tuesday,1550,Clear,4,0
QP,CCU,HYD,7,2,Friday,1375,Clear,0,0
AI,MAA,DEL,19,6,Tuesday,1523,Clear,7,0
UK,BOM,HYD,21,9,Monday,892,Cloudy,1,0
SG,CCU,BOM,4,5,Sunday,638,Clear,5,0
6E,HYD,DEL,9,1,Tuesday,1662,Clear,0,0
UK,BLR,CCU,12,11,Friday,1096,Clear,0,0
AI,BOM,DEL,6,7,Wednesday,1589,Clear,24,1
SG,MAA,HYD,7,1,Friday,851,,24,1
SG,BOM,CCU,16,7,Wednesday,655,Storm,54,1
QP,HYD,BLR,10,12,Thursday,624,Clear,0,0
QP,DEL,MAA,16,1,Monday,1539,Clear,12,0
6E,HYD,MAA,1,10,Thursday,746,Cloudy,0,0
AI,HYD,BLR,11,5,Friday,1447,Clear,0,0
6E,HYD,CCU,7,9,Friday,723,Clear,0,0
AI,HYD,CCU,6,1,Sunday,669,Clear,0,0
UK,CCU,BLR,11,11,Friday,838,Clear,0,0
AI,CCU,MAA,7,12,Sunday,1618,Clear,4,0
QP,BLR,BOM,18,7,Friday,581,Cloudy,24,1
SG,CCU,DEL,4,3,Saturday,1720,Fog,29,1
6E,CCU,HYD,21,2,Tuesday,1775,Fog,28,1
QP,DEL,HYD,8,9,Tuesday,596,Cloudy,16,1
SG,BLR,HYD,12,10,Friday,963,Clear,10,0
UK,MAA,BOM,4,9,Thursday,1442,Fog,14,0
AI,HYD,BLR,22,6,Thursday,1176,Cloudy,6,0
6E,DEL,MAA,15,10,Sunday,816,Clear,4,0
UK,BLR,CCU,18,9,Thursday,1345,Clear,0,0
SG,BLR,DEL,21,5,Monday,802,Rain,18,1
6E,MAA,BLR,23,10,Thursday,385,Rain,15,1
SG,HYD,BOM,6,3,Tuesday,517,Cloudy,0,0
6E,DEL,HYD,7,10,Monday,1741,Clear,7,0
6E,DEL,BLR,5,7,Tuesday,1202,Clear,4,0
UK,BOM,CCU,12,9,Monday,1560,Cloudy,5,0
AI,DEL,BOM,21,9,Friday,1667,Clear,20,1
UK,CCU,BLR,17,2,Thursday,622,Clear,3,0
6E,BOM,DEL,13,10,Sunday,1266,Clear,1,0
6E,HYD,DEL,11,10,Monday,841,Rain,9,0
SG,DEL,HYD,17,1,Thursday,668,Clear,17,1
6E,BLR,CCU,11,3,Sunday,996,Clear,0,0
SG,CCU,HYD,21,10,Thursday,680,Rain,29,1
SG,HYD,CCU,13,5,Wednesday,1269,Clear,0,0
SG,BOM,DEL,15,2,Friday,699,Clear,16,1
6E,MAA,CCU,16,11,Tuesday,659,Clear,0,0
QP,HYD,CCU,17,7,Saturday,755,Rain,42,1
6E,BOM,MAA,11,5,Friday,1372,Clear,0,0
6E,CCU,DEL,9,7,Wednesday,1376,Clear,13,0
QP,CCU,HYD,9,5,Monday,1637,Clear,1,0
6E,HYD,BLR,22,2,Friday,1892,Cloudy,3,0
SG,DEL,CCU,2,7,Sunday,784,Clear,12,0
AI,BLR,MAA,16,12,Sunday,1587,Clear,10,0
SG,HYD,CCU,23,12,Friday,830,Cloudy,6,0
QP,CCU,HYD,1,8,Sunday,702,Cloudy,19,1
SG,MAA,BLR,14,2,Saturday,1622,Cloudy,12,0
UK,BOM,DEL,14,3,Wednesday,688,Clear,0,0
QP,HYD,BOM,8,4,Saturday,861,Storm,43,1
6E,BOM,CCU,2,1,Monday,1303,Cloudy,19,1
6E,BLR,HYD,16,2,Sunday,1639,Rain,26,1
AI,HYD,CCU,12,10,Sunday,1371,Clear,0,0
SG,HYD,MAA,18,6,Thursday,664,Clear,0,0
SG,BLR,HYD,2,11,Sunday,652,Clear,8,0
SG,BLR,DEL,22,1,Monday,1202,Cloudy,2,0
SG,MAA,CCU,15,2,Monday,1572,Clear,0,0
AI,HYD,BOM,10,9,Wednesday,646,Rain,24,1
SG,DEL,BOM,10,4,Monday,1202,Clear,11,0
SG,MAA,DEL,22,3,Tuesday,1782,Cloudy,8,0
6E,HYD,DEL,13,8,Tuesday,880,Clear,0,0
UK,MAA,BLR,13,11,Thursday,760,Clear,0,0
QP,MAA,CCU,15,6,Friday,1624,Clear,2,0
UK,BOM,CCU,7,10,Tuesday,610,Clear,0,0
SG,CCU,BLR,6,5,Wednesday,1016,,15,1
UK,CCU,BOM,18,11,Saturday,789,Clear,4,0
SG,DEL,BLR,7,6,Tuesday,1476,Clear,1,0
SG,BOM,CCU,0,2,Wednesday,1856,Clear,4,0
SG,BOM,DEL,11,7,Saturday,1758,Clear,6,0
SG,CCU,DEL,0,4,Wednesday,607,Clear,12,0
QP,CCU,DEL,13,3,Tuesday,1717,Rain,15,1
6E,BOM,CCU,15,3,Saturday,1206,Clear,0,0
QP,HYD,DEL,22,5,Sunday,429,Cloudy,2,0
SG,BOM,CCU,14,1,Sunday,689,Clear,12,0
UK,DEL,BOM,8,1,Thursday,474,Clear,0,0
6E,BOM,HYD,15,8,Monday,1068,Clear,4,0
UK,DEL,CCU,14,1,Wednesday,1401,Clear,0,0
SG,CCU,DEL,17,10,Saturday,1103,Clear,4,0
6E,MAA,BOM,22,12,Sunday,511,Clear,0,0
6E,BOM,MAA,2,3,Monday,926,Rain,14,0
QP,HYD,MAA,17,1,Monday,1216,Clear,0,0
UK,BOM,CCU,19,3,Wednesday,1159,Cloudy,26,1
SG,HYD,DEL,7,1,Monday,1596,Clear,0,0
AI,CCU,MAA,9,4,Tuesday,1525,Rain,35,1
AI,CCU,BOM,9,11,Thursday,543,Clear,9,0
QP,MAA,HYD,8,10,Tuesday,1369,Clear,0,0
AI,BOM,CCU,21,12,Friday,568,Clear,0,0
SG,BOM,CCU,7,10,Sunday,487,Fog,29,1
QP,DEL,BOM,10,11,Thursday,1270,Cloudy,20,1
UK,DEL,BLR,14,8,Thursday,1820,Clear,7,0
QP,HYD,BOM,6,2,Sunday,1830,Clear,9,0
UK,HYD,BOM,16,10,Friday,1459,Rain,18,1
QP,CCU,MAA,12,8,Sunday,1195,Rain,48,1
6E,DEL,BOM,4,12,Sunday,1572,Clear,9,0
UK,BOM,DEL,4,9,Monday,1802,,13,0
6E,MAA,DEL,0,7,Sunday,1854,Clear,4,0
SG,MAA,DEL,13,10,Tuesday,1578,Clear,0,0
AI,BLR,HYD,19,8,Tuesday,616,Clear,11,0
QP,DEL,CCU,23,2,Thursday,788,Clear,9,0
AI,BLR,BOM,15,8,Saturday,954,Clear,4,0
6E,BOM,BLR,23,5,Sunday,634,Cloudy,6,0
UK,HYD,MAA,23,2,Thursday,1837,Clear,0,0
AI,CCU,HYD,14,4,Tuesday,1226,Clear,7,0
UK,BOM,BLR,9,11,Wednesday,978,Fog,26,1
QP,DEL,HYD,21,8,Wednesday,991,Clear,8,0
QP,MAA,DEL,15,1,Wednesday,1482,Clear,0,0
AI,DEL,BOM,19,5,Tuesday,604,Clear,16,1
UK,CCU,DEL,5,9,Friday,1274,Clear,11,0
UK,MAA,BLR,22,7,Sunday,1027,Clear,1,0
AI,BLR,HYD,10,10,Friday,596,Clear,5,0
SG,BLR,MAA,20,8,Tuesday,1098,Clear,31,1
UK,BLR,CCU,9,1,Friday,687,Clear,0,0
SG,BLR,BOM,21,11,Thursday,1736,Rain,24,1
6E,CCU,HYD,16,7,Wednesday,753,Clear,12,0
6E,MAA,CCU,5,12,Monday,1869,Clear,0,0
SG,BOM,DEL,3,3,Saturday,1215,Rain,25,1
SG,BOM,MAA,3,9,Friday,1529,Clear,24,1
AI,HYD,DEL,8,1,Tuesday,449,Clear,1,0
6E,HYD,BLR,1,2,Wednesday,640,Clear,2,0
UK,MAA,HYD,13,11,Thursday,322,Clear,0,0
QP,BOM,BLR,15,11,Thursday,1146,Rain,17,1
6E,BLR,HYD,17,12,Friday,906,Rain,22,1
6E,DEL,HYD,22,3,Monday,662,Rain,9,0
QP,BLR,HYD,19,11,Thursday,881,Clear,3,0
SG,MAA,BLR,23,1,Monday,1209,Clear,0,0
QP,BOM,CCU,14,5,Tuesday,1246,Clear,0,0
SG,BOM,DEL,20,6,Monday,1327,Clear,27,1
QP,BLR,MAA,18,10,Friday,1629,Storm,50,1
AI,CCU,DEL,19,9,Saturday,993,Clear,33,1
6E,HYD,BLR,9,5,Sunday,1672,Clear,0,0
6E,CCU,BLR,12,2,Saturday,933,Clear,0,0
AI,DEL,MAA,21,5,Saturday,1251,Rain,19,1
SG,CCU,BLR,10,4,Monday,1869,Cloudy,15,1
SG,DEL,BOM,14,9,Monday,423,Clear,15,1
AI,BOM,CCU,15,1,Wednesday,504,Cloudy,12,0
AI,BLR,MAA,4,5,Wednesday,1293,Clear,6,0
AI,BOM,DEL,0,8,Thursday,1484,Cloudy,8,0
UK,CCU,DEL,16,8,Friday,595,Clear,34,1
UK,CCU,BLR,19,9,Monday,1256,Clear,23,1
6E,HYD,BOM,13,4,Monday,461,Clear,0,0
QP,BLR,HYD,15,7,Saturday,1291,Clear,6,0
6E,MAA,HYD,1,2,Friday,615,Cloudy,2,0
UK,MAA,HYD,4,6,Wednesday,837,Fog,15,1
UK,BLR,DEL,17,12,Saturday,1838,Clear,0,0
6E,MAA,BOM,15,11,Friday,1765,Clear,0,0
QP,BOM,BLR,4,8,Saturday,930,Clear,0,0
QP,BOM,DEL,14,6,Friday,1100,Clear,23,1
AI,DEL,HYD,0,11,Thursday,1780,Cloudy,8,0
UK,DEL,HYD,18,6,Sunday,1333,Cloudy,33,1
AI,BOM,DEL,0,10,Sunday,1382,Clear,5,0
UK,HYD,CCU,20,7,Saturday,1478,Fog,34,1
SG,CCU,HYD,5,1,Friday,1071,Clear,6,0
UK,HYD,CCU,6,9,Monday,481,Rain,9,0
6E,BLR,MAA,22,11,Sunday,418,Rain,31,1
6E,BOM,DEL,19,10,Tuesday,1169,Clear,11,0
6E,DEL,BOM,8,8,Monday,1230,Clear,21,1
6E,HYD,CCU,4,1,Thursday,1465,Storm,35,1
6E,DEL,HYD,2,1,Monday,450,Clear,7,0
SG,MAA,DEL,9,11,Monday,1096,Cloudy,13,0
AI,BLR,DEL,13,6,Thursday,989,Clear,4,0
AI,BLR,HYD,11,6,Wednesday,1512,Rain,17,1
UK,DEL,HYD,21,8,Monday,1268,Clear,7,0
SG,BOM,CCU,19,11,Sunday,818,Cloudy,41,1
6E,DEL,BOM,6,6,Tuesday,1439,Clear,13,0
6E,MAA,HYD,21,7,Tuesday,1656,Clear,0,0
SG,BLR,MAA,11,7,Saturday,1125,Rain,37,1
6E,MAA,DEL,0,6,Friday,1448,Cloudy,1,0
SG,HYD,DEL,20,8,Wednesday,1097,Rain,33,1
AI,CCU,BOM,17,3,Tuesday,1540,Clear,9,0
AI,MAA,HYD,8,5,Sunday,1470,Clear,2,0
UK,DEL,BOM,21,6,Monday,1237,Rain,27,1
6E,DEL,BLR,21,7,Friday,1164,Cloudy,22,1
SG,CCU,HYD,22,6,Monday,1347,Cloudy,15,1
UK,BOM,MAA,21,6,Monday,1336,Clear,12,0
6E,MAA,HYD,6,11,Monday,1509,Cloudy,0,0
AI,HYD,BOM,13,10,Thursday,1412,Cloudy,12,0
AI,MAA,BLR,4,11,Wednesday,1020,Clear,0,0
SG,BOM,CCU,16,8,Friday,515,Clear,29,1
6E,BOM,MAA,11,6,Sunday,1853,Clear,10,0
UK,HYD,BOM,21,6,Monday,772,Fog,28,1
QP,DEL,BLR,21,11,Friday,1633,Rain,26,1
QP,BOM,CCU,7,8,Sunday,810,Clear,0,0
6E,HYD,DEL,7,11,Monday,780,Rain,17,1
AI,BOM,MAA,0,11,Wednesday,474,Clear,2,0
SG,BOM,DEL,12,12,Monday,1007,Fog,48,1
SG,CCU,HYD,9,7,Monday,793,Clear,7,0
6E,BOM,BLR,23,5,Sunday,1771,Clear,0,0
UK,CCU,DEL,19,11,Tuesday,1021,Rain,14,0
AI,CCU,MAA,10,3,Tuesday,752,Fog,36,1
SG,MAA,HYD,13,4,Sunday,992,Clear,4,0
SG,DEL,BOM,15,12,Tuesday,547,Clear,16,1
6E,BOM,CCU,21,9,Tuesday,863,Rain,29,1
UK,CCU,MAA,23,8,Saturday,526,Clear,0,0
6E,DEL,HYD,10,7,Saturday,392,Rain,32,1
AI,HYD,MAA,8,6,Thursday,1522,Rain,39,1
AI,HYD,DEL,17,11,Saturday,1440,Clear,0,0
QP,CCU,BLR,6,5,Tuesday,796,Clear,1,0
UK,CCU,BLR,3,6,Saturday,905,Clear,0,0
AI,BOM,DEL,6,2,Friday,606,Storm,46,1
AI,HYD,DEL,7,2,Thursday,795,Rain,17,1
6E,HYD,CCU,14,3,Wednesday,810,Clear,0,0
QP,CCU,HYD,17,4,Monday,1659,Rain,22,1
6E,HYD,CCU,3,4,Friday,1259,Rain,21,1
QP,DEL,CCU,1,9,Saturday,630,Fog,33,1
UK,CCU,HYD,3,7,Monday,1055,Clear,0,0
SG,HYD,BOM,21,1,Tuesday,703,Rain,22,1
SG,BOM,MAA,6,7,Sunday,781,Clear,7,0
AI,BOM,HYD,12,1,Sunday,1270,Clear,2,0
AI,BOM,BLR,12,7,Friday,1142,Cloudy,14,0
QP,MAA,CCU,6,1,Thursday,526,Clear,0,0
QP,CCU,MAA,20,1,Monday,1478,Clear,10,0
AI,BLR,BOM,1,10,Sunday,1034,Clear,1,0
SG,DEL,HYD,12,1,Thursday,997,Clear,10,0
QP,CCU,MAA,9,12,Monday,446,Clear,5,0
QP,HYD,MAA,18,6,Wednesday,1242,Fog,29,1
6E,HYD,BOM,4,10,Saturday,894,Clear,0,0
QP,DEL,CCU,22,3,Sunday,1473,Clear,1,0
SG,CCU,DEL,19,6,Friday,852,Rain,51,1
QP,DEL,HYD,17,11,Monday,1506,Rain,33,1
AI,HYD,DEL,11,1,Tuesday,1391,Clear,0,0
SG,HYD,DEL,15,6,Wednesday,784,Cloudy,22,1
AI,HYD,MAA,4,2,Saturday,401,Rain,21,1
6E,HYD,BOM,0,5,Saturday,994,Rain,17,1
AI,BLR,CCU,17,12,Saturday,911,Clear,14,0
UK,HYD,CCU,10,7,Tuesday,1602,Cloudy,0,0
QP,BLR,HYD,8,5,Wednesday,573,Cloudy,13,0
SG,BLR,HYD,6,8,Wednesday,570,Clear,27,1
6E,MAA,DEL,14,4,Saturday,1142,Cloudy,2,0
UK,MAA,CCU,12,1,Saturday,1635,Clear,0,0
6E,DEL,MAA,16,7,Monday,946,Clear,6,0
SG,CCU,BLR,22,9,Friday,1222,Clear,9,0
6E,DEL,CCU,20,3,Wednesday,1779,Clear,17,1
AI,BOM,HYD,7,2,Wednesday,1342,Clear,8,0
UK,BLR,CCU,5,8,Thursday,1672,Fog,18,1
QP,BOM,CCU,3,5,Thursday,959,Clear,3,0
UK,BLR,DEL,13,12,Sunday,731,Clear,0,0
6E,BOM,MAA,19,5,Thursday,1295,Rain,39,1
AI,BLR,DEL,6,5,Saturday,971,Cloudy,10,0
QP,MAA,BLR,23,7,Sunday,853,Cloudy,19,1
SG,MAA,BLR,10,12,Sunday,1260,Rain,28,1
AI,BLR,DEL,18,9,Friday,1363,Cloudy,36,1
AI,BOM,DEL,7,8,Sunday,1613,Cloudy,23,1
AI,MAA,CCU,3,10,Friday,550,Clear,3,0
6E,DEL,HYD,12,10,Wednesday,1713,Cloudy,6,0
QP,BLR,MAA,13,7,Saturday,650,Rain,18,1
AI,BOM,HYD,11,4,Sunday,1362,Clear,10,0
QP,HYD,BLR,9,2,Wednesday,514,Clear,1,0
AI,DEL,MAA,15,7,Sunday,1163,Clear,7,0
SG,MAA,HYD,15,9,Thursday,1741,Clear,12,0
6E,BOM,MAA,3,5,Tuesday,675,Clear,0,0
QP,HYD,BOM,16,6,Friday,1781,Cloudy,20,1
UK,HYD,BLR,7,6,Tuesday,766,Rain,16,1
6E,BLR,HYD,19,8,Wednesday,1016,Clear,8,0
6E,BLR,CCU,11,10,Thursday,675,Clear,0,0
QP,BOM,DEL,5,6,Thursday,446,Clear,0,0
UK,MAA,DEL,4,7,Monday,930,Cloudy,10,0
6E,HYD,BOM,23,5,Tuesday,1833,Clear,1,0
SG,BOM,DEL,17,4,Monday,1532,Fog,55,1
UK,BOM,CCU,5,9,Friday,737,Clear,18,1
SG,BLR,BOM,12,8,Sunday,1183,Rain,46,1
UK,CCU,BLR,2,7,Friday,681,Clear,8,0
AI,CCU,BOM,20,4,Thursday,1711,Rain,49,1
AI,BLR,MAA,19,11,Saturday,707,Clear,10,0
AI,BLR,HYD,19,10,Monday,1537,Rain,30,1
UK,DEL,BLR,11,9,Monday,665,Fog,36,1
UK,HYD,MAA,3,10,Sunday,624,Fog,17,1
SG,BOM,DEL,11,6,Sunday,1739,Rain,47,1
QP,MAA,CCU,12,8,Thursday,636,Clear,0,0
AI,HYD,BLR,7,3,Monday,1351,Clear,0,0
QP,BOM,BLR,9,10,Tuesday,1258,,24,1
QP,CCU,DEL,1,1,Saturday,799,Rain,11,0
SG,MAA,DEL,12,7,Tuesday,1531,Clear,10,0
UK,BOM,MAA,4,3,Friday,1567,Clear,0,0
AI,DEL,CCU,20,8,Saturday,1248,Clear,17,1
AI,BOM,CCU,18,4,Wednesday,1609,Clear,11,0
AI,BLR,BOM,14,12,Thursday,742,Clear,0,0
SG,BLR,MAA,5,2,Sunday,813,Rain,28,1
UK,MAA,DEL,16,10,Sunday,1161,Clear,19,1
AI,CCU,MAA,23,9,Thursday,635,Clear,13,0
AI,MAA,HYD,15,12,Tuesday,650,Clear,0,0
AI,CCU,MAA,18,4,Monday,545,Clear,13,0
SG,DEL,CCU,21,9,Tuesday,487,Rain,31,1
SG,DEL,MAA,20,1,Thursday,945,Clear,26,1
SG,CCU,BLR,3,9,Sunday,758,Fog,47,1
AI,HYD,BLR,20,6,Thursday,545,Clear,11,0
AI,BOM,HYD,18,9,Sunday,1491,Rain,52,1
AI,MAA,CCU,17,10,Saturday,1060,Clear,13,0
SG,BOM,HYD,5,6,Monday,877,Cloudy,20,1
SG,MAA,BLR,11,5,Wednesday,705,Rain,24,1
6E,CCU,BLR,21,9,Friday,1111,Clear,10,0
AI,BLR,DEL,22,11,Monday,1477,Cloudy,22,1
6E,HYD,MAA,2,5,Monday,491,Rain,20,1
QP,MAA,HYD,10,11,Wednesday,886,Clear,0,0
AI,CCU,HYD,14,6,Sunday,1175,Clear,14,0
SG,HYD,MAA,2,11,Friday,1339,Clear,19,1
UK,BOM,DEL,5,8,Thursday,1523,Rain,25,1
AI,BOM,HYD,14,9,Thursday,1247,Clear,24,1
QP,BLR,CCU,15,9,Thursday,1404,Cloudy,30,1
UK,DEL,CCU,2,10,Saturday,1690,Fog,17,1
SG,MAA,CCU,10,11,Wednesday,1229,Cloudy,13,0
AI,BLR,DEL,15,5,Tuesday,1167,Clear,0,0
6E,MAA,HYD,23,9,Tuesday,1430,Clear,0,0
SG,DEL,MAA,23,9,Thursday,1007,Clear,24,1
SG,BOM,DEL,7,8,Tuesday,1598,Clear,16,1
AI,BLR,CCU,16,3,Sunday,853,Clear,3,0
SG,DEL,MAA,13,6,Friday,1462,Clear,21,1
QP,MAA,BOM,5,3,Wednesday,587,Fog,16,1
SG,HYD,CCU,12,2,Tuesday,1511,Rain,21,1
6E,CCU,DEL,3,12,Thursday,746,Clear,0,0
QP,MAA,CCU,2,9,Sunday,1098,Clear,3,0
SG,DEL,MAA,8,7,Sunday,812,Cloudy,37,1
AI,CCU,MAA,6,6,Thursday,551,Clear,4,0
AI,DEL,MAA,3,1,Tuesday,1339,Clear,0,0
QP,CCU,HYD,1,5,Monday,1417,Fog,27,1
6E,MAA,CCU,13,3,Friday,1507,Rain,16,1
AI,MAA,DEL,0,7,Friday,1373,Rain,42,1
UK,BLR,HYD,18,6,Wednesday,1145,Rain,34,1
UK,DEL,BLR,1,12,Sunday,1920,Cloudy,4,0
UK,DEL,BLR,15,11,Monday,1520,Rain,8,0
SG,DEL,BOM,3,8,Wednesday,532,Clear,13,0
QP,MAA,HYD,14,11,Saturday,852,Clear,8,0
SG,HYD,CCU,3,4,Tuesday,1415,Clear,2,0
AI,BOM,BLR,10,2,Tuesday,1307,Cloudy,21,1
AI,DEL,MAA,15,7,Saturday,1645,Clear,0,0
AI,DEL,BOM,4,1,Sunday,1318,Rain,37,1
6E,BOM,MAA,3,12,Tuesday,1049,Clear,0,0
6E,MAA,DEL,15,2,Wednesday,648,Storm,33,1
QP,CCU,BOM,15,11,Sunday,1726,Clear,4,0
6E,HYD,BLR,10,9,Tuesday,1158,Clear,4,0
AI,CCU,HYD,2,3,Monday,1500,Clear,0,0
QP,BLR,MAA,7,7,Tuesday,1923,Clear,0,0
6E,BOM,DEL,5,7,Thursday,1397,Clear,0,0
QP,MAA,CCU,15,9,Saturday,566,Clear,0,0
SG,DEL,HYD,7,6,Thursday,1049,Rain,44,1
QP,CCU,BLR,9,8,Wednesday,988,Clear,6,0
QP,MAA,HYD,6,5,Saturday,1274,Fog,29,1
AI,DEL,BOM,4,2,Tuesday,956,Clear,0,0
SG,BOM,HYD,19,9,Wednesday,561,Clear,15,1
UK,HYD,MAA,11,4,Tuesday,1565,Fog,12,0
SG,MAA,CCU,13,4,Monday,1482,Cloudy,14,0
SG,BOM,HYD,6,4,Friday,510,Clear,0,0
UK,MAA,BLR,2,7,Sunday,688,Clear,10,0
6E,BLR,BOM,17,9,Tuesday,1092,Clear,29,1
QP,MAA,BOM,17,10,Monday,1558,Cloudy,20,1
SG,BLR,HYD,1,8,Sunday,901,Cloudy,15,1
QP,BLR,DEL,21,5,Monday,1281,Rain,15,1
6E,BLR,DEL,20,12,Monday,986,Clear,0,0
QP,DEL,HYD,20,6,Saturday,1071,Clear,16,1
6E,BOM,CCU,11,2,Tuesday,1158,Clear,0,0
UK,BOM,CCU,16,10,Sunday,922,Fog,25,1
QP,MAA,BOM,0,12,Thursday,925,Storm,39,1
6E,BLR,DEL,14,4,Friday,750,Clear,0,0
6E,BLR,CCU,3,3,Tuesday,1245,Clear,0,0
QP,CCU,DEL,21,5,Tuesday,1624,Rain,15,1
QP,CCU,BOM,22,5,Saturday,855,Clear,0,0
6E,BOM,HYD,3,3,Thursday,738,Fog,34,1
6E,BLR,MAA,12,1,Sunday,1848,Rain,12,0
6E,BLR,MAA,14,3,Sunday,819,Cloudy,12,0
AI,CCU,BOM,18,4,Friday,918,Cloudy,16,1
UK,MAA,HYD,11,3,Saturday,1215,Clear,0,0
6E,HYD,BOM,21,3,Saturday,570,Clear,0,0
QP,BOM,MAA,8,12,Friday,1038,Rain,19,1
AI,BLR,CCU,7,3,Saturday,759,Clear,0,0
SG,DEL,MAA,17,10,Monday,872,Clear,12,0
UK,MAA,DEL,13,7,Tuesday,1503,Rain,13,0
SG,CCU,BOM,1,6,Thursday,1619,Clear,7,0
AI,MAA,DEL,15,10,Monday,680,Cloudy,0,0
UK,BOM,DEL,6,1,Thursday,897,Cloudy,4,0
SG,BLR,CCU,20,9,Friday,982,Clear,28,1
6E,CCU,HYD,20,5,Wednesday,1044,Clear,14,0
QP,BLR,MAA,10,10,Sunday,1684,Clear,4,0
UK,CCU,HYD,20,12,Sunday,1534,Clear,8,0
6E,HYD,MAA,22,9,Saturday,460,Clear,2,0
AI,BLR,MAA,17,2,Friday,1401,Rain,40,1
AI,HYD,DEL,14,12,Friday,1999,Fog,37,1
UK,BOM,DEL,22,10,Friday,694,Clear,2,0
UK,BLR,MAA,20,1,Monday,1025,Cloudy,9,0
QP,BOM,BLR,11,3,Sunday,797,Clear,4,0
SG,MAA,CCU,2,12,Saturday,741,Clear,0,0
AI,HYD,BOM,14,11,Wednesday,976,Fog,25,1
UK,BLR,BOM,11,5,Friday,1605,Clear,0,0
UK,MAA,HYD,8,12,Wednesday,510,Storm,37,1
AI,BLR,BOM,4,6,Sunday,1109,Clear,11,0
SG,CCU,HYD,17,11,Thursday,1678,Cloudy,20,1
UK,HYD,DEL,21,7,Friday,801,Fog,28,1
AI,CCU,HYD,14,8,Tuesday,1568,Cloudy,25,1
UK,CCU,HYD,5,1,Monday,1435,Rain,13,0
SG,BOM,CCU,0,12,Sunday,721,Clear,10,0
6E,BOM,CCU,17,3,Friday,1406,Cloudy,23,1
6E,CCU,DEL,3,3,Friday,640,Clear,0,0
AI,BOM,CCU,1,6,Wednesday,1065,,7,0
6E,MAA,BLR,4,10,Friday,1688,Clear,13,0
QP,BOM,CCU,4,10,Wednesday,1485,Cloudy,8,0
SG,CCU,BOM,8,8,Friday,1149,Clear,14,0
AI,MAA,DEL,7,11,Friday,557,Clear,0,0
UK,HYD,MAA,4,9,Tuesday,828,Cloudy,0,0
AI,BLR,CCU,18,2,Sunday,525,Clear,16,1
UK,HYD,DEL,19,10,Sunday,495,Cloudy,10,0
AI,BLR,CCU,6,4,Saturday,722,Rain,20,1
SG,BLR,MAA,8,7,Monday,1230,Clear,22,1
UK,BOM,MAA,19,8,Monday,1803,Cloudy,12,0
SG,DEL,MAA,22,5,Saturday,1719,Rain,32,1
UK,CCU,BOM,18,5,Tuesday,687,Cloudy,18,1
6E,MAA,CCU,13,4,Sunday,1627,Storm,37,1
6E,BLR,DEL,23,4,Wednesday,1608,Clear,0,0
6E,MAA,HYD,17,12,Tuesday,1362,Clear,3,0
UK,HYD,BLR,16,5,Friday,767,Cloudy,1,0
UK,HYD,CCU,0,6,Friday,1009,Clear,0,0
SG,DEL,BOM,15,9,Friday,1084,Clear,14,0
AI,HYD,MAA,6,3,Saturday,860,Clear,0,0
6E,DEL,BLR,14,3,Thursday,1550,Cloudy,22,1
QP,MAA,CCU,13,3,Wednesday,1314,Rain,17,1
QP,DEL,MAA,2,1,Thursday,611,Cloudy,3,0
QP,HYD,BLR,11,6,Friday,698,Rain,29,1
6E,BLR,CCU,12,1,Saturday,770,Clear,0,0
AI,DEL,BOM,1,5,Thursday,1049,Rain,33,1
AI,BLR,DEL,20,7,Monday,682,Clear,30,1
AI,BOM,HYD,22,4,Wednesday,1145,Storm,47,1
QP,BOM,BLR,0,4,Friday,1136,Rain,13,0
QP,CCU,DEL,2,8,Saturday,963,Rain,26,1
QP,BLR,CCU,3,7,Saturday,844,Rain,23,1
SG,BLR,DEL,10,10,Saturday,1490,Rain,43,1
6E,DEL,HYD,14,11,Tuesday,416,Clear,0,0
UK,BOM,DEL,5,3,Monday,969,Fog,19,1
QP,BLR,BOM,20,4,Tuesday,743,Clear,19,1
QP,MAA,BOM,7,7,Monday,1596,Rain,23,1
UK,DEL,BLR,7,3,Friday,1617,Cloudy,5,0
QP,CCU,MAA,14,9,Tuesday,1679,Clear,2,0
6E,DEL,BOM,20,1,Tuesday,1294,Clear,20,1
UK,HYD,MAA,5,5,Thursday,1676,Clear,0,0
QP,DEL,BLR,8,12,Thursday,1688,Cloudy,20,1
6E,MAA,DEL,8,9,Friday,1831,Cloudy,19,1
SG,MAA,BLR,11,7,Sunday,990,Clear,11,0
UK,CCU,BLR,10,1,Monday,1074,Clear,4,0
6E,CCU,HYD,22,10,Monday,606,Clear,6,0
6E,CCU,MAA,3,6,Saturday,1425,Clear,0,0
SG,HYD,BLR,10,11,Sunday,961,Cloudy,14,0
UK,CCU,BLR,6,10,Wednesday,1425,Cloudy,0,0
6E,DEL,HYD,14,12,Tuesday,538,Clear,0,0
SG,HYD,BOM,18,2,Wednesday,609,Cloudy,14,0
AI,CCU,DEL,22,11,Thursday,857,Storm,36,1
AI,BLR,HYD,10,9,Monday,1762,Rain,34,1
QP,CCU,DEL,6,4,Monday,839,Clear,5,0
SG,HYD,DEL,23,11,Monday,797,Rain,19,1
UK,BLR,DEL,2,7,Friday,1332,Clear,3,0
AI,BOM,CCU,3,8,Thursday,1978,Clear,23,1
UK,DEL,CCU,22,12,Sunday,694,,0,0
UK,CCU,MAA,21,7,Thursday,944,Clear,5,0
UK,MAA,CCU,13,8,Wednesday,1661,,25,1
AI,BLR,HYD,7,11,Wednesday,1516,Rain,31,1
UK,CCU,DEL,23,10,Sunday,1641,Clear,11,0
UK,BOM,CCU,22,8,Tuesday,960,Clear,0,0
6E,MAA,BLR,20,11,Saturday,1136,Clear,11,0
AI,BLR,HYD,18,11,Sunday,1626,Fog,47,1
QP,HYD,DEL,14,8,Sunday,816,Clear,7,0
SG,DEL,HYD,8,2,Monday,1567,Clear,17,1
SG,HYD,BLR,11,9,Friday,1328,Storm,62,1
SG,MAA,HYD,13,4,Saturday,649,Clear,0,0
SG,CCU,MAA,11,8,Friday,461,Clear,17,1
AI,BLR,HYD,20,5,Saturday,1249,Storm,46,1
UK,DEL,CCU,3,5,Sunday,1231,Clear,0,0
QP,DEL,CCU,1,12,Sunday,1717,Clear,2,0
6E,DEL,CCU,10,3,Saturday,812,Clear,8,0
QP,BOM,DEL,4,2,Tuesday,1532,Clear,4,0
AI,MAA,HYD,19,8,Saturday,1902,Rain,51,1
6E,BOM,MAA,20,8,Friday,1314,Cloudy,36,1
6E,DEL,HYD,23,12,Tuesday,1010,Clear,0,0
SG,DEL,BOM,9,1,Friday,1805,Clear,41,1
AI,BLR,HYD,23,11,Tuesday,1211,Clear,0,0
6E,HYD,CCU,2,11,Saturday,941,Rain,1,0
SG,BOM,BLR,23,3,Friday,1669,Clear,1,0
6E,BLR,HYD,5,10,Friday,570,Clear,1,0
QP,BOM,HYD,0,11,Tuesday,1526,Clear,0,0
QP,MAA,BLR,19,2,Tuesday,842,Rain,30,1
6E,DEL,HYD,12,1,Thursday,908,Rain,17,1
UK,BOM,MAA,9,8,Wednesday,514,Clear,19,1
6E,HYD,MAA,4,8,Saturday,1370,Clear,0,0
6E,CCU,HYD,9,11,Sunday,621,Rain,33,1
SG,BLR,HYD,14,12,Friday,1530,Clear,4,0
6E,DEL,HYD,3,2,Saturday,483,Clear,0,0
AI,HYD,BOM,22,12,Sunday,920,Clear,11,0
6E,BOM,DEL,17,11,Saturday,1106,Clear,6,0
QP,BOM,CCU,21,8,Wednesday,477,Clear,0,0
6E,CCU,BOM,1,5,Tuesday,1752,Rain,14,0
6E,CCU,MAA,20,8,Tuesday,1664,Clear,8,0
SG,BOM,HYD,20,7,Wednesday,1822,Clear,16,1
AI,HYD,MAA,8,5,Tuesday,1703,Cloudy,4,0
6E,HYD,DEL,13,1,Friday,527,Rain,3,0
AI,CCU,HYD,12,9,Sunday,698,Cloudy,12,0
QP,CCU,HYD,19,4,Tuesday,1770,Clear,5,0
QP,BLR,MAA,6,3,Thursday,703,Clear,0,0
SG,DEL,MAA,22,5,Sunday,1574,Clear,2,0
6E,DEL,CCU,13,1,Sunday,677,Cloudy,13,0
SG,DEL,CCU,0,5,Monday,1523,Clear,0,0
SG,MAA,HYD,7,11,Wednesday,1671,Cloudy,1,0
QP,MAA,BOM,3,9,Wednesday,606,Rain,20,1
AI,MAA,HYD,19,1,Wednesday,1810,Clear,8,0
SG,DEL,HYD,9,4,Sunday,1000,Rain,39,1
AI,DEL,HYD,11,8,Saturday,995,Cloudy,8,0
UK,BOM,DEL,8,12,Monday,1774,Clear,14,0
QP,HYD,CCU,16,6,Friday,1750,Cloudy,37,1
AI,DEL,BOM,23,12,Friday,1325,Cloudy,0,0
AI,HYD,BLR,20,1,Thursday,601,Rain,35,1
QP,CCU,DEL,23,11,Saturday,1002,Clear,0,0
AI,DEL,BOM,7,2,Thursday,1011,Cloudy,10,0
SG,MAA,BLR,15,9,Friday,1648,Clear,11,0
UK,HYD,BLR,14,2,Thursday,583,Clear,0,0
6E,CCU,MAA,7,12,Sunday,1635,Clear,0,0
QP,BOM,MAA,20,3,Saturday,1820,Fog,54,1
QP,BOM,MAA,22,5,Monday,629,Clear,13,0
6E,DEL,BLR,22,8,Tuesday,674,Cloudy,10,0
AI,MAA,BLR,23,1,Wednesday,1730,Clear,0,0
AI,CCU,DEL,3,7,Monday,1693,Rain,29,1
AI,DEL,MAA,3,4,Monday,1207,Clear,2,0
QP,BLR,BOM,16,6,Monday,1507,Clear,27,1
UK,MAA,BLR,17,4,Sunday,1829,Clear,0,0
SG,MAA,BLR,10,11,Thursday,1676,Clear,0,0
6E,CCU,MAA,3,6,Saturday,955,Clear,0,0
QP,MAA,DEL,6,10,Saturday,1126,Cloudy,6,0
SG,CCU,MAA,3,1,Tuesday,531,Rain,18,1
SG,CCU,BLR,3,9,Friday,1104,Clear,13,0
UK,CCU,BLR,4,5,Friday,444,Rain,21,1
SG,BLR,DEL,14,8,Sunday,791,Clear,1,0
UK,BLR,MAA,12,11,Sunday,1035,Rain,14,0
6E,BLR,CCU,8,9,Friday,568,Clear,11,0
UK,CCU,DEL,13,5,Friday,914,Rain,21,1
6E,BOM,DEL,16,3,Thursday,1478,Clear,7,0
QP,MAA,HYD,2,11,Friday,1718,Cloudy,17,1
SG,HYD,DEL,6,4,Friday,808,Clear,0,0
SG,DEL,HYD,4,1,Sunday,1341,Cloudy,24,1
SG,BLR,MAA,0,4,Sunday,1045,Storm,57,1
UK,BOM,CCU,2,1,Tuesday,1325,Cloudy,0,0
QP,MAA,DEL,18,9,Monday,577,Clear,24,1
6E,BLR,BOM,21,11,Tuesday,1456,Clear,0,0
UK,BLR,DEL,3,6,Thursday,1550,Clear,0,0
AI,DEL,CCU,18,8,Tuesday,1181,Clear,32,1
6E,DEL,HYD,6,12,Wednesday,426,Clear,0,0
UK,MAA,CCU,3,12,Thursday,1890,Cloudy,0,0
UK,CCU,DEL,5,1,Sunday,709,Fog,30,1
QP,BOM,MAA,22,1,Thursday,441,Clear,0,0
SG,MAA,DEL,8,5,Tuesday,733,Rain,20,1
UK,HYD,DEL,17,4,Wednesday,1293,Rain,30,1
UK,BLR,MAA,11,2,Monday,670,Cloudy,0,0
SG,BLR,HYD,10,2,Monday,1748,Cloudy,4,0
SG,MAA,BLR,19,10,Friday,1328,Rain,38,1
6E,CCU,DEL,23,3,Tuesday,901,Clear,0,0
UK,BLR,HYD,15,6,Friday,716,Storm,39,1
UK,BLR,CCU,20,1,Monday,539,Clear,0,0
AI,MAA,CCU,3,8,Wednesday,1316,Clear,0,0
QP,HYD,MAA,21,9,Friday,1174,Cloudy,6,0
UK,BLR,BOM,4,8,Thursday,1485,Clear,0,0
6E,BLR,MAA,4,4,Friday,877,Clear,5,0
SG,HYD,MAA,20,1,Friday,764,Clear,5,0
SG,DEL,BLR,11,5,Wednesday,1583,Clear,3,0
QP,DEL,CCU,5,10,Wednesday,990,Clear,0,0
AI,HYD,BOM,0,2,Wednesday,1726,Clear,0,0
UK,BOM,BLR,5,10,Wednesday,636,Clear,3,0
AI,HYD,BOM,19,11,Saturday,1179,Cloudy,23,1
UK,MAA,CCU,0,8,Monday,790,Clear,0,0
UK,BOM,MAA,22,11,Thursday,814,Rain,12,0
UK,BLR,HYD,18,4,Saturday,1595,Rain,22,1
QP,CCU,BOM,4,8,Wednesday,389,Cloudy,8,0
UK,DEL,HYD,17,9,Wednesday,1166,Clear,14,0
UK,MAA,BLR,12,9,Friday,939,Cloudy,2,0
AI,BOM,CCU,8,9,Friday,1780,Clear,21,1
6E,CCU,DEL,12,3,Thursday,579,Fog,14,0
QP,BLR,DEL,0,11,Wednesday,1720,Clear,0,0
UK,DEL,CCU,21,9,Monday,1875,Clear,7,0
QP,MAA,CCU,18,2,Tuesday,580,Clear,24,1
UK,DEL,CCU,4,8,Thursday,1212,Storm,48,1
UK,BLR,BOM,2,11,Friday,1639,Clear,0,0
UK,HYD,BOM,10,1,Tuesday,1886,Clear,5,0
UK,MAA,HYD,11,11,Wednesday,1096,Clear,0,0
AI,BLR,CCU,18,4,Tuesday,897,Rain,28,1
AI,CCU,BLR,20,4,Tuesday,1090,Clear,27,1
UK,BLR,CCU,1,6,Sunday,774,Fog,31,1
UK,BLR,BOM,5,9,Sunday,1283,Fog,19,1
UK,BLR,CCU,14,2,Sunday,1631,Cloudy,0,0
UK,MAA,DEL,9,4,Sunday,1253,Clear,0,0
6E,HYD,CCU,23,10,Wednesday,1560,Storm,45,1
SG,DEL,CCU,15,3,Saturday,1803,Clear,9,0
SG,MAA,BLR,7,5,Tuesday,1604,Clear,1,0
AI,BLR,HYD,16,8,Friday,1490,Cloudy,30,1
UK,BLR,DEL,10,4,Tuesday,1116,Cloudy,17,1
SG,DEL,CCU,11,1,Friday,1387,Fog,39,1
SG,CCU,DEL,17,7,Wednesday,852,Storm,63,1
6E,DEL,BOM,10,2,Wednesday,1746,Clear,14,0
QP,CCU,DEL,16,5,Monday,1226,Clear,12,0
SG,DEL,BOM,10,8,Tuesday,1587,Fog,60,1
UK,HYD,MAA,14,9,Thursday,1845,Clear,0,0
SG,DEL,BLR,11,12,Friday,1451,Cloudy,20,1
QP,BLR,BOM,13,11,Saturday,1800,Clear,10,0
6E,CCU,BOM,8,1,Saturday,1577,,0,0
AI,HYD,BLR,2,6,Thursday,641,Clear,9,0
UK,HYD,BLR,6,1,Thursday,1133,Cloudy,0,0
AI,DEL,BOM,8,10,Thursday,1337,Storm,59,1
QP,CCU,BLR,7,1,Sunday,1419,Fog,26,1
QP,BLR,CCU,10,10,Saturday,1094,Clear,8,0
SG,HYD,CCU,11,1,Wednesday,631,Clear,0,0
QP,CCU,DEL,6,2,Thursday,1087,Clear,5,0
AI,HYD,BLR,9,12,Wednesday,668,Clear,1,0
SG,MAA,BOM,6,3,Thursday,1507,Clear,3,0
UK,BOM,BLR,14,6,Wednesday,1105,Fog,30,1
6E,BLR,BOM,11,7,Saturday,1821,Clear,0,0
6E,HYD,CCU,15,9,Friday,1700,Clear,0,0
UK,BOM,DEL,10,12,Tuesday,1732,Cloudy,0,0
SG,BLR,HYD,23,5,Monday,843,Clear,7,0
AI,MAA,BLR,11,8,Sunday,912,Clear,0,0
SG,CCU,MAA,14,12,Wednesday,607,Rain,24,1
QP,MAA,BLR,10,2,Tuesday,429,Clear,0,0
AI,CCU,HYD,17,6,Saturday,1060,Cloudy,25,1
QP,CCU,HYD,13,4,Thursday,927,Rain,5,0
SG,BOM,DEL,2,12,Thursday,885,Clear,14,0
6E,CCU,MAA,17,8,Friday,1549,Clear,25,1
SG,HYD,DEL,18,8,Wednesday,1745,Cloudy,26,1
SG,CCU,HYD,9,3,Thursday,496,Cloudy,17,1
SG,HYD,CCU,12,12,Friday,943,Storm,54,1
AI,DEL,MAA,0,1,Friday,865,Rain,25,1
AI,HYD,MAA,20,6,Sunday,1374,Clear,30,1
SG,MAA,DEL,18,9,Wednesday,820,Clear,14,0
6E,DEL,CCU,23,11,Thursday,1806,Clear,0,0
6E,HYD,CCU,14,4,Saturday,1315,Clear,0,0
UK,HYD,BLR,5,5,Saturday,1686,Clear,0,0
SG,BLR,MAA,6,1,Sunday,1238,Clear,4,0
AI,MAA,HYD,22,8,Tuesday,1793,Cloudy,14,0
QP,DEL,BLR,1,3,Sunday,739,Cloudy,5,0
UK,BLR,BOM,16,8,Thursday,1522,Clear,8,0
AI,CCU,DEL,1,2,Tuesday,1112,Rain,15,1
AI,HYD,CCU,17,6,Wednesday,809,Rain,31,1
QP,BOM,HYD,13,6,Wednesday,1059,Cloudy,1,0
AI,DEL,BOM,11,7,Sunday,1600,Clear,14,0
UK,HYD,MAA,16,4,Monday,1507,Clear,0,0
SG,CCU,MAA,8,3,Tuesday,1191,Clear,26,1
UK,DEL,HYD,13,10,Saturday,657,Clear,0,0
6E,DEL,BOM,19,11,Sunday,914,Fog,38,1
AI,BLR,BOM,11,4,Monday,1130,Clear,4,0
SG,BOM,DEL,0,6,Wednesday,1061,Clear,5,0
UK,DEL,MAA,23,2,Wednesday,1189,Clear,0,0
AI,BOM,DEL,12,2,Thursday,1580,Cloudy,16,1
AI,HYD,MAA,10,5,Saturday,514,Fog,34,1
UK,MAA,HYD,1,9,Thursday,461,Clear,0,0
AI,BOM,DEL,2,9,Monday,796,Rain,30,1
6E,MAA,CCU,6,9,Tuesday,1725,Clear,6,0
AI,MAA,BOM,22,2,Saturday,777,Clear,5,0
SG,DEL,CCU,17,1,Tuesday,1298,Clear,20,1
SG,CCU,DEL,9,4,Thursday,1720,Clear,14,0
SG,BOM,HYD,18,4,Wednesday,988,Clear,14,0
AI,MAA,BOM,9,7,Thursday,1586,Clear,19,1
6E,MAA,HYD,21,8,Saturday,976,Cloudy,10,0
6E,CCU,BLR,7,3,Tuesday,1185,Cloudy,0,0
SG,BLR,MAA,17,10,Friday,1025,Cloudy,21,1
QP,HYD,BOM,10,9,Saturday,873,Clear,18,1
6E,DEL,MAA,16,4,Sunday,1043,Cloudy,17,1
SG,BLR,BOM,4,8,Thursday,634,Fog,35,1
UK,CCU,MAA,22,4,Monday,352,Fog,9,0
QP,DEL,HYD,6,1,Friday,840,Clear,12,0
AI,DEL,MAA,12,9,Saturday,750,Clear,6,0
QP,MAA,BLR,16,2,Monday,991,Cloudy,13,0
UK,HYD,DEL,15,3,Tuesday,1102,Clear,0,0
6E,BLR,DEL,13,4,Wednesday,1233,,32,1
AI,BOM,DEL,20,11,Thursday,619,Clear,28,1
QP,BOM,MAA,23,8,Thursday,1396,Clear,9,0
QP,MAA,BOM,18,10,Tuesday,539,Rain,23,1
AI,BLR,DEL,4,11,Tuesday,849,Clear,0,0
UK,MAA,BLR,18,11,Sunday,1649,Clear,4,0
SG,BLR,HYD,12,8,Saturday,1576,Rain,43,1
UK,BLR,CCU,12,5,Thursday,1241,Clear,8,0
AI,BOM,MAA,22,5,Wednesday,620,Clear,4,0
6E,HYD,MAA,12,2,Thursday,1661,Clear,0,0
6E,BOM,CCU,20,8,Sunday,1774,Clear,36,1
6E,CCU,HYD,15,8,Wednesday,1333,Clear,6,0
QP,BLR,DEL,2,12,Wednesday,786,Clear,0,0
6E,MAA,BLR,16,3,Thursday,903,Clear,2,0
SG,BLR,CCU,11,10,Tuesday,450,Fog,29,1
QP,BLR,MAA,13,4,Monday,1714,Cloudy,0,0
SG,BLR,DEL,7,1,Sunday,2006,Cloudy,14,0
SG,BLR,BOM,4,5,Friday,1302,Cloudy,1,0
AI,BLR,CCU,17,12,Wednesday,1179,Rain,19,1
AI,CCU,DEL,5,6,Thursday,1103,Clear,7,0
SG,MAA,CCU,2,3,Thursday,772,Storm,40,1
SG,DEL,MAA,11,4,Monday,555,Cloudy,26,1
SG,DEL,MAA,17,9,Saturday,972,Cloudy,30,1
UK,DEL,BOM,4,4,Monday,642,Clear,0,0
UK,MAA,HYD,8,3,Thursday,1563,Rain,12,0
AI,BOM,CCU,10,3,Wednesday,457,Clear,0,0
6E,BLR,DEL,22,1,Thursday,1742,Rain,15,1
UK,MAA,BLR,3,9,Thursday,533,Rain,16,1
AI,DEL,CCU,22,4,Thursday,1111,Clear,0,0
AI,DEL,BOM,3,4,Tuesday,1632,Clear,3,0
AI,DEL,MAA,13,4,Monday,988,Fog,40,1
6E,BOM,CCU,20,9,Monday,1550,Clear,15,1
QP,DEL,CCU,21,11,Saturday,679,Cloudy,17,1
SG,HYD,CCU,13,9,Monday,789,Clear,7,0
QP,MAA,CCU,11,7,Thursday,1774,Clear,10,0
6E,BOM,CCU,18,9,Wednesday,751,Fog,57,1
UK,HYD,CCU,21,3,Friday,1361,Cloudy,0,0
QP,BOM,CCU,0,11,Friday,1038,Clear,12,0
6E,DEL,MAA,6,8,Tuesday,603,Cloudy,21,1
SG,BLR,BOM,6,12,Friday,888,Clear,14,0
SG,MAA,BLR,20,4,Friday,1255,Clear,15,1
QP,BOM,BLR,0,2,Tuesday,1210,Cloudy,0,0
QP,MAA,HYD,3,9,Saturday,1675,Rain,42,1
SG,CCU,MAA,0,4,Thursday,917,Cloudy,0,0
UK,DEL,BOM,22,3,Monday,1021,Clear,9,0
QP,DEL,BLR,0,10,Friday,1051,Clear,0,0
SG,BOM,HYD,6,7,Thursday,640,Clear,3,0
6E,CCU,BOM,12,10,Wednesday,1579,Clear,0,0
SG,DEL,CCU,8,3,Thursday,1069,Fog,41,1
UK,BLR,DEL,2,1,Sunday,1083,Clear,9,0
6E,HYD,BOM,9,5,Wednesday,1320,Rain,13,0
UK,DEL,HYD,19,12,Friday,1752,Clear,19,1
SG,DEL,BLR,6,8,Saturday,895,Clear,17,1
QP,DEL,MAA,12,11,Friday,1218,Clear,0,0
UK,DEL,BLR,11,11,Sunday,759,Fog,30,1
AI,HYD,CCU,5,11,Thursday,1042,Clear,0,0
QP,CCU,BOM,0,6,Tuesday,1901,Clear,15,1
UK,BLR,HYD,20,3,Thursday,1088,Clear,0,0
6E,BOM,BLR,23,11,Monday,1735,Clear,9,0
SG,BOM,HYD,12,7,Wednesday,1512,Clear,16,1
6E,CCU,MAA,19,4,Tuesday,970,Storm,42,1
6E,CCU,BOM,8,6,Monday,1800,Fog,25,1
QP,HYD,CCU,22,10,Tuesday,1524,Cloudy,14,0
QP,BLR,HYD,13,5,Saturday,523,Rain,17,1
UK,DEL,BLR,19,10,Sunday,1527,Clear,11,0
6E,CCU,MAA,16,3,Sunday,1237,Rain,36,1
QP,DEL,BOM,22,4,Monday,1742,Clear,2,0
AI,DEL,HYD,13,2,Sunday,1482,Clear,9,0
SG,MAA,CCU,20,11,Wednesday,605,Clear,0,0
UK,BOM,MAA,22,11,Wednesday,1081,Fog,29,1
QP,DEL,MAA,18,3,Tuesday,1543,Clear,16,1
UK,HYD,DEL,8,7,Sunday,1258,Clear,8,0
QP,DEL,CCU,2,10,Sunday,280,Clear,0,0
AI,BOM,BLR,9,8,Friday,473,Clear,19,1
SG,HYD,DEL,16,8,Monday,754,Clear,8,0
AI,BOM,CCU,20,4,Wednesday,892,Cloudy,31,1
SG,MAA,BOM,18,1,Tuesday,1221,Rain,34,1
AI,DEL,BOM,15,12,Sunday,827,Cloudy,0,0
QP,HYD,DEL,12,11,Friday,897,Clear,0,0
SG,DEL,HYD,23,12,Sunday,1003,Clear,14,0
AI,MAA,CCU,5,1,Saturday,706,Storm,50,1
QP,MAA,HYD,19,9,Thursday,1445,Clear,3,0
6E,MAA,CCU,13,4,Tuesday,536,Clear,0,0
UK,BOM,CCU,12,4,Saturday,1894,Cloudy,7,0
AI,BOM,CCU,9,5,Friday,1603,Cloudy,17,1
AI,CCU,DEL,15,3,Saturday,541,Fog,36,1
6E,MAA,BOM,23,8,Sunday,1393,Clear,5,0
UK,BOM,CCU,9,8,Friday,1059,Clear,6,0
UK,DEL,HYD,2,12,Friday,1224,Cloudy,13,0
QP,BLR,CCU,3,10,Wednesday,1085,Cloudy,13,0
AI,HYD,BOM,4,9,Thursday,1012,Clear,0,0
SG,BLR,HYD,9,12,Monday,1785,Fog,41,1
AI,MAA,BOM,0,6,Tuesday,753,Clear,2,0
6E,HYD,MAA,6,1,Sunday,1356,Clear,0,0
AI,CCU,MAA,16,11,Tuesday,1216,Cloudy,19,1
AI,CCU,BLR,16,5,Monday,1703,Clear,26,1
UK,BLR,DEL,16,6,Saturday,1134,Clear,0,0
QP,CCU,BLR,16,5,Monday,1194,Fog,41,1
SG,BLR,MAA,1,11,Thursday,1806,Cloudy,6,0
QP,DEL,CCU,22,5,Wednesday,1143,Fog,28,1
UK,BOM,HYD,7,9,Wednesday,1225,Clear,0,0
AI,BLR,MAA,1,9,Wednesday,1755,Clear,16,1
6E,CCU,BLR,19,7,Monday,1679,Clear,5,0
QP,MAA,CCU,11,7,Tuesday,473,Clear,3,0
AI,DEL,CCU,8,1,Friday,869,Clear,9,0
AI,DEL,CCU,9,11,Monday,1915,Fog,38,1
QP,HYD,CCU,13,5,Tuesday,1706,Clear,0,0
AI,HYD,BOM,12,3,Sunday,1247,Cloudy,16,1
QP,MAA,CCU,0,3,Friday,1054,Cloudy,0,0
SG,BOM,HYD,2,5,Thursday,1908,Clear,4,0
SG,MAA,HYD,22,8,Thursday,578,Clear,8,0
UK,BLR,HYD,11,7,Sunday,465,Cloudy,5,0
AI,BLR,BOM,23,11,Monday,1234,Clear,5,0
UK,BLR,CCU,15,10,Sunday,538,Clear,3,0
QP,CCU,BLR,17,5,Thursday,787,Cloudy,12,0
QP,BLR,HYD,7,10,Thursday,537,Clear,0,0
UK,HYD,CCU,20,9,Tuesday,1585,Clear,11,0
QP,CCU,DEL,15,11,Wednesday,475,Cloudy,0,0
SG,DEL,BOM,18,1,Thursday,1632,Clear,24,1
AI,HYD,CCU,6,7,Tuesday,661,Clear,2,0
SG,MAA,BLR,14,8,Wednesday,1782,Clear,7,0
SG,CCU,HYD,8,3,Sunday,936,Rain,41,1
UK,DEL,HYD,21,8,Saturday,913,Cloudy,4,0
SG,MAA,CCU,21,9,Friday,603,Storm,78,1
QP,MAA,HYD,8,2,Wednesday,749,Rain,19,1
UK,BLR,DEL,0,12,Saturday,641,Cloudy,0,0
6E,MAA,DEL,5,12,Sunday,813,Cloudy,18,1
QP,BLR,CCU,6,4,Sunday,1089,Clear,0,0
QP,HYD,CCU,0,3,Friday,1134,,0,0
SG,BLR,MAA,22,3,Tuesday,1470,Cloudy,8,0
SG,BOM,MAA,11,1,Wednesday,1655,Clear,20,1
AI,MAA,DEL,3,1,Sunday,614,Fog,31,1
UK,BOM,BLR,14,4,Monday,807,Cloudy,0,0
AI,BOM,DEL,9,8,Saturday,1481,Clear,24,1
UK,CCU,BOM,4,9,Thursday,1135,Clear,3,0
QP,CCU,BLR,10,7,Thursday,1103,Clear,15,1
6E,HYD,CCU,14,8,Tuesday,829,Fog,13,0
QP,HYD,MAA,15,2,Sunday,786,Clear,0,0
AI,BLR,CCU,5,12,Tuesday,1638,Rain,10,0
AI,HYD,CCU,14,3,Friday,650,Clear,0,0
QP,HYD,DEL,19,5,Thursday,682,Fog,45,1
AI,HYD,DEL,15,8,Wednesday,1422,Clear,0,0
SG,HYD,BOM,22,2,Tuesday,1139,Rain,12,0
SG,HYD,BOM,22,6,Tuesday,1407,Cloudy,0,0
6E,CCU,MAA,11,12,Friday,1457,Clear,5,0
AI,MAA,BLR,9,3,Saturday,817,Cloudy,23,1
6E,BLR,DEL,10,8,Tuesday,1115,Clear,8,0
AI,HYD,BOM,11,8,Saturday,1178,Clear,7,0
SG,BOM,BLR,4,1,Friday,328,Clear,8,0
QP,BOM,DEL,23,1,Tuesday,582,Clear,0,0
QP,MAA,BOM,13,2,Wednesday,1909,Clear,0,0
QP,HYD,CCU,3,1,Wednesday,1386,Cloudy,0,0
SG,DEL,CCU,21,7,Thursday,1674,Fog,49,1
QP,BLR,HYD,22,4,Monday,1357,Clear,0,0
SG,CCU,DEL,13,8,Sunday,1539,Rain,37,1
SG,HYD,BLR,22,4,Thursday,1080,Clear,0,0
QP,CCU,MAA,23,5,Friday,675,Clear,0,0
6E,HYD,BLR,22,2,Friday,1420,Clear,0,0
UK,DEL,HYD,23,10,Wednesday,473,Rain,14,0
QP,BOM,CCU,1,2,Saturday,1903,Clear,1,0
6E,DEL,CCU,0,11,Wednesday,1301,Clear,12,0
6E,MAA,BLR,13,3,Monday,1275,Cloudy,0,0
AI,MAA,HYD,17,12,Thursday,1406,Clear,5,0
6E,BLR,MAA,20,9,Monday,962,Clear,1,0
UK,MAA,CCU,15,10,Saturday,1426,Clear,0,0
QP,HYD,BOM,7,10,Monday,1079,Clear,0,0
AI,MAA,BLR,22,6,Tuesday,730,Clear,0,0
SG,MAA,BOM,14,3,Sunday,794,Clear,11,0
SG,BLR,CCU,16,9,Tuesday,786,Fog,47,1
QP,HYD,MAA,6,8,Thursday,1675,Rain,21,1
SG,BOM,MAA,18,10,Sunday,1106,Clear,23,1
AI,MAA,BOM,3,3,Tuesday,1151,Clear,0,0
UK,CCU,BLR,20,10,Wednesday,742,Storm,42,1
QP,BOM,HYD,20,11,Monday,1080,Cloudy,23,1
QP,MAA,BOM,16,9,Saturday,809,Cloudy,20,1
SG,DEL,MAA,23,4,Monday,1672,Cloudy,11,0
QP,BLR,HYD,21,3,Sunday,1668,Clear,0,0
SG,MAA,BLR,1,2,Saturday,1245,Clear,4,0
AI,BOM,BLR,5,10,Wednesday,885,Clear,13,0
QP,BOM,MAA,2,6,Thursday,432,Clear,4,0
AI,BLR,CCU,7,4,Thursday,1745,Storm,36,1
6E,DEL,BOM,14,2,Saturday,1279,Clear,16,1
6E,HYD,BLR,3,6,Wednesday,871,Clear,4,0
SG,DEL,BLR,2,3,Tuesday,1771,Fog,36,1
AI,BOM,HYD,15,11,Monday,1427,Rain,21,1
SG,BOM,CCU,15,5,Thursday,1566,Clear,19,1
QP,CCU,BLR,8,6,Thursday,823,Clear,4,0
SG,CCU,BOM,17,8,Friday,932,Cloudy,35,1
6E,DEL,CCU,14,9,Saturday,1047,Clear,10,0
QP,DEL,MAA,9,2,Tuesday,1463,Rain,31,1
6E,MAA,CCU,1,1,Tuesday,1640,Clear,0,0
SG,BOM,DEL,18,4,Wednesday,1019,Clear,16,1
UK,HYD,BLR,14,9,Tuesday,1255,Clear,0,0
AI,CCU,BLR,2,11,Monday,1033,Cloudy,0,0
AI,DEL,BLR,4,12,Saturday,923,Fog,31,1
AI,CCU,DEL,7,4,Friday,1214,Cloudy,23,1
QP,DEL,HYD,4,10,Saturday,1679,Clear,15,1
QP,BOM,MAA,19,3,Friday,741,Cloudy,21,1
UK,HYD,DEL,22,3,Saturday,875,Clear,0,0
QP,CCU,MAA,2,7,Thursday,862,Clear,3,0
AI,HYD,CCU,5,2,Sunday,1188,Clear,0,0
QP,DEL,MAA,6,1,Thursday,1032,Clear,4,0
6E,BOM,CCU,23,12,Monday,1661,Clear,0,0
AI,MAA,HYD,14,10,Tuesday,466,Rain,25,1
SG,HYD,CCU,22,9,Thursday,1464,Clear,14,0
6E,DEL,CCU,5,3,Saturday,1046,Clear,2,0
6E,HYD,CCU,1,1,Tuesday,558,Clear,0,0
SG,BLR,DEL,11,2,Saturday,1599,Cloudy,2,0
6E,DEL,BOM,19,6,Sunday,375,Clear,22,1
SG,BOM,HYD,20,10,Tuesday,1633,Clear,9,0
AI,CCU,BLR,11,8,Thursday,862,Rain,26,1
AI,MAA,HYD,6,11,Sunday,882,Clear,13,0
6E,DEL,BLR,1,11,Wednesday,896,Storm,44,1
SG,DEL,BOM,10,9,Wednesday,1802,Storm,66,1
6E,BLR,MAA,12,2,Thursday,1745,Clear,0,0
AI,BLR,CCU,0,3,Thursday,1099,Rain,21,1
SG,BLR,BOM,22,5,Wednesday,841,Cloudy,10,0
UK,MAA,HYD,17,7,Thursday,694,Clear,7,0
UK,BOM,BLR,7,10,Tuesday,1340,Rain,20,1
6E,DEL,BOM,8,12,Saturday,1579,Clear,20,1
AI,MAA,BLR,8,12,Friday,617,Clear,17,1
AI,CCU,DEL,20,6,Tuesday,395,Clear,16,1
SG,BOM,HYD,17,12,Saturday,1390,Rain,37,1
AI,BLR,DEL,2,12,Tuesday,1504,Fog,24,1
6E,HYD,BLR,7,2,Thursday,1022,Clear,0,0
QP,DEL,CCU,18,9,Sunday,1418,Cloudy,19,1
6E,CCU,DEL,8,6,Friday,1251,Clear,13,0
SG,BOM,HYD,19,11,Sunday,1229,Rain,42,1
6E,HYD,MAA,12,11,Friday,665,Clear,0,0
QP,BLR,CCU,18,3,Saturday,1716,Clear,6,0
QP,MAA,CCU,12,8,Thursday,1451,Cloudy,9,0
UK,BOM,DEL,17,12,Tuesday,1707,Cloudy,9,0
SG,DEL,BOM,10,9,Tuesday,716,Clear,14,0
UK,HYD,CCU,5,11,Friday,1056,Cloudy,12,0
QP,CCU,HYD,21,9,Tuesday,873,Rain,17,1
6E,HYD,CCU,10,10,Thursday,1205,Clear,19,1
QP,MAA,DEL,0,11,Thursday,1107,Clear,0,0
SG,BLR,DEL,9,12,Monday,851,Clear,1,0
SG,DEL,BOM,9,3,Saturday,1838,Cloudy,12,0
6E,BLR,DEL,5,10,Monday,1330,Cloudy,0,0
QP,CCU,MAA,21,5,Wednesday,1901,Clear,0,0
SG,MAA,BOM,11,7,Saturday,1221,Cloudy,21,1
QP,MAA,BLR,8,8,Monday,1693,Clear,2,0
QP,BOM,DEL,16,8,Monday,800,Clear,22,1
AI,HYD,DEL,15,3,Saturday,1255,Cloudy,16,1
QP,HYD,BOM,11,10,Tuesday,964,Clear,0,0
QP,HYD,MAA,23,9,Sunday,1571,Fog,37,1
6E,CCU,MAA,23,9,Tuesday,1336,Fog,24,1
QP,MAA,HYD,11,8,Tuesday,902,Clear,7,0
UK,BOM,CCU,17,8,Friday,1395,Clear,20,1
6E,BOM,CCU,1,4,Sunday,1573,Clear,0,0
6E,HYD,MAA,10,8,Saturday,596,Clear,12,0
6E,CCU,DEL,10,4,Friday,1089,Fog,33,1
AI,CCU,MAA,9,11,Tuesday,1157,Clear,6,0
SG,HYD,CCU,20,1,Monday,1648,Clear,18,1
SG,HYD,DEL,14,1,Saturday,1702,Cloudy,15,1
SG,MAA,HYD,11,9,Monday,771,Cloudy,6,0
UK,CCU,MAA,10,9,Tuesday,1030,Cloudy,18,1
6E,DEL,HYD,14,7,Thursday,704,Cloudy,11,0
SG,BOM,BLR,5,7,Wednesday,589,Rain,32,1
QP,BLR,MAA,5,1,Sunday,805,Clear,0,0
AI,HYD,MAA,12,11,Tuesday,1561,Clear,0,0
6E,BOM,DEL,7,11,Friday,959,Cloudy,0,0
QP,BOM,MAA,16,3,Thursday,716,Cloudy,13,0
QP,DEL,BOM,21,1,Tuesday,711,Clear,0,0
QP,DEL,HYD,8,7,Sunday,1359,Rain,47,1
AI,BLR,DEL,13,4,Saturday,1337,Cloudy,7,0
UK,CCU,HYD,6,2,Saturday,1124,Clear,0,0
AI,BOM,MAA,19,2,Thursday,861,Fog,41,1
QP,BOM,BLR,5,8,Tuesday,1803,Cloudy,14,0
UK,BOM,HYD,12,5,Friday,610,Fog,24,1
6E,CCU,HYD,8,10,Sunday,1699,Cloudy,15,1
AI,HYD,DEL,18,4,Tuesday,1787,Cloudy,5,0
SG,HYD,BOM,5,8,Friday,1527,Clear,11,0
QP,BOM,MAA,4,4,Sunday,1178,Clear,7,0
QP,CCU,BOM,18,7,Thursday,1192,Cloudy,29,1
QP,BOM,BLR,13,9,Monday,1689,Rain,45,1
QP,CCU,BOM,15,5,Sunday,649,Fog,32,1
SG,CCU,DEL,19,11,Monday,1613,Clear,24,1
QP,HYD,CCU,6,8,Saturday,690,Cloudy,13,0
QP,CCU,HYD,5,3,Thursday,670,,0,0
UK,CCU,BLR,23,11,Saturday,657,Cloudy,3,0
SG,HYD,BLR,2,6,Friday,643,Clear,0,0
QP,MAA,BOM,15,9,Tuesday,1169,Cloudy,2,0
AI,HYD,DEL,9,5,Monday,606,Clear,6,0
SG,HYD,BLR,3,1,Monday,1521,Rain,13,0
6E,BLR,BOM,22,7,Tuesday,371,Cloudy,14,0
AI,HYD,CCU,19,7,Sunday,633,Clear,27,1
AI,BOM,MAA,5,9,Monday,1013,Cloudy,20,1
AI,BOM,MAA,18,9,Friday,1739,Cloudy,37,1
QP,BOM,DEL,18,9,Wednesday,681,Clear,17,1
SG,DEL,BOM,12,7,Saturday,983,Clear,15,1
AI,CCU,BLR,22,1,Friday,724,Fog,41,1
SG,BOM,BLR,5,8,Saturday,710,Clear,21,1
SG,MAA,BLR,1,12,Saturday,1114,Clear,1,0
UK,BLR,MAA,19,11,Sunday,1478,Cloudy,4,0
SG,BLR,CCU,8,1,Saturday,1201,Clear,6,0
QP,BOM,DEL,2,11,Wednesday,1355,Clear,2,0
UK,MAA,BOM,23,2,Sunday,1015,Clear,0,0
SG,HYD,DEL,10,1,Wednesday,879,Clear,8,0
UK,BLR,BOM,20,1,Friday,1390,Clear,16,1
6E,HYD,BOM,19,7,Tuesday,1502,Cloudy,12,0
QP,MAA,BOM,7,3,Saturday,1222,Clear,0,0
UK,HYD,DEL,19,8,Monday,608,Clear,13,0
SG,BLR,HYD,11,6,Sunday,1975,Cloudy,15,1
SG,CCU,BOM,15,11,Thursday,775,,3,0
SG,CCU,BOM,6,3,Saturday,1135,Clear,4,0
SG,CCU,DEL,0,4,Thursday,1465,Clear,10,0
SG,DEL,HYD,4,7,Monday,1797,Clear,17,1
UK,CCU,MAA,7,2,Monday,1213,Clear,0,0
SG,BOM,DEL,13,6,Sunday,1709,Clear,17,1
UK,HYD,BOM,20,8,Friday,977,Cloudy,11,0
6E,HYD,MAA,4,8,Monday,493,Fog,34,1
SG,BOM,CCU,17,6,Wednesday,655,Clear,14,0
QP,DEL,CCU,17,2,Friday,1752,Clear,23,1
SG,CCU,HYD,19,4,Thursday,487,Fog,45,1
SG,CCU,DEL,19,1,Monday,1770,Clear,20,1
QP,BOM,CCU,1,12,Thursday,1221,Rain,28,1
6E,HYD,BOM,5,7,Tuesday,1805,Cloudy,3,0
AI,DEL,CCU,22,4,Wednesday,1852,Rain,28,1
6E,HYD,MAA,15,4,Friday,436,Rain,28,1
SG,BOM,MAA,5,1,Friday,1387,Clear,18,1
QP,MAA,BOM,23,6,Monday,439,Rain,29,1
UK,HYD,MAA,7,1,Thursday,991,Clear,0,0
SG,BLR,CCU,6,9,Tuesday,1939,Cloudy,32,1
AI,MAA,CCU,20,3,Thursday,1787,Clear,15,1
SG,BLR,DEL,23,2,Saturday,584,Cloudy,9,0
SG,DEL,BOM,9,2,Wednesday,1894,Clear,19,1
UK,HYD,MAA,15,1,Friday,591,Clear,0,0
SG,MAA,BOM,15,5,Monday,931,Clear,6,0
UK,BLR,DEL,5,1,Thursday,1152,Clear,0,0
UK,BOM,HYD,13,1,Saturday,747,Clear,0,0
SG,DEL,HYD,1,3,Friday,356,Clear,9,0
SG,BOM,CCU,20,7,Sunday,767,Rain,54,1
6E,MAA,BLR,19,3,Saturday,759,Rain,21,1
6E,BOM,MAA,3,5,Monday,1235,Cloudy,0,0
UK,CCU,HYD,14,6,Monday,1216,,3,0
6E,BOM,CCU,2,8,Wednesday,961,Clear,4,0
6E,BLR,HYD,2,1,Saturday,1543,Cloudy,6,0
6E,MAA,DEL,15,12,Saturday,1544,Clear,0,0
6E,HYD,CCU,19,2,Saturday,857,Clear,2,0
UK,DEL,CCU,20,12,Friday,817,Cloudy,22,1
UK,DEL,BLR,7,4,Friday,1035,Storm,37,1
SG,BOM,HYD,22,6,Wednesday,1240,Clear,2,0
6E,CCU,HYD,12,1,Friday,1484,Clear,0,0
QP,DEL,CCU,9,5,Friday,824,Rain,34,1
UK,DEL,BOM,8,11,Monday,1174,Clear,0,0
SG,MAA,BOM,17,9,Sunday,1215,Clear,13,0
AI,HYD,DEL,8,8,Saturday,801,Clear,2,0
AI,CCU,HYD,9,5,Tuesday,1644,Clear,0,0
UK,BOM,BLR,9,12,Wednesday,404,Cloudy,0,0
6E,HYD,BLR,7,10,Friday,1888,Fog,25,1
UK,DEL,CCU,9,4,Tuesday,1008,Cloudy,16,1
AI,HYD,BOM,0,8,Saturday,783,Rain,25,1
UK,DEL,MAA,20,5,Thursday,857,Clear,15,1
SG,CCU,MAA,6,3,Monday,1449,Clear,0,0
SG,BLR,CCU,10,8,Friday,656,Clear,20,1
6E,BOM,MAA,4,5,Sunday,1334,Clear,5,0
6E,CCU,HYD,12,2,Wednesday,1228,Cloudy,0,0
UK,DEL,BLR,6,11,Sunday,1415,Fog,21,1
UK,MAA,HYD,4,8,Saturday,1195,Clear,0,0
SG,HYD,CCU,6,7,Saturday,1149,Fog,42,1
6E,MAA,BOM,21,12,Wednesday,1055,Clear,0,0
SG,BOM,BLR,20,9,Thursday,464,Clear,19,1
QP,CCU,BLR,18,12,Tuesday,338,Clear,0,0
6E,BLR,DEL,4,9,Friday,866,Clear,8,0
QP,BLR,BOM,15,3,Sunday,1456,Cloudy,2,0
6E,BLR,DEL,19,6,Friday,1427,,24,1
6E,BOM,MAA,15,7,Sunday,1247,Cloudy,19,1
SG,BOM,BLR,20,4,Tuesday,1517,Cloudy,23,1
SG,DEL,HYD,4,4,Friday,1528,Cloudy,8,0
UK,BLR,DEL,11,8,Wednesday,1263,Clear,0,0
6E,BLR,HYD,7,5,Thursday,1210,Fog,26,1
AI,BLR,MAA,17,2,Monday,671,Clear,23,1
QP,CCU,MAA,3,7,Wednesday,734,Cloudy,14,0
QP,DEL,MAA,7,8,Wednesday,550,Rain,29,1
QP,CCU,DEL,16,10,Thursday,668,Clear,12,0
UK,CCU,HYD,0,2,Saturday,1503,Clear,0,0
QP,DEL,BLR,6,6,Friday,1454,Clear,12,0
UK,MAA,CCU,17,11,Sunday,1368,Clear,0,0
AI,BOM,MAA,5,4,Tuesday,1225,Cloudy,12,0
AI,DEL,CCU,14,9,Wednesday,1362,Fog,42,1
6E,CCU,DEL,9,5,Thursday,728,Clear,0,0
6E,DEL,BLR,11,3,Friday,610,Rain,16,1
QP,BOM,MAA,8,9,Saturday,1588,Clear,3,0
6E,DEL,BOM,21,10,Friday,1154,Rain,20,1
SG,DEL,HYD,17,11,Sunday,1838,Rain,42,1
6E,DEL,BOM,17,9,Thursday,1615,Cloudy,23,1
SG,CCU,DEL,18,4,Thursday,1034,Clear,13,0
UK,DEL,HYD,10,9,Friday,1069,Cloudy,31,1
AI,MAA,BLR,2,1,Tuesday,905,Cloudy,1,0
UK,DEL,BLR,1,5,Tuesday,473,Rain,5,0
AI,CCU,BOM,11,3,Wednesday,754,Clear,0,0
QP,CCU,MAA,21,7,Monday,830,Rain,24,1
SG,HYD,BOM,11,9,Wednesday,1599,Clear,21,1
QP,MAA,CCU,23,8,Wednesday,670,Rain,24,1
QP,BOM,MAA,12,3,Friday,443,Cloudy,16,1
6E,MAA,HYD,15,5,Sunday,1255,Clear,0,0
SG,BOM,DEL,1,2,Thursday,939,Clear,7,0
AI,HYD,DEL,18,7,Sunday,513,Rain,37,1
QP,CCU,BOM,21,9,Friday,1018,Cloudy,15,1
SG,MAA,BOM,12,3,Friday,458,Cloudy,3,0
SG,BOM,BLR,21,7,Saturday,1097,Rain,32,1
QP,MAA,BLR,5,11,Friday,1512,Fog,30,1
QP,CCU,DEL,11,2,Sunday,1219,Clear,5,0
QP,CCU,MAA,21,12,Friday,1663,Clear,4,0
AI,MAA,BLR,14,4,Wednesday,1868,Storm,37,1
AI,MAA,DEL,16,4,Thursday,1466,Clear,27,1
QP,MAA,HYD,9,9,Friday,1516,Rain,33,1
6E,MAA,HYD,13,5,Wednesday,1148,Clear,0,0
UK,DEL,CCU,8,5,Saturday,510,Clear,8,0
AI,MAA,CCU,16,3,Monday,918,Cloudy,10,0
SG,BOM,DEL,1,2,Saturday,1790,Rain,28,1
QP,HYD,BLR,12,11,Monday,409,Clear,5,0
QP,BLR,MAA,22,2,Tuesday,1367,Clear,0,0
UK,BOM,DEL,1,2,Sunday,1096,Rain,25,1
SG,BOM,BLR,10,10,Saturday,1718,Cloudy,17,1
UK,DEL,BOM,15,10,Saturday,548,Clear,0,0
UK,BLR,MAA,2,3,Sunday,1009,Clear,0,0
UK,BLR,DEL,0,10,Friday,1537,Cloudy,16,1
QP,BLR,HYD,3,9,Monday,977,Cloudy,6,0
6E,DEL,CCU,5,4,Saturday,1636,Rain,11,0
UK,HYD,CCU,21,1,Tuesday,803,Rain,16,1
SG,BOM,MAA,3,10,Friday,1109,Cloudy,12,0
UK,CCU,BLR,15,9,Sunday,1402,Cloudy,15,1
AI,DEL,MAA,8,6,Friday,872,Clear,26,1
6E,DEL,BLR,12,4,Monday,1661,Cloudy,14,0
SG,BOM,DEL,21,5,Saturday,1517,Storm,39,1
SG,BLR,CCU,20,4,Saturday,1812,Clear,19,1
SG,CCU,DEL,1,11,Monday,1154,Clear,0,0
QP,HYD,BLR,2,3,Sunday,1685,Clear,0,0
SG,BLR,DEL,8,6,Tuesday,1330,Cloudy,29,1
UK,CCU,MAA,19,8,Monday,1038,Cloudy,5,0
6E,BOM,HYD,18,1,Thursday,1740,Clear,8,0
6E,CCU,MAA,14,7,Friday,1173,Rain,21,1
QP,BLR,BOM,20,8,Monday,819,Cloudy,24,1
UK,BOM,MAA,4,7,Tuesday,1701,Fog,21,1
SG,BOM,DEL,17,8,Friday,905,Rain,57,1
AI,DEL,BLR,23,6,Monday,524,Rain,30,1
AI,MAA,BOM,23,8,Saturday,606,Clear,3,0
6E,HYD,CCU,17,12,Tuesday,1367,Storm,48,1
AI,HYD,CCU,16,5,Saturday,792,Rain,9,0
SG,HYD,BOM,5,5,Saturday,941,Rain,13,0
SG,DEL,BLR,17,9,Wednesday,1213,Rain,60,1
UK,CCU,BOM,5,2,Saturday,958,Rain,3,0
6E,HYD,BOM,10,4,Tuesday,1566,Cloudy,0,0
UK,MAA,BLR,2,2,Thursday,1551,Clear,0,0
AI,DEL,BLR,7,6,Sunday,708,Clear,20,1
UK,MAA,HYD,1,2,Sunday,584,Clear,0,0
AI,MAA,BOM,11,3,Sunday,1187,Clear,0,0
AI,BLR,DEL,1,6,Tuesday,1835,Clear,16,1
AI,CCU,HYD,18,8,Wednesday,841,Cloudy,30,1
AI,HYD,BOM,15,6,Monday,928,Rain,17,1
UK,CCU,BLR,15,10,Sunday,1537,Rain,25,1
UK,MAA,CCU,16,10,Saturday,1084,Rain,19,1
SG,BOM,CCU,18,2,Sunday,1228,Clear,26,1
UK,CCU,HYD,16,9,Monday,1806,Rain,28,1
AI,MAA,CCU,15,1,Wednesday,503,Fog,32,1
AI,BOM,BLR,4,3,Saturday,675,Rain,22,1
SG,MAA,DEL,17,10,Wednesday,797,Clear,14,0
QP,BLR,CCU,11,7,Wednesday,1241,Fog,18,1
6E,CCU,BOM,3,4,Sunday,1517,Clear,11,0
6E,BOM,MAA,11,2,Thursday,533,Cloudy,13,0
6E,BOM,BLR,7,4,Saturday,1342,Clear,0,0
6E,BLR,CCU,4,10,Saturday,468,Rain,25,1
6E,BLR,BOM,13,7,Friday,511,Rain,15,1
UK,HYD,CCU,21,2,Saturday,1777,Rain,0,0
SG,BOM,MAA,0,6,Sunday,901,Clear,15,1
SG,MAA,CCU,3,3,Thursday,891,Clear,1,0
QP,DEL,CCU,21,2,Sunday,786,Storm,54,1
6E,BOM,DEL,16,2,Monday,854,Rain,31,1
UK,HYD,BOM,5,10,Monday,1240,Rain,0,0
6E,BOM,BLR,8,2,Wednesday,549,Rain,32,1
AI,BLR,BOM,2,3,Thursday,659,Clear,0,0
6E,HYD,CCU,20,11,Wednesday,1482,Clear,8,0
6E,BOM,BLR,15,10,Sunday,962,Clear,8,0
UK,CCU,BLR,5,7,Monday,1150,Clear,0,0
AI,CCU,BOM,4,10,Monday,722,Clear,0,0
SG,CCU,DEL,16,1,Friday,1395,Clear,26,1
QP,BLR,DEL,13,3,Monday,1453,Cloudy,11,0
QP,BLR,BOM,17,5,Tuesday,1329,Rain,27,1
AI,CCU,MAA,5,10,Sunday,1179,Clear,5,0
AI,MAA,DEL,23,2,Saturday,884,Rain,8,0
QP,MAA,HYD,3,8,Saturday,1634,Clear,0,0
QP,BOM,HYD,4,1,Wednesday,1608,Fog,41,1
UK,CCU,BOM,17,12,Tuesday,1394,Clear,0,0
6E,HYD,MAA,13,3,Wednesday,646,Clear,3,0
UK,MAA,DEL,9,9,Tuesday,1887,Rain,37,1
UK,MAA,CCU,17,8,Tuesday,1253,Clear,0,0
QP,DEL,CCU,13,5,Saturday,1765,Cloudy,1,0
UK,DEL,BOM,9,10,Tuesday,1465,Rain,23,1
AI,DEL,BLR,5,8,Tuesday,1513,Clear,8,0
SG,HYD,BOM,17,6,Tuesday,899,Cloudy,33,1
SG,CCU,HYD,13,8,Tuesday,1309,Cloudy,24,1
6E,DEL,BLR,21,4,Sunday,761,Clear,1,0
AI,DEL,BLR,10,9,Sunday,990,Cloudy,18,1
AI,BLR,CCU,6,9,Tuesday,1317,Fog,33,1
QP,BLR,HYD,1,6,Saturday,1664,Clear,23,1
UK,DEL,CCU,6,8,Tuesday,1144,Clear,3,0
UK,HYD,BOM,17,10,Wednesday,1510,Clear,10,0
QP,CCU,BLR,6,8,Sunday,1048,Cloudy,19,1
AI,BOM,DEL,13,4,Friday,744,Storm,62,1
6E,DEL,CCU,5,4,Saturday,565,Rain,19,1
QP,BOM,HYD,22,12,Thursday,805,Rain,31,1
UK,BOM,HYD,21,10,Friday,632,Clear,3,0
AI,BLR,HYD,19,4,Tuesday,1401,Cloudy,20,1
SG,DEL,CCU,17,9,Saturday,747,Clear,27,1
AI,BLR,DEL,13,1,Sunday,1053,Clear,0,0
SG,DEL,HYD,0,9,Tuesday,1730,Clear,12,0
SG,MAA,HYD,1,3,Thursday,1667,Clear,20,1
QP,BLR,HYD,10,4,Tuesday,1515,Rain,38,1
UK,DEL,BOM,18,12,Friday,1680,Rain,33,1
6E,DEL,BLR,3,2,Thursday,1120,Clear,0,0
QP,BLR,DEL,13,10,Wednesday,483,Clear,4,0
UK,HYD,BOM,22,5,Wednesday,725,Rain,10,0
SG,BOM,MAA,20,6,Thursday,1383,Clear,30,1
AI,BOM,HYD,13,6,Tuesday,739,Clear,7,0
SG,HYD,CCU,13,11,Wednesday,1831,Fog,40,1
UK,BLR,MAA,1,7,Monday,1187,Rain,20,1
6E,DEL,BOM,0,3,Thursday,1137,Fog,32,1
SG,BLR,MAA,7,1,Friday,612,Rain,19,1
AI,BOM,MAA,19,3,Friday,617,Rain,35,1
SG,CCU,BOM,0,2,Tuesday,1652,Clear,0,0
QP,MAA,DEL,19,2,Saturday,1599,Clear,11,0
UK,BOM,MAA,6,12,Wednesday,1445,Clear,0,0
AI,BOM,MAA,2,6,Saturday,756,Clear,0,0
UK,DEL,BOM,2,12,Saturday,1172,Rain,18,1
UK,MAA,BLR,16,7,Monday,1085,Clear,8,0
UK,CCU,HYD,1,3,Monday,675,Clear,0,0
6E,BOM,MAA,12,2,Thursday,1864,Clear,0,0
SG,HYD,MAA,22,10,Saturday,1068,Rain,23,1
6E,BOM,BLR,14,2,Wednesday,1745,Clear,0,0
UK,CCU,DEL,8,1,Friday,1307,Clear,0,0
UK,BOM,BLR,21,5,Friday,1333,Cloudy,0,0
SG,DEL,MAA,1,4,Saturday,1889,Clear,0,0
SG,CCU,DEL,5,3,Sunday,761,Clear,0,0
QP,CCU,HYD,4,7,Thursday,1254,Clear,0,0
SG,BLR,DEL,0,7,Saturday,936,Rain,45,1
SG,CCU,HYD,22,6,Friday,899,Clear,5,0
QP,BOM,BLR,5,7,Wednesday,816,Clear,5,0
6E,BOM,HYD,1,9,Thursday,736,Clear,3,0
6E,HYD,BLR,21,2,Saturday,1308,Rain,27,1
UK,HYD,CCU,23,5,Sunday,1355,Clear,0,0
UK,BLR,HYD,5,1,Monday,1544,Cloudy,0,0
SG,MAA,HYD,9,12,Wednesday,1498,Clear,9,0
AI,MAA,DEL,16,8,Monday,1389,Rain,38,1
AI,DEL,CCU,10,10,Tuesday,875,Clear,6,0
SG,CCU,HYD,18,10,Tuesday,1102,Clear,21,1
QP,DEL,HYD,5,1,Sunday,1259,Clear,0,0
6E,HYD,BLR,19,6,Wednesday,975,,14,0
6E,BLR,DEL,13,11,Sunday,1608,Clear,0,0
UK,BLR,HYD,0,7,Thursday,1301,Clear,3,0
UK,DEL,BLR,14,8,Monday,1171,Clear,0,0
AI,BLR,CCU,0,12,Wednesday,2026,Storm,41,1
UK,DEL,HYD,20,9,Saturday,994,Rain,34,1
QP,CCU,BLR,23,10,Friday,1613,Storm,42,1
SG,DEL,HYD,3,10,Wednesday,924,Clear,2,0
QP,BLR,HYD,12,5,Monday,1333,Cloudy,2,0
SG,BOM,CCU,8,12,Saturday,1740,Rain,43,1
QP,BOM,BLR,1,11,Thursday,1807,Clear,5,0
6E,BLR,HYD,16,1,Saturday,667,Clear,0,0
AI,CCU,DEL,0,7,Tuesday,1298,Clear,2,0
AI,BLR,DEL,0,3,Tuesday,773,Fog,19,1
QP,CCU,MAA,19,7,Wednesday,1463,Rain,48,1
SG,MAA,BLR,6,10,Tuesday,1325,Clear,0,0
6E,BLR,CCU,21,9,Thursday,1387,Rain,13,0
QP,CCU,BLR,14,10,Thursday,1665,Cloudy,6,0
6E,BLR,MAA,12,6,Monday,687,Clear,1,0
UK,HYD,BOM,9,1,Thursday,643,Clear,0,0
6E,MAA,CCU,8,11,Wednesday,1929,Cloudy,5,0
AI,HYD,DEL,5,1,Thursday,1332,Clear,0,0
6E,MAA,BLR,16,3,Saturday,1098,Clear,7,0
6E,DEL,BLR,14,9,Thursday,1094,Clear,6,0
UK,BLR,HYD,0,6,Tuesday,440,Clear,0,0
AI,HYD,CCU,7,6,Sunday,1735,Cloudy,19,1
6E,BOM,BLR,21,1,Saturday,802,Clear,0,0
UK,CCU,BOM,11,3,Sunday,1436,Rain,9,0
6E,BOM,CCU,6,9,Tuesday,1396,Clear,5,0
SG,BOM,MAA,5,7,Friday,1794,Clear,20,1
SG,BOM,HYD,4,4,Saturday,1368,Clear,12,0
QP,MAA,CCU,20,5,Sunday,1764,Clear,25,1
QP,DEL,BOM,7,6,Tuesday,1107,Clear,0,0
6E,DEL,HYD,7,12,Tuesday,1227,Clear,0,0
SG,MAA,CCU,1,11,Sunday,1062,Clear,4,0
SG,BOM,MAA,21,6,Thursday,1959,Clear,26,1
UK,DEL,HYD,9,3,Tuesday,1392,Cloudy,4,0
SG,BOM,BLR,16,7,Tuesday,1751,Rain,36,1
AI,BLR,CCU,17,1,Sunday,1364,Clear,7,0
6E,DEL,MAA,8,8,Sunday,1321,Clear,13,0
QP,CCU,MAA,11,7,Tuesday,689,Fog,35,1
QP,DEL,HYD,2,11,Thursday,1422,Clear,17,1
AI,BLR,CCU,16,6,Friday,677,Clear,17,1
UK,BOM,BLR,16,7,Thursday,1309,Clear,17,1
6E,BOM,HYD,5,1,Wednesday,639,Clear,3,0
AI,DEL,MAA,4,10,Friday,1092,Cloudy,10,0
AI,CCU,HYD,9,4,Monday,1260,Clear,19,1
UK,CCU,BOM,16,10,Tuesday,1138,Clear,0,0
SG,DEL,MAA,12,3,Monday,970,,0,0
UK,BOM,BLR,1,5,Sunday,635,Clear,7,0
6E,CCU,DEL,13,4,Tuesday,1614,Cloudy,2,0
SG,BLR,BOM,16,11,Sunday,471,Clear,9,0
SG,DEL,BLR,4,10,Wednesday,893,Clear,2,0
QP,DEL,CCU,10,9,Monday,1615,,31,1
6E,BLR,CCU,19,4,Friday,1160,Cloudy,12,0
6E,HYD,BOM,7,9,Wednesday,1147,Storm,40,1
UK,HYD,CCU,2,6,Thursday,918,Clear,0,0
UK,DEL,MAA,22,9,Sunday,517,Cloudy,26,1
UK,BLR,CCU,2,4,Friday,902,Clear,0,0
QP,BOM,DEL,1,7,Monday,1295,Clear,5,0
AI,HYD,DEL,5,12,Monday,846,Cloudy,13,0
UK,BOM,CCU,18,1,Saturday,1116,Clear,14,0
UK,BOM,BLR,15,10,Friday,1263,Clear,2,0
6E,MAA,HYD,5,9,Thursday,1023,Clear,0,0
SG,HYD,CCU,1,6,Saturday,767,Clear,15,1
QP,BLR,MAA,22,11,Tuesday,1655,Cloudy,0,0
UK,DEL,MAA,0,9,Tuesday,602,Clear,0,0
AI,DEL,MAA,22,7,Wednesday,1218,Clear,6,0
AI,MAA,BLR,11,4,Saturday,958,Cloudy,9,0
UK,CCU,DEL,4,9,Sunday,657,Clear,0,0
SG,HYD,BLR,8,1,Tuesday,1230,Clear,6,0
6E,DEL,HYD,7,4,Friday,438,Clear,0,0
6E,BLR,CCU,3,6,Thursday,1073,Clear,5,0
QP,BOM,CCU,10,3,Sunday,843,Storm,46,1
AI,DEL,HYD,15,7,Saturday,1598,Storm,47,1
AI,DEL,BOM,11,11,Tuesday,660,Clear,1,0
AI,BLR,BOM,15,5,Friday,551,Clear,0,0
QP,BLR,BOM,23,5,Monday,482,Cloudy,0,0
UK,HYD,BLR,2,5,Thursday,735,Rain,0,0
AI,MAA,HYD,17,9,Tuesday,593,Cloudy,24,1
6E,BOM,DEL,5,9,Wednesday,1556,Cloudy,5,0
QP,BOM,DEL,0,3,Wednesday,422,Clear,0,0
SG,MAA,HYD,8,11,Thursday,1502,Rain,27,1
6E,BOM,HYD,9,8,Saturday,639,Clear,5,0
6E,DEL,HYD,23,11,Thursday,471,Clear,5,0
AI,CCU,DEL,8,11,Sunday,883,Clear,0,0
SG,BOM,HYD,18,7,Sunday,750,Clear,33,1
AI,DEL,CCU,22,9,Tuesday,1172,Clear,2,0
6E,MAA,BLR,8,8,Saturday,656,Fog,25,1
6E,HYD,DEL,4,8,Tuesday,1715,Cloudy,1,0
SG,DEL,BOM,23,7,Monday,1708,Clear,12,0
SG,CCU,BOM,10,3,Tuesday,954,Clear,8,0
SG,BOM,DEL,10,5,Wednesday,1749,Clear,13,0
6E,MAA,BLR,17,9,Tuesday,1938,Cloudy,15,1
6E,HYD,CCU,9,9,Friday,1666,Fog,18,1
6E,MAA,DEL,12,6,Friday,999,Clear,0,0
AI,MAA,BLR,22,2,Friday,756,Clear,6,0
SG,MAA,CCU,1,2,Sunday,1310,Clear,8,0
UK,DEL,BLR,17,11,Tuesday,1390,Clear,11,0
UK,CCU,MAA,9,2,Sunday,1157,Rain,20,1
QP,DEL,BLR,13,4,Saturday,1271,Clear,4,0
AI,BOM,HYD,21,1,Monday,784,Fog,27,1
QP,BLR,CCU,14,3,Friday,1459,Cloudy,4,0
SG,BOM,HYD,10,11,Tuesday,1653,Clear,7,0
6E,HYD,MAA,23,4,Monday,752,Clear,0,0
SG,DEL,MAA,14,11,Friday,1690,Cloudy,0,0
SG,BLR,DEL,3,10,Monday,344,Rain,23,1
6E,BLR,DEL,2,9,Tuesday,1341,Clear,0,0
6E,HYD,DEL,8,4,Friday,573,Rain,22,1
QP,HYD,BLR,17,12,Monday,646,Clear,4,0
AI,MAA,BLR,10,8,Saturday,1257,Clear,18,1
AI,DEL,BLR,4,10,Monday,772,Clear,3,0
SG,CCU,MAA,23,5,Wednesday,1744,Clear,2,0
QP,BLR,CCU,4,8,Tuesday,1655,Cloudy,15,1
UK,BLR,CCU,2,8,Tuesday,539,Fog,11,0
AI,HYD,DEL,9,8,Thursday,905,Clear,2,0
UK,DEL,MAA,2,8,Tuesday,1260,Clear,8,0
6E,MAA,CCU,14,9,Tuesday,601,Cloudy,5,0
QP,BOM,CCU,10,12,Wednesday,650,Cloudy,1,0
SG,CCU,BLR,22,11,Thursday,393,Clear,21,1
6E,DEL,HYD,4,4,Friday,521,Cloudy,6,0
SG,CCU,BLR,6,11,Monday,1653,Clear,0,0
SG,BLR,DEL,16,5,Tuesday,1404,Clear,4,0
SG,HYD,BOM,16,3,Monday,801,Storm,64,1
6E,CCU,HYD,8,3,Saturday,1051,Rain,15,1
UK,DEL,MAA,22,9,Thursday,1113,Rain,19,1
AI,BLR,MAA,20,6,Tuesday,1525,Rain,43,1
UK,CCU,HYD,14,10,Thursday,731,Cloudy,0,0
6E,DEL,BOM,17,11,Saturday,908,Clear,16,1
UK,DEL,BOM,12,7,Saturday,1097,Clear,0,0
QP,HYD,BOM,11,3,Sunday,612,Rain,25,1
QP,DEL,CCU,13,2,Tuesday,621,Clear,1,0
UK,CCU,DEL,20,12,Tuesday,1605,Fog,41,1
SG,CCU,BLR,0,4,Saturday,1598,Clear,5,0
AI,BOM,MAA,2,1,Sunday,1358,Cloudy,21,1
UK,BOM,CCU,11,5,Tuesday,1615,Clear,0,0
SG,MAA,CCU,13,10,Friday,1741,Rain,26,1
SG,HYD,DEL,4,2,Friday,1465,Cloudy,12,0
QP,MAA,DEL,14,9,Sunday,1341,Clear,0,0
UK,CCU,DEL,0,5,Tuesday,861,Clear,0,0
QP,BLR,MAA,5,11,Wednesday,443,Clear,3,0
QP,BOM,CCU,11,6,Friday,808,Clear,0,0
UK,HYD,BLR,1,7,Sunday,1524,Clear,0,0
AI,HYD,DEL,15,6,Saturday,1530,Clear,0,0
6E,BLR,HYD,12,9,Thursday,1329,Rain,8,0
SG,BOM,CCU,13,1,Wednesday,1224,Clear,2,0
UK,BOM,CCU,12,1,Tuesday,385,Clear,0,0
QP,HYD,BLR,16,7,Wednesday,611,Clear,9,0
QP,BLR,MAA,15,5,Sunday,1791,Cloudy,0,0
AI,BLR,CCU,15,3,Tuesday,1704,Clear,0,0
QP,DEL,MAA,5,10,Sunday,1573,Clear,0,0
6E,CCU,BLR,16,9,Tuesday,596,Clear,11,0
QP,MAA,BOM,4,2,Monday,1781,Clear,0,0
UK,CCU,BLR,0,3,Saturday,1245,Cloudy,5,0
UK,MAA,BLR,23,10,Thursday,1046,Rain,2,0
AI,HYD,CCU,4,6,Saturday,958,Rain,20,1
AI,BOM,MAA,2,4,Sunday,1572,Clear,11,0
UK,HYD,CCU,7,7,Tuesday,1375,Clear,0,0
UK,HYD,MAA,23,5,Thursday,1497,Clear,0,0
UK,CCU,BLR,20,2,Tuesday,392,Cloudy,15,1
AI,BOM,MAA,17,8,Thursday,1134,Rain,50,1
UK,DEL,HYD,4,9,Tuesday,696,Fog,23,1
AI,DEL,MAA,15,1,Tuesday,651,Storm,39,1
AI,BOM,MAA,19,3,Thursday,1360,Cloudy,18,1
UK,HYD,BOM,8,8,Wednesday,1032,Clear,0,0
SG,DEL,BOM,6,10,Saturday,1637,Fog,45,1
SG,DEL,BOM,20,11,Thursday,623,Clear,3,0
QP,BLR,CCU,3,8,Friday,1780,Clear,17,1
QP,MAA,CCU,21,2,Friday,876,Rain,17,1
6E,BLR,DEL,11,5,Monday,1430,Clear,0,0
SG,BOM,HYD,17,4,Thursday,1600,Clear,22,1
AI,BOM,CCU,8,12,Thursday,652,Clear,12,0
QP,MAA,BLR,17,1,Friday,927,Rain,39,1
6E,BLR,HYD,22,5,Monday,900,Clear,0,0
SG,BLR,HYD,11,7,Monday,1692,Clear,2,0
QP,MAA,BOM,5,4,Saturday,1734,Clear,0,0
SG,BLR,CCU,1,9,Saturday,567,Clear,14,0
QP,BLR,DEL,22,2,Wednesday,1543,Clear,7,0
AI,MAA,CCU,23,12,Monday,1006,Cloudy,0,0
AI,BOM,CCU,15,5,Tuesday,1489,Clear,11,0
SG,HYD,BOM,0,5,Friday,1520,Clear,10,0
UK,HYD,DEL,21,12,Friday,1380,Rain,0,0
AI,BOM,CCU,11,2,Saturday,1576,Clear,10,0
SG,DEL,BLR,5,6,Thursday,898,Cloudy,15,1
AI,CCU,BOM,8,1,Saturday,556,Clear,16,1
QP,BOM,DEL,22,7,Tuesday,1125,Clear,8,0
AI,BLR,BOM,18,4,Tuesday,1692,Cloudy,38,1
UK,HYD,BOM,14,9,Wednesday,871,Fog,20,1
QP,DEL,CCU,17,7,Saturday,1679,Rain,38,1
UK,DEL,CCU,20,8,Sunday,546,Fog,49,1
SG,BLR,BOM,15,11,Monday,706,Clear,6,0
SG,CCU,BOM,7,12,Tuesday,1666,Clear,8,0
QP,HYD,BOM,1,3,Monday,765,Rain,11,0
UK,HYD,BLR,2,7,Saturday,1721,Rain,21,1
QP,HYD,MAA,5,10,Saturday,876,Clear,0,0
UK,CCU,DEL,18,2,Sunday,642,Clear,0,0
QP,CCU,BLR,2,6,Tuesday,760,Clear,6,0
SG,DEL,MAA,3,7,Thursday,1534,Cloudy,38,1
AI,HYD,DEL,23,11,Thursday,727,Cloudy,6,0
SG,HYD,BOM,9,2,Sunday,1239,Clear,3,0
QP,BOM,MAA,3,11,Sunday,1255,Clear,1,0
AI,CCU,HYD,20,3,Saturday,1256,Rain,36,1
QP,BOM,HYD,23,11,Tuesday,624,Clear,0,0
AI,CCU,DEL,12,8,Wednesday,1535,Rain,23,1
QP,DEL,BLR,2,5,Saturday,1576,Rain,26,1
SG,HYD,BLR,15,2,Friday,1375,Fog,35,1
AI,MAA,DEL,20,5,Friday,1155,Clear,6,0
SG,HYD,BLR,23,9,Monday,1351,Cloudy,2,0
AI,DEL,HYD,13,3,Wednesday,879,Cloudy,8,0
UK,DEL,BOM,22,9,Sunday,1698,Clear,2,0
QP,HYD,MAA,19,3,Thursday,1585,Clear,11,0
6E,CCU,MAA,3,1,Sunday,793,Clear,0,0
AI,HYD,MAA,15,8,Wednesday,1213,Clear,5,0
UK,DEL,MAA,15,10,Saturday,1418,Clear,0,0
6E,MAA,CCU,18,12,Saturday,844,Clear,9,0
AI,BLR,CCU,12,7,Friday,689,Rain,30,1
UK,DEL,MAA,17,8,Saturday,509,Rain,29,1
6E,BLR,CCU,14,9,Monday,538,Cloudy,3,0
AI,BOM,DEL,6,5,Wednesday,1272,Rain,23,1
6E,CCU,DEL,11,1,Monday,1092,Clear,9,0
AI,CCU,MAA,22,3,Friday,1384,Cloudy,8,0
QP,DEL,CCU,20,5,Wednesday,1428,Clear,28,1
QP,HYD,DEL,15,8,Thursday,1417,Clear,0,0
6E,DEL,MAA,7,4,Saturday,1045,Cloudy,1,0
QP,BLR,DEL,4,3,Saturday,1590,Fog,20,1
UK,DEL,HYD,6,11,Friday,1926,Clear,0,0
QP,MAA,HYD,7,2,Monday,1612,Cloudy,0,0
AI,DEL,CCU,23,10,Friday,1349,Clear,7,0
6E,CCU,MAA,12,2,Wednesday,1025,Cloudy,1,0
SG,BOM,BLR,9,4,Sunday,1005,Clear,31,1
6E,BOM,HYD,21,11,Wednesday,826,Clear,6,0
QP,CCU,MAA,8,11,Saturday,1945,Clear,5,0
UK,CCU,BLR,19,5,Friday,1530,Clear,5,0
UK,DEL,HYD,15,1,Wednesday,1553,Cloudy,0,0
UK,DEL,HYD,7,12,Tuesday,1194,Cloudy,2,0
SG,CCU,HYD,23,11,Tuesday,1531,Rain,33,1
AI,CCU,BLR,16,6,Thursday,756,Fog,58,1
SG,BLR,MAA,23,1,Sunday,1600,Clear,2,0
SG,DEL,CCU,0,9,Sunday,1588,Rain,30,1
QP,DEL,BLR,6,10,Wednesday,1218,Clear,0,0
QP,BOM,MAA,7,10,Monday,487,Clear,2,0
SG,MAA,BOM,16,9,Tuesday,1506,Rain,39,1
UK,DEL,MAA,20,11,Thursday,514,Rain,30,1
UK,HYD,BOM,2,7,Wednesday,529,Clear,0,0
6E,MAA,BOM,3,2,Monday,708,Rain,12,0
QP,DEL,HYD,16,9,Tuesday,1015,Rain,44,1
6E,CCU,BLR,8,3,Friday,787,Clear,3,0
UK,CCU,DEL,16,8,Tuesday,1419,Cloudy,8,0
AI,BOM,HYD,0,2,Tuesday,957,Clear,11,0
6E,DEL,MAA,12,1,Wednesday,1704,Clear,0,0
6E,BOM,DEL,0,6,Sunday,1254,Clear,0,0
UK,BOM,MAA,22,8,Saturday,1366,Storm,41,1
UK,BOM,BLR,3,2,Wednesday,801,Rain,16,1
SG,CCU,BLR,4,10,Saturday,1465,Clear,10,0
UK,DEL,HYD,2,8,Sunday,1533,Clear,6,0
AI,BOM,MAA,5,10,Tuesday,1182,Clear,2,0
UK,MAA,BOM,11,5,Monday,927,Clear,0,0
AI,DEL,BLR,14,8,Tuesday,1215,Clear,5,0
QP,DEL,MAA,21,12,Saturday,1076,Cloudy,4,0
SG,BOM,HYD,21,3,Monday,380,Clear,10,0
6E,CCU,HYD,2,10,Tuesday,1454,Cloudy,0,0
6E,CCU,BLR,10,8,Sunday,1194,Cloudy,19,1
AI,CCU,DEL,20,9,Tuesday,527,Clear,16,1
6E,CCU,HYD,3,8,Thursday,1702,Fog,26,1
AI,DEL,BLR,16,9,Sunday,1051,Fog,54,1
QP,BLR,BOM,10,10,Saturday,1565,Clear,0,0
AI,HYD,CCU,4,1,Wednesday,1290,Clear,0,0
SG,DEL,MAA,1,1,Tuesday,1149,Rain,30,1
UK,CCU,BOM,6,2,Friday,908,Cloudy,0,0
6E,HYD,DEL,0,12,Wednesday,1814,Storm,30,1
QP,CCU,MAA,4,6,Saturday,534,Clear,7,0
AI,BOM,DEL,13,12,Friday,610,Rain,37,1
QP,MAA,DEL,18,11,Wednesday,1034,Clear,0,0
SG,DEL,HYD,12,5,Wednesday,417,Cloudy,3,0
SG,DEL,CCU,17,2,Monday,699,Clear,20,1
QP,HYD,CCU,1,11,Friday,550,Cloudy,9,0
UK,DEL,BLR,7,6,Sunday,1763,Clear,0,0
6E,BOM,MAA,15,4,Sunday,482,Clear,0,0
AI,MAA,BLR,1,10,Friday,609,Rain,23,1
QP,BLR,CCU,14,6,Saturday,1725,Clear,0,0
UK,BLR,HYD,4,4,Sunday,630,Clear,3,0
QP,BOM,CCU,10,5,Tuesday,778,Clear,3,0
6E,MAA,BLR,15,12,Saturday,1342,Cloudy,0,0
QP,CCU,BLR,23,4,Monday,546,Clear,0,0
QP,MAA,DEL,2,12,Saturday,677,Fog,22,1
6E,BLR,MAA,13,8,Tuesday,1821,Cloudy,4,0
UK,BLR,DEL,12,1,Friday,1688,,22,1
SG,DEL,MAA,1,2,Monday,1383,Clear,28,1
6E,DEL,HYD,14,8,Monday,666,Cloudy,2,0
AI,BOM,CCU,1,2,Friday,1793,Rain,34,1
6E,BLR,BOM,16,2,Sunday,1047,Fog,48,1
UK,CCU,MAA,4,6,Monday,969,Cloudy,12,0
AI,CCU,HYD,3,6,Saturday,1464,Fog,29,1
6E,DEL,BLR,1,12,Saturday,1442,Clear,0,0
QP,BOM,CCU,11,11,Saturday,659,Clear,0,0
AI,DEL,BLR,5,12,Tuesday,1307,Clear,9,0
AI,DEL,CCU,11,1,Sunday,1920,Clear,5,0
UK,BLR,DEL,21,10,Friday,1412,Fog,24,1
AI,CCU,MAA,20,12,Tuesday,1626,Clear,24,1
AI,BOM,BLR,18,8,Sunday,1547,Clear,28,1
AI,MAA,BLR,11,12,Tuesday,874,Clear,0,0
AI,BLR,DEL,2,10,Thursday,577,Cloudy,2,0
QP,HYD,DEL,9,9,Tuesday,997,Clear,14,0
AI,CCU,BLR,0,5,Wednesday,950,Rain,17,1
UK,MAA,DEL,2,5,Friday,696,Fog,21,1
SG,MAA,DEL,7,5,Sunday,1239,Clear,7,0
SG,BLR,BOM,16,4,Thursday,1145,Clear,20,1
SG,DEL,HYD,18,7,Friday,1392,Clear,33,1
6E,CCU,DEL,14,6,Monday,858,Clear,0,0
QP,CCU,BOM,6,4,Tuesday,721,Clear,0,0
AI,CCU,MAA,17,3,Friday,994,Clear,4,0
AI,BLR,HYD,23,7,Monday,392,Clear,2,0
QP,BOM,HYD,15,1,Wednesday,1643,Clear,5,0
AI,BOM,CCU,18,5,Monday,1460,Rain,45,1
AI,BLR,BOM,21,1,Thursday,1694,Cloudy,1,0
AI,BLR,MAA,17,5,Tuesday,1460,Cloudy,34,1
AI,BOM,MAA,21,8,Tuesday,994,Cloudy,4,0
AI,CCU,BLR,7,8,Thursday,1750,Rain,34,1
UK,HYD,BOM,7,1,Tuesday,620,Cloudy,0,0
SG,BOM,BLR,4,9,Saturday,1271,Clear,17,1
AI,HYD,CCU,4,4,Thursday,570,Clear,0,0
QP,MAA,BOM,13,6,Sunday,1486,Clear,5,0
AI,HYD,MAA,22,9,Tuesday,1896,Clear,16,1
SG,CCU,DEL,5,1,Monday,1424,Fog,25,1
QP,CCU,BLR,17,3,Wednesday,647,Clear,7,0
UK,BLR,CCU,1,2,Monday,652,Rain,10,0
UK,BLR,HYD,23,4,Wednesday,1408,Fog,17,1
AI,BOM,MAA,12,1,Saturday,1161,Clear,0,0
6E,MAA,BOM,11,1,Sunday,519,Clear,0,0
QP,CCU,MAA,8,7,Thursday,1332,Clear,12,0
6E,HYD,CCU,23,2,Tuesday,1601,Rain,25,1
AI,BOM,CCU,10,6,Wednesday,1376,Rain,44,1
SG,HYD,BLR,2,3,Wednesday,979,Rain,28,1
SG,MAA,HYD,13,12,Monday,1849,Clear,8,0
AI,DEL,CCU,14,2,Saturday,1098,Cloudy,3,0
AI,HYD,MAA,17,6,Saturday,1854,Cloudy,21,1
AI,HYD,CCU,11,6,Wednesday,551,Clear,0,0
AI,HYD,DEL,6,9,Thursday,582,Rain,32,1
SG,HYD,BOM,0,2,Thursday,1831,Rain,23,1
AI,CCU,MAA,23,12,Thursday,557,Cloudy,7,0
SG,DEL,MAA,4,4,Saturday,1076,Clear,6,0
AI,HYD,DEL,8,1,Friday,1344,Clear,14,0
QP,MAA,HYD,3,9,Monday,535,Clear,0,0
SG,MAA,DEL,5,7,Tuesday,696,Clear,6,0
6E,BLR,DEL,1,8,Sunday,549,Rain,36,1
UK,CCU,DEL,8,11,Wednesday,1338,Clear,1,0
AI,BOM,CCU,22,5,Thursday,1599,Clear,1,0
AI,BLR,BOM,5,11,Saturday,1587,Clear,2,0
UK,MAA,BLR,23,12,Saturday,927,Clear,0,0
AI,BLR,BOM,15,7,Thursday,1700,Clear,2,0
SG,BLR,CCU,21,10,Sunday,1119,Clear,3,0
6E,HYD,CCU,14,1,Friday,856,Cloudy,0,0
AI,HYD,BOM,23,8,Sunday,760,Clear,11,0
UK,CCU,MAA,13,1,Thursday,987,Clear,0,0
UK,HYD,DEL,19,6,Tuesday,923,Clear,14,0
SG,BOM,CCU,0,9,Monday,1676,Clear,18,1
AI,DEL,BLR,22,1,Thursday,1385,Clear,0,0
UK,CCU,BLR,0,5,Sunday,1413,Fog,20,1
QP,BLR,BOM,4,5,Wednesday,467,Clear,0,0
6E,BOM,CCU,17,3,Saturday,1179,Rain,39,1
QP,BOM,HYD,6,7,Thursday,871,Fog,35,1
SG,DEL,CCU,1,10,Saturday,1314,Fog,44,1
UK,BOM,MAA,20,12,Saturday,1639,Rain,28,1
QP,MAA,HYD,12,11,Friday,1574,Rain,25,1
QP,HYD,DEL,11,12,Wednesday,1235,Clear,4,0
6E,HYD,MAA,7,3,Wednesday,700,Clear,0,0
QP,DEL,CCU,17,2,Thursday,1557,Cloudy,14,0
AI,MAA,BLR,7,3,Saturday,1332,Clear,0,0
AI,CCU,BLR,13,12,Friday,405,Cloudy,25,1
AI,CCU,DEL,3,3,Tuesday,448,Clear,0,0
6E,BLR,HYD,7,10,Tuesday,1680,Clear,0,0
QP,HYD,MAA,0,5,Wednesday,641,Cloudy,0,0
SG,BOM,BLR,6,9,Friday,1472,Cloudy,23,1
SG,CCU,MAA,9,10,Saturday,446,Clear,12,0
AI,CCU,DEL,17,11,Tuesday,659,Clear,21,1
UK,BOM,MAA,19,2,Saturday,452,Rain,20,1
6E,BLR,HYD,12,4,Friday,1056,Rain,29,1
UK,BOM,MAA,22,2,Tuesday,1644,Clear,0,0
6E,HYD,BLR,8,5,Tuesday,912,Cloudy,10,0
6E,BOM,HYD,11,5,Tuesday,980,Clear,4,0
QP,MAA,HYD,14,11,Saturday,1865,Clear,0,0
UK,CCU,HYD,4,9,Tuesday,1258,Clear,11,0
UK,CCU,HYD,10,2,Tuesday,1337,Clear,7,0
AI,BOM,HYD,21,6,Wednesday,1347,Clear,11,0
SG,DEL,BOM,11,9,Friday,1439,Clear,29,1
UK,MAA,CCU,22,9,Thursday,707,Cloudy,20,1
6E,DEL,BLR,16,10,Friday,1719,Clear,23,1
SG,BLR,DEL,4,3,Wednesday,1336,Cloudy,0,0
AI,CCU,BOM,10,11,Wednesday,878,Clear,0,0
UK,BLR,CCU,8,11,Friday,1304,Storm,44,1
QP,DEL,BOM,22,3,Friday,540,Cloudy,4,0
UK,CCU,MAA,8,8,Saturday,1552,Rain,21,1
AI,MAA,BLR,11,9,Saturday,1068,Clear,6,0
6E,BOM,BLR,16,11,Wednesday,546,Clear,6,0
AI,HYD,DEL,23,2,Monday,1891,Clear,4,0
UK,HYD,BOM,13,3,Monday,990,Rain,15,1
6E,HYD,BOM,20,11,Friday,1461,Cloudy,7,0
AI,CCU,MAA,2,1,Thursday,1576,Rain,26,1
SG,MAA,HYD,21,6,Wednesday,477,Cloudy,9,0
AI,BOM,BLR,4,4,Saturday,924,Clear,8,0
6E,CCU,BLR,18,8,Friday,1947,Clear,19,1
QP,CCU,BOM,12,6,Sunday,1103,Clear,16,1
AI,DEL,CCU,14,11,Sunday,1132,Clear,7,0
6E,BOM,DEL,2,1,Saturday,1710,Cloudy,17,1
6E,HYD,CCU,12,7,Friday,943,Cloudy,10,0
UK,CCU,BLR,2,7,Sunday,1064,Cloudy,0,0
6E,MAA,BOM,13,7,Tuesday,1276,Clear,2,0
QP,HYD,CCU,9,1,Sunday,1643,Clear,1,0
AI,BOM,HYD,4,6,Wednesday,1390,Clear,0,0
QP,DEL,HYD,11,11,Tuesday,1424,Clear,0,0
UK,CCU,BLR,5,8,Thursday,1693,Clear,3,0
AI,HYD,DEL,1,2,Sunday,678,Clear,5,0
AI,BLR,DEL,0,9,Monday,977,Fog,40,1
AI,CCU,BLR,8,12,Tuesday,1315,Clear,7,0
6E,DEL,MAA,17,10,Friday,1271,Cloudy,19,1
6E,BOM,BLR,13,2,Friday,663,Cloudy,0,0
SG,CCU,BLR,2,1,Friday,471,Cloudy,20,1
6E,BOM,HYD,10,3,Sunday,1222,Cloudy,19,1
SG,CCU,BOM,13,5,Saturday,1056,Cloudy,6,0
6E,CCU,BLR,5,12,Saturday,867,Rain,28,1
6E,DEL,HYD,3,6,Monday,1690,Clear,13,0
6E,BLR,CCU,5,12,Wednesday,681,Clear,0,0
6E,MAA,BLR,1,2,Friday,1386,Cloudy,2,0
QP,BLR,MAA,5,10,Saturday,1737,Clear,12,0
6E,BOM,HYD,12,10,Wednesday,1821,Clear,0,0
6E,DEL,MAA,19,12,Friday,1810,Clear,0,0
QP,DEL,BLR,20,7,Tuesday,701,Cloudy,34,1
SG,BOM,DEL,16,8,Sunday,1550,Rain,60,1
AI,BOM,CCU,8,1,Thursday,1208,Clear,15,1
QP,BOM,HYD,22,11,Monday,1834,Clear,10,0
AI,CCU,DEL,22,8,Friday,1063,Clear,20,1
AI,HYD,BLR,8,9,Tuesday,764,Storm,60,1
UK,DEL,CCU,0,5,Thursday,517,Clear,0,0
SG,DEL,HYD,10,1,Wednesday,1404,Clear,16,1
AI,DEL,BLR,11,9,Saturday,1088,Clear,12,0
SG,BOM,CCU,16,9,Saturday,1020,Clear,34,1
AI,MAA,CCU,3,3,Tuesday,1058,Cloudy,0,0
SG,DEL,BLR,13,10,Wednesday,1409,Clear,6,0
AI,BLR,CCU,7,1,Wednesday,471,Clear,0,0
UK,BLR,MAA,11,8,Saturday,789,Clear,0,0
SG,DEL,BLR,0,2,Tuesday,591,Cloudy,25,1
6E,DEL,MAA,12,10,Friday,1191,Clear,0,0
SG,BOM,MAA,0,6,Monday,1220,Clear,1,0
SG,DEL,BOM,20,4,Sunday,1516,Rain,46,1
SG,MAA,DEL,17,9,Wednesday,593,Fog,50,1
6E,CCU,MAA,22,10,Tuesday,1202,Clear,0,0
SG,HYD,DEL,15,8,Saturday,918,Cloudy,4,0
SG,MAA,BLR,23,9,Friday,1461,Cloudy,27,1
6E,MAA,BLR,5,1,Thursday,1678,Rain,16,1
SG,CCU,MAA,0,10,Sunday,909,Clear,21,1
QP,DEL,HYD,21,8,Wednesday,1076,Cloudy,22,1
QP,CCU,DEL,15,2,Thursday,1273,Rain,14,0
SG,BLR,DEL,16,6,Thursday,1134,Clear,26,1
SG,HYD,BLR,6,8,Tuesday,868,Clear,10,0
QP,MAA,HYD,8,10,Wednesday,1008,Clear,12,0
6E,BLR,DEL,16,7,Friday,1591,Rain,35,1
SG,BOM,CCU,9,4,Monday,581,Clear,2,0
AI,DEL,BOM,1,4,Saturday,1386,Cloudy,12,0
6E,BOM,CCU,7,9,Friday,1680,Cloudy,14,0
QP,DEL,BOM,9,11,Friday,1803,Clear,10,0
6E,BLR,BOM,19,8,Saturday,1371,Clear,16,1
QP,MAA,HYD,8,10,Thursday,658,Clear,0,0
UK,BLR,HYD,11,8,Saturday,1109,Clear,0,0
6E,HYD,MAA,14,6,Saturday,1570,Rain,21,1
AI,BOM,CCU,3,5,Tuesday,736,Clear,2,0
UK,HYD,BOM,13,6,Tuesday,1507,Storm,52,1
UK,CCU,BOM,4,1,Thursday,1460,Fog,21,1
UK,BOM,BLR,21,7,Monday,589,Rain,11,0
AI,BLR,CCU,7,3,Thursday,976,Clear,0,0
6E,CCU,BLR,7,11,Sunday,881,Clear,6,0
AI,HYD,CCU,9,11,Saturday,1179,Cloudy,7,0
6E,BLR,BOM,8,6,Saturday,1543,Clear,0,0
QP,DEL,BOM,14,8,Tuesday,903,Fog,42,1
AI,CCU,DEL,17,1,Saturday,327,Cloudy,28,1
SG,HYD,BOM,23,7,Monday,1001,Rain,27,1
AI,DEL,BOM,21,11,Wednesday,1812,Storm,44,1
UK,HYD,BLR,6,7,Sunday,1915,Fog,34,1
QP,CCU,MAA,14,11,Saturday,1146,Clear,0,0
6E,CCU,BLR,7,1,Tuesday,976,Storm,43,1
AI,BOM,MAA,19,12,Thursday,1209,Clear,16,1
UK,BLR,DEL,0,5,Sunday,984,Rain,21,1
6E,CCU,BLR,23,1,Thursday,1016,Cloudy,0,0
QP,MAA,DEL,8,8,Friday,1221,Clear,11,0
QP,HYD,DEL,17,8,Wednesday,1116,Clear,20,1
SG,BOM,BLR,16,2,Thursday,693,Cloudy,29,1
SG,MAA,HYD,8,5,Thursday,1417,Clear,0,0
SG,HYD,BOM,23,12,Tuesday,1866,Cloudy,14,0
SG,HYD,DEL,6,3,Sunday,1467,Clear,11,0
UK,CCU,HYD,17,1,Sunday,607,Clear,10,0
QP,BLR,MAA,22,10,Monday,1229,Cloudy,4,0
6E,HYD,MAA,2,9,Tuesday,625,Clear,4,0
AI,DEL,BOM,22,6,Friday,1109,Cloudy,23,1
SG,MAA,HYD,21,4,Wednesday,1399,Clear,0,0
SG,HYD,MAA,9,11,Friday,1859,Fog,34,1
QP,CCU,BLR,20,11,Monday,1282,Fog,52,1
6E,BOM,BLR,0,1,Saturday,764,Cloudy,2,0
UK,CCU,MAA,4,10,Monday,850,Clear,0,0
UK,HYD,CCU,18,6,Tuesday,1159,Clear,0,0
6E,BOM,DEL,22,4,Saturday,615,Clear,0,0
SG,DEL,MAA,3,5,Wednesday,872,Rain,33,1
UK,BOM,CCU,17,6,Tuesday,856,Clear,30,1
SG,BOM,HYD,2,7,Sunday,1780,Clear,24,1
UK,HYD,DEL,18,12,Friday,761,Clear,10,0
6E,CCU,MAA,21,1,Wednesday,1238,Clear,0,0
QP,CCU,BOM,11,8,Saturday,1015,Rain,23,1
UK,MAA,BOM,2,1,Monday,1349,Clear,3,0
SG,BLR,DEL,4,1,Thursday,1306,Clear,9,0
UK,HYD,BOM,12,4,Tuesday,753,Clear,0,0
6E,BOM,MAA,19,10,Friday,1335,Clear,28,1
QP,BOM,HYD,12,5,Tuesday,1762,Clear,0,0
6E,HYD,DEL,11,5,Tuesday,1487,Cloudy,0,0
QP,MAA,HYD,14,11,Tuesday,861,Rain,19,1
UK,DEL,MAA,23,4,Saturday,652,Cloudy,0,0
AI,DEL,BOM,18,10,Sunday,1436,Clear,11,0
AI,BOM,HYD,3,10,Tuesday,1246,Cloudy,21,1
QP,BOM,MAA,4,8,Tuesday,530,Clear,7,0
UK,DEL,HYD,8,12,Friday,582,Cloudy,13,0
6E,DEL,BLR,6,12,Friday,522,Rain,18,1
QP,DEL,MAA,17,1,Saturday,1282,Rain,31,1
SG,BLR,MAA,23,3,Saturday,807,Rain,21,1
SG,MAA,DEL,13,5,Saturday,950,Clear,0,0
SG,DEL,BOM,21,8,Monday,2015,Rain,46,1
AI,BOM,HYD,10,4,Monday,1220,Clear,12,0
AI,CCU,BOM,16,8,Tuesday,556,Clear,13,0
SG,BOM,CCU,16,11,Wednesday,1140,Cloudy,15,1
AI,CCU,BLR,7,1,Saturday,819,Cloudy,14,0
SG,HYD,MAA,17,11,Saturday,1524,Rain,42,1
AI,MAA,HYD,12,6,Saturday,1071,Rain,23,1
6E,BOM,CCU,13,11,Saturday,636,Rain,13,0
SG,BOM,DEL,6,9,Wednesday,821,Cloudy,20,1
SG,BLR,MAA,7,1,Friday,1307,Cloudy,14,0
SG,DEL,HYD,20,11,Monday,934,Clear,22,1
SG,BOM,MAA,14,1,Monday,869,Clear,13,0
AI,CCU,HYD,3,4,Saturday,1767,Clear,9,0
QP,DEL,CCU,13,7,Wednesday,502,Clear,13,0
6E,HYD,CCU,14,11,Saturday,870,Rain,4,0
AI,MAA,BLR,19,3,Sunday,1252,Cloudy,25,1
QP,DEL,BLR,20,7,Friday,1634,Cloudy,35,1
AI,DEL,BOM,15,2,Monday,1476,Clear,0,0
UK,HYD,DEL,0,5,Friday,728,Cloudy,0,0
UK,BOM,BLR,11,4,Saturday,1424,Cloudy,4,0
SG,CCU,DEL,4,6,Tuesday,1557,Clear,1,0
AI,BOM,DEL,0,9,Wednesday,428,Clear,4,0
AI,DEL,CCU,22,9,Friday,1157,Cloudy,23,1
UK,BOM,BLR,4,9,Saturday,1280,Clear,0,0
UK,BOM,CCU,5,1,Tuesday,709,Cloudy,7,0
SG,DEL,BOM,8,10,Monday,1328,Storm,62,1
SG,HYD,CCU,11,8,Friday,1020,Clear,0,0
AI,BLR,MAA,14,1,Monday,546,Clear,0,0
QP,HYD,BLR,7,12,Thursday,1006,Clear,1,0
UK,BOM,HYD,19,10,Wednesday,998,Clear,10,0
QP,DEL,CCU,3,9,Thursday,1494,Cloudy,0,0
QP,DEL,HYD,23,6,Sunday,835,Clear,22,1
AI,DEL,CCU,20,10,Sunday,1667,Clear,22,1
UK,CCU,DEL,14,4,Friday,1462,Clear,0,0
UK,BOM,DEL,1,9,Wednesday,1329,Rain,16,1
UK,BOM,DEL,17,8,Friday,911,Clear,26,1
6E,HYD,BOM,16,8,Monday,700,Clear,13,0
UK,DEL,MAA,14,10,Sunday,639,Clear,0,0
UK,HYD,CCU,6,3,Sunday,883,Clear,0,0
AI,HYD,BLR,10,2,Wednesday,1111,Clear,0,0
6E,MAA,BLR,9,7,Monday,1603,Clear,0,0
AI,DEL,CCU,14,10,Saturday,1453,Rain,23,1
QP,DEL,HYD,7,4,Monday,1621,Rain,17,1
SG,MAA,HYD,9,7,Monday,1047,Cloudy,26,1
6E,BLR,DEL,21,12,Monday,454,Rain,25,1
6E,DEL,BOM,10,8,Tuesday,1518,Clear,11,0
AI,HYD,MAA,14,1,Sunday,1584,Fog,21,1
6E,BLR,MAA,21,11,Thursday,1376,Rain,13,0
QP,CCU,BLR,22,12,Tuesday,1170,Cloudy,2,0
AI,CCU,MAA,13,9,Sunday,628,Clear,23,1
AI,HYD,MAA,6,8,Wednesday,1505,Rain,26,1
QP,DEL,CCU,2,8,Friday,1844,Rain,46,1
UK,MAA,CCU,20,8,Thursday,965,Clear,0,0
AI,BOM,MAA,12,5,Monday,1281,Clear,3,0
UK,CCU,BOM,13,8,Friday,450,Clear,0,0
SG,HYD,BOM,22,7,Sunday,764,Rain,30,1
6E,BLR,CCU,8,10,Sunday,1391,Fog,36,1
6E,CCU,BOM,2,11,Saturday,792,Clear,0,0
SG,HYD,DEL,16,9,Friday,512,Clear,18,1
UK,BLR,DEL,23,12,Saturday,1167,Clear,0,0
QP,BOM,CCU,4,6,Sunday,1423,Rain,35,1
6E,HYD,CCU,23,10,Thursday,496,Clear,0,0
6E,BOM,BLR,12,5,Sunday,963,Rain,26,1
AI,DEL,MAA,13,10,Wednesday,1590,Clear,8,0
SG,DEL,BOM,23,4,Wednesday,678,Clear,14,0
UK,HYD,BOM,7,9,Monday,482,Clear,0,0
6E,CCU,BLR,17,1,Thursday,1911,Clear,7,0
SG,BOM,MAA,0,10,Friday,738,Storm,52,1
6E,BOM,HYD,16,4,Wednesday,1239,Clear,11,0
AI,HYD,MAA,0,3,Monday,1066,Cloudy,3,0
UK,DEL,HYD,0,5,Thursday,1322,Fog,19,1
UK,DEL,BLR,9,6,Friday,1558,Rain,34,1
UK,HYD,BLR,8,2,Monday,1335,Storm,57,1
UK,HYD,DEL,18,7,Thursday,1646,Clear,11,0
QP,DEL,BOM,21,2,Wednesday,1424,Cloudy,0,0
6E,BOM,MAA,22,7,Friday,694,Clear,19,1
6E,BOM,BLR,14,5,Monday,1134,Rain,31,1
UK,MAA,DEL,3,8,Saturday,417,Cloudy,6,0
AI,HYD,BOM,16,2,Wednesday,958,Rain,40,1
AI,MAA,CCU,11,12,Wednesday,1459,Clear,15,1
UK,DEL,BLR,12,1,Monday,1807,Cloudy,4,0
UK,CCU,MAA,12,11,Thursday,822,Rain,20,1
SG,BOM,HYD,21,5,Wednesday,629,Clear,16,1
AI,CCU,DEL,9,10,Monday,803,Clear,1,0
QP,CCU,BLR,23,8,Friday,990,Clear,20,1
UK,BLR,HYD,12,10,Wednesday,548,Rain,11,0
AI,MAA,BOM,16,7,Wednesday,1056,Clear,24,1
6E,MAA,BOM,22,10,Monday,1936,Clear,0,0
6E,MAA,CCU,19,8,Friday,1014,Fog,39,1
UK,DEL,BOM,10,9,Monday,1536,Clear,18,1
UK,DEL,CCU,4,7,Friday,701,Rain,23,1
UK,CCU,BOM,3,4,Wednesday,1082,Rain,15,1
UK,MAA,BLR,8,11,Saturday,1076,Clear,0,0
QP,HYD,DEL,15,11,Wednesday,1252,Clear,0,0
QP,BOM,CCU,19,9,Friday,1147,Clear,20,1
UK,BLR,BOM,0,4,Sunday,1916,Clear,0,0
QP,BLR,MAA,11,5,Tuesday,1940,Clear,0,0
QP,BLR,BOM,22,9,Monday,1672,Cloudy,16,1
QP,HYD,DEL,19,3,Friday,1392,Clear,14,0
6E,MAA,BLR,22,2,Tuesday,1180,Storm,32,1
UK,BLR,HYD,22,5,Tuesday,1408,Cloudy,0,0
6E,CCU,BLR,2,7,Saturday,1787,Clear,1,0
AI,DEL,CCU,16,11,Friday,1237,Cloudy,20,1
AI,MAA,HYD,13,4,Monday,1443,Clear,4,0
SG,MAA,BOM,11,3,Friday,1448,Clear,0,0
UK,HYD,BLR,19,9,Friday,1270,Clear,11,0
QP,BLR,DEL,22,11,Wednesday,967,Clear,5,0
SG,BLR,MAA,11,11,Saturday,1070,Cloudy,9,0
AI,BLR,HYD,15,8,Saturday,1077,Clear,18,1
QP,CCU,BLR,11,1,Friday,1961,Clear,0,0
UK,DEL,MAA,15,8,Tuesday,638,Rain,12,0
UK,HYD,CCU,23,2,Wednesday,661,Clear,0,0
QP,CCU,DEL,19,10,Thursday,1025,Clear,16,1
SG,HYD,DEL,5,12,Monday,1294,Clear,0,0
AI,HYD,BOM,20,8,Wednesday,520,Rain,49,1
AI,HYD,MAA,12,3,Sunday,635,Cloudy,19,1
UK,HYD,DEL,14,4,Friday,909,Clear,0,0
AI,HYD,BOM,2,9,Sunday,756,Clear,0,0
AI,CCU,BLR,10,10,Wednesday,1525,Rain,16,1
SG,MAA,BLR,7,10,Saturday,520,Clear,2,0
AI,CCU,BOM,2,2,Saturday,1667,Clear,2,0
AI,HYD,MAA,20,9,Tuesday,829,Cloudy,24,1
UK,MAA,CCU,3,12,Tuesday,1278,Clear,0,0
AI,CCU,MAA,17,1,Thursday,1737,Clear,7,0
6E,BOM,BLR,17,6,Friday,1009,Cloudy,26,1
QP,CCU,BLR,14,9,Friday,816,Clear,9,0
SG,MAA,CCU,20,7,Sunday,1587,Clear,42,1
QP,BLR,CCU,2,12,Monday,1604,Rain,25,1
6E,MAA,CCU,0,9,Friday,1116,Clear,3,0
SG,BOM,HYD,20,5,Sunday,1790,Cloudy,23,1
6E,MAA,BOM,4,8,Tuesday,1423,Clear,8,0
6E,HYD,MAA,7,9,Sunday,1119,Rain,36,1
AI,CCU,MAA,16,10,Saturday,1480,Cloudy,10,0
QP,HYD,BOM,12,4,Tuesday,1622,Clear,0,0
AI,HYD,MAA,4,11,Tuesday,1330,Clear,0,0
6E,HYD,MAA,5,12,Tuesday,1510,Clear,0,0
UK,HYD,BOM,20,3,Monday,1692,Storm,53,1
UK,CCU,DEL,12,3,Wednesday,1154,Cloudy,0,0
6E,MAA,DEL,22,5,Thursday,1215,Cloudy,0,0
6E,DEL,BLR,13,4,Thursday,885,Storm,29,1
6E,HYD,BOM,15,3,Saturday,900,Clear,0,0
QP,BOM,HYD,8,3,Thursday,1313,Clear,7,0
UK,DEL,MAA,0,9,Tuesday,1567,Fog,19,1
QP,CCU,DEL,12,12,Friday,654,Rain,47,1
QP,CCU,MAA,17,2,Friday,1873,Clear,0,0
SG,CCU,DEL,9,7,Thursday,876,Clear,12,0
QP,BLR,MAA,20,4,Friday,1467,Clear,15,1
AI,BLR,CCU,16,3,Tuesday,727,Cloudy,28,1
QP,MAA,CCU,12,7,Saturday,1546,Cloudy,1,0
UK,BOM,CCU,13,2,Tuesday,1212,Cloudy,0,0
SG,DEL,CCU,5,1,Monday,1237,Fog,28,1
6E,BLR,HYD,21,11,Wednesday,615,Clear,6,0
AI,HYD,BOM,1,6,Tuesday,1156,Fog,17,1
QP,BLR,HYD,1,1,Thursday,1571,Clear,4,0
UK,BOM,BLR,18,11,Thursday,814,Clear,7,0
AI,HYD,BLR,0,8,Sunday,1287,Fog,39,1
SG,CCU,BLR,12,9,Wednesday,1387,Fog,49,1
AI,BOM,DEL,4,8,Monday,1586,Fog,34,1
UK,BLR,BOM,16,6,Thursday,1405,Rain,39,1
SG,BOM,CCU,2,10,Saturday,958,Clear,7,0
SG,BOM,CCU,6,5,Tuesday,1117,Clear,0,0
UK,HYD,BLR,12,9,Wednesday,1512,Clear,0,0
6E,BLR,HYD,9,11,Tuesday,472,Clear,0,0
QP,HYD,BLR,4,11,Saturday,1728,Fog,4,0
AI,DEL,CCU,1,7,Tuesday,1043,Clear,3,0
AI,HYD,MAA,0,1,Tuesday,945,Clear,0,0
AI,DEL,MAA,4,1,Monday,764,Rain,26,1
QP,BLR,BOM,6,6,Wednesday,1053,Cloudy,18,1
UK,CCU,BOM,2,8,Sunday,1060,Clear,11,0
AI,BLR,CCU,12,1,Thursday,1536,Fog,22,1
AI,MAA,CCU,21,5,Monday,1602,Cloudy,0,0
AI,BLR,BOM,17,5,Saturday,1804,Cloudy,8,0
QP,CCU,BLR,7,6,Wednesday,1718,Clear,10,0
UK,CCU,BOM,10,7,Tuesday,631,Cloudy,6,0
AI,CCU,MAA,18,4,Monday,994,Clear,22,1
6E,BLR,CCU,23,8,Wednesday,1741,Cloudy,16,1
SG,BOM,CCU,13,6,Tuesday,1503,Clear,17,1
UK,HYD,CCU,4,12,Thursday,466,Clear,0,0
QP,MAA,BLR,20,4,Thursday,1808,Clear,16,1
AI,HYD,BOM,12,12,Friday,1672,Fog,30,1
AI,MAA,CCU,0,12,Tuesday,1791,Clear,0,0
AI,CCU,BLR,6,4,Monday,1510,Clear,0,0
6E,MAA,BOM,12,5,Monday,1316,Cloudy,1,0
SG,BLR,CCU,19,9,Monday,1777,Rain,45,1
SG,BOM,BLR,20,6,Tuesday,436,Rain,46,1
6E,BLR,DEL,4,9,Saturday,439,Rain,16,1
SG,HYD,CCU,17,4,Thursday,1288,Rain,23,1
SG,CCU,BOM,23,12,Wednesday,438,Storm,45,1
AI,BOM,BLR,19,9,Tuesday,856,Clear,6,0
SG,DEL,HYD,17,2,Tuesday,975,Clear,18,1
UK,BOM,HYD,19,3,Tuesday,1569,Clear,2,0
AI,HYD,MAA,13,8,Tuesday,520,Rain,34,1
6E,BOM,MAA,14,4,Thursday,1441,Fog,40,1
SG,BLR,HYD,12,5,Friday,429,Clear,0,0
SG,BOM,HYD,22,8,Sunday,1544,Cloudy,30,1
6E,CCU,BLR,8,5,Sunday,568,Clear,0,0
SG,HYD,BOM,18,11,Tuesday,1407,Rain,31,1
6E,MAA,CCU,0,8,Saturday,608,Clear,0,0
UK,HYD,MAA,10,6,Monday,1800,Cloudy,17,1
AI,DEL,HYD,21,4,Saturday,796,Clear,2,0
QP,BOM,HYD,5,4,Sunday,1249,Clear,7,0
QP,CCU,MAA,19,1,Friday,886,Fog,31,1
AI,HYD,CCU,12,2,Thursday,1000,Clear,0,0
UK,MAA,DEL,3,10,Wednesday,1155,Clear,0,0
SG,MAA,DEL,2,10,Sunday,1666,Clear,5,0
UK,HYD,MAA,2,2,Sunday,569,,0,0
6E,HYD,CCU,11,7,Friday,614,Clear,0,0
QP,BOM,HYD,7,4,Monday,1372,Cloudy,18,1
6E,BOM,DEL,21,9,Sunday,408,,12,0
6E,DEL,BOM,18,8,Saturday,1195,Clear,13,0
6E,BOM,BLR,3,10,Wednesday,707,Fog,32,1
QP,HYD,MAA,12,8,Tuesday,950,Clear,5,0
UK,CCU,BLR,18,3,Saturday,1307,Cloudy,0,0
SG,BLR,CCU,15,8,Friday,642,Storm,67,1
QP,HYD,BOM,0,11,Saturday,1143,Rain,11,0
QP,CCU,BLR,0,12,Sunday,1941,Cloudy,9,0
QP,MAA,BOM,14,9,Wednesday,914,Clear,0,0
QP,BOM,DEL,22,5,Saturday,921,Clear,0,0
QP,BOM,BLR,1,7,Thursday,635,Rain,15,1
QP,HYD,DEL,3,2,Saturday,1633,Cloudy,3,0
SG,BOM,BLR,4,8,Tuesday,1735,Cloudy,16,1
AI,BOM,HYD,7,2,Saturday,877,Fog,29,1
AI,HYD,BLR,21,4,Friday,711,Cloudy,13,0
SG,HYD,MAA,22,7,Thursday,690,Rain,30,1
6E,BOM,BLR,7,6,Sunday,1682,Rain,31,1
QP,DEL,BLR,17,5,Wednesday,1493,Rain,51,1
QP,MAA,CCU,0,8,Saturday,428,Clear,0,0
SG,BLR,BOM,12,11,Thursday,1443,Rain,25,1
SG,HYD,DEL,15,12,Monday,1174,Rain,30,1
6E,BOM,MAA,20,7,Tuesday,1502,Cloudy,36,1
UK,BOM,BLR,19,7,Saturday,1475,Clear,2,0
QP,HYD,BOM,1,6,Thursday,1214,Clear,0,0
QP,DEL,MAA,9,11,Saturday,1128,Cloudy,22,1
6E,BOM,DEL,1,11,Monday,1738,Cloudy,1,0
QP,MAA,BOM,0,1,Saturday,1094,Fog,23,1
UK,MAA,BLR,3,10,Sunday,363,Clear,0,0
QP,BLR,BOM,22,1,Sunday,1704,Clear,1,0
UK,DEL,HYD,6,9,Saturday,734,Cloudy,0,0
SG,DEL,HYD,17,5,Thursday,1492,Storm,61,1
AI,HYD,CCU,17,7,Monday,628,Clear,15,1
6E,MAA,HYD,20,10,Tuesday,1852,Clear,2,0
SG,HYD,MAA,12,3,Friday,1445,Rain,26,1
QP,BLR,MAA,23,2,Sunday,1622,Clear,0,0
AI,DEL,BOM,10,7,Saturday,924,Clear,19,1
AI,BOM,BLR,18,11,Friday,902,Storm,75,1
SG,DEL,MAA,18,2,Sunday,1645,Rain,56,1
UK,BLR,BOM,13,5,Wednesday,1744,Clear,0,0
QP,BOM,DEL,7,7,Wednesday,500,Fog,37,1
AI,DEL,BOM,3,3,Monday,945,Rain,20,1
6E,HYD,CCU,2,11,Friday,745,,33,1
AI,BLR,CCU,11,8,Tuesday,911,Clear,12,0
SG,CCU,BOM,9,7,Tuesday,543,Cloudy,22,1
QP,BLR,MAA,5,2,Monday,1230,Clear,12,0
AI,DEL,CCU,18,1,Saturday,1826,Clear,5,0
6E,MAA,DEL,3,2,Tuesday,1591,Cloudy,0,0
QP,MAA,CCU,11,1,Sunday,1379,Clear,0,0
AI,CCU,MAA,10,7,Tuesday,364,Clear,18,1
QP,MAA,CCU,23,11,Monday,656,Clear,1,0
QP,BLR,DEL,2,10,Sunday,1432,Clear,0,0
AI,MAA,DEL,20,3,Tuesday,1323,Storm,43,1
AI,MAA,BLR,16,3,Saturday,515,Rain,25,1
SG,HYD,CCU,18,7,Monday,1205,Clear,23,1
AI,MAA,BLR,18,10,Tuesday,1936,Rain,37,1
UK,CCU,MAA,18,10,Wednesday,1835,Storm,36,1
AI,MAA,BOM,10,7,Saturday,1450,Clear,13,0
UK,HYD,BLR,13,4,Monday,539,Cloudy,0,0
6E,BLR,CCU,8,6,Friday,907,Clear,9,0
SG,CCU,BLR,21,9,Saturday,541,Fog,43,1
QP,CCU,MAA,5,11,Monday,551,Clear,0,0
UK,BOM,HYD,14,1,Thursday,728,Rain,15,1
SG,DEL,BOM,5,10,Sunday,1673,Clear,21,1
SG,MAA,CCU,8,9,Thursday,1837,Cloudy,33,1
QP,BOM,CCU,23,3,Saturday,1658,Cloudy,5,0
6E,CCU,MAA,4,1,Saturday,1797,Clear,0,0
6E,DEL,BLR,21,4,Wednesday,1164,Fog,32,1
6E,CCU,BLR,19,4,Friday,602,Clear,10,0
SG,MAA,BOM,8,2,Sunday,1608,Clear,16,1
QP,BOM,HYD,8,4,Wednesday,1119,Rain,29,1
6E,DEL,BOM,0,3,Monday,599,Clear,3,0
AI,CCU,BOM,18,11,Saturday,1579,Clear,20,1
SG,DEL,CCU,15,2,Wednesday,956,Clear,6,0
UK,DEL,BLR,23,7,Friday,406,Clear,10,0
6E,MAA,BLR,6,4,Tuesday,426,Rain,17,1
AI,MAA,HYD,9,11,Tuesday,605,Cloudy,26,1
QP,DEL,CCU,16,6,Saturday,1276,Clear,7,0
QP,BLR,HYD,8,7,Monday,684,Clear,13,0
SG,HYD,CCU,7,5,Thursday,1211,Cloudy,14,0
UK,HYD,MAA,4,10,Saturday,1496,Rain,25,1
6E,BLR,MAA,23,9,Thursday,1390,Cloudy,3,0
UK,BLR,HYD,11,7,Tuesday,1863,Clear,0,0
AI,DEL,BOM,18,5,Friday,1743,Storm,61,1
6E,DEL,BLR,15,6,Monday,488,Clear,17,1
UK,CCU,DEL,14,4,Friday,925,Fog,18,1
UK,BOM,MAA,7,8,Wednesday,601,Clear,0,0
AI,CCU,DEL,7,4,Thursday,939,Clear,0,0
QP,DEL,BOM,11,4,Sunday,1027,Clear,0,0
6E,CCU,HYD,3,6,Sunday,1891,Rain,29,1
UK,BLR,CCU,12,12,Saturday,1119,Clear,0,0
UK,MAA,BLR,2,6,Thursday,765,Rain,14,0
UK,CCU,BOM,6,11,Saturday,659,Rain,17,1
QP,BLR,DEL,15,7,Monday,1477,Clear,9,0
SG,MAA,CCU,0,1,Tuesday,711,Clear,0,0
QP,BLR,DEL,1,8,Thursday,1432,Fog,33,1
6E,MAA,CCU,5,12,Saturday,600,Cloudy,0,0
6E,CCU,BLR,18,11,Wednesday,1757,Rain,31,1
UK,MAA,HYD,19,3,Wednesday,882,Cloudy,18,1
UK,MAA,HYD,0,4,Sunday,1961,Rain,17,1
6E,BLR,BOM,6,9,Sunday,1550,Clear,12,0
UK,DEL,HYD,1,6,Monday,1202,Cloudy,6,0
AI,HYD,MAA,0,10,Thursday,928,Fog,16,1
UK,DEL,BOM,22,7,Friday,796,,19,1
SG,HYD,BOM,10,3,Friday,1911,Fog,45,1
UK,CCU,BOM,19,4,Sunday,1874,Clear,6,0
QP,DEL,CCU,16,2,Sunday,1684,Rain,39,1
QP,CCU,HYD,10,4,Tuesday,1522,Clear,9,0
QP,HYD,BOM,18,10,Sunday,1127,Clear,13,0
AI,DEL,CCU,5,3,Wednesday,1137,Cloudy,10,0
QP,MAA,CCU,9,6,Monday,1696,Cloudy,7,0
6E,DEL,BOM,9,3,Wednesday,1341,Storm,62,1
UK,HYD,MAA,13,6,Tuesday,681,Cloudy,0,0
UK,HYD,BLR,5,12,Sunday,574,Clear,0,0
6E,MAA,CCU,17,10,Friday,1282,Storm,33,1
QP,BLR,MAA,20,10,Wednesday,1777,Clear,1,0
SG,DEL,BLR,21,4,Monday,1861,Cloudy,23,1
QP,BLR,CCU,21,4,Wednesday,1100,Cloudy,1,0
QP,MAA,HYD,15,2,Wednesday,1214,Clear,2,0
UK,CCU,BLR,19,12,Thursday,1431,Clear,0,0
SG,BOM,CCU,16,12,Tuesday,1354,Cloudy,25,1
UK,BLR,CCU,22,5,Thursday,1164,Rain,5,0
UK,CCU,BLR,2,9,Thursday,1226,Fog,34,1
SG,BOM,BLR,4,3,Saturday,748,Storm,46,1
SG,BOM,BLR,10,8,Friday,609,Clear,28,1
QP,MAA,BOM,14,2,Saturday,774,Clear,5,0
SG,BLR,DEL,21,4,Tuesday,975,Clear,0,0
SG,HYD,MAA,2,5,Monday,1320,Storm,42,1
QP,BLR,HYD,3,12,Thursday,834,Clear,0,0
AI,HYD,CCU,20,6,Sunday,1357,Cloudy,42,1
SG,BOM,HYD,7,3,Wednesday,701,Fog,33,1
6E,MAA,DEL,0,1,Saturday,1322,Cloudy,0,0
UK,BLR,HYD,16,3,Sunday,1464,Clear,0,0
SG,HYD,BOM,21,3,Monday,1546,Clear,0,0
6E,BOM,DEL,21,4,Monday,1344,Cloudy,1,0
QP,DEL,HYD,20,2,Friday,1519,Clear,27,1
UK,HYD,DEL,1,9,Saturday,1672,Clear,0,0
6E,DEL,BLR,3,5,Friday,1333,Clear,0,0
6E,CCU,DEL,20,3,Sunday,1274,Rain,40,1
UK,CCU,BOM,16,7,Monday,910,Fog,40,1
QP,BOM,MAA,5,4,Thursday,1611,Cloudy,0,0
AI,BOM,BLR,9,9,Friday,964,Clear,31,1
UK,HYD,DEL,20,7,Friday,675,Clear,5,0
QP,BOM,DEL,22,12,Monday,628,Clear,1,0
UK,CCU,DEL,21,8,Monday,605,Fog,29,1
UK,DEL,HYD,11,5,Sunday,1503,Clear,0,0
6E,BLR,DEL,18,2,Wednesday,880,Clear,3,0
AI,BOM,CCU,1,2,Tuesday,675,Rain,20,1
SG,MAA,CCU,22,8,Tuesday,648,Storm,40,1
QP,DEL,BLR,5,1,Tuesday,1331,Clear,0,0
UK,BLR,MAA,23,5,Friday,1539,Cloudy,1,0
UK,CCU,BOM,0,1,Thursday,690,Storm,37,1
AI,BLR,HYD,22,5,Sunday,823,Clear,3,0
QP,BOM,BLR,12,11,Thursday,1220,Rain,22,1
QP,DEL,HYD,12,1,Monday,1734,Clear,14,0
QP,HYD,BLR,16,12,Thursday,528,Cloudy,9,0
6E,DEL,CCU,11,12,Thursday,689,Clear,0,0
SG,BLR,CCU,22,11,Wednesday,678,Clear,0,0
UK,HYD,BLR,2,9,Saturday,1912,Cloudy,10,0
6E,BLR,DEL,15,3,Sunday,564,Clear,0,0
6E,MAA,BOM,5,2,Thursday,1636,Cloudy,0,0
6E,MAA,BOM,0,12,Saturday,1107,Clear,0,0
UK,DEL,BLR,15,5,Thursday,1583,Rain,28,1
AI,MAA,HYD,16,6,Saturday,712,Clear,15,1
SG,CCU,DEL,3,1,Thursday,1084,Cloudy,16,1
UK,BOM,DEL,17,1,Tuesday,1129,Clear,17,1
QP,BLR,HYD,22,7,Friday,1019,Rain,44,1
6E,BLR,BOM,16,5,Wednesday,996,Clear,10,0
AI,BLR,HYD,5,9,Monday,1381,Clear,6,0
6E,BLR,HYD,2,11,Saturday,660,Clear,0,0
QP,CCU,MAA,2,1,Thursday,1848,Rain,5,0
6E,HYD,BLR,14,12,Friday,1512,Clear,0,0
SG,CCU,BOM,5,12,Thursday,571,Cloudy,14,0
QP,BLR,CCU,8,7,Sunday,1686,Clear,34,1
6E,HYD,BLR,1,5,Tuesday,1294,Storm,29,1
SG,DEL,BLR,10,2,Monday,1879,Clear,13,0
6E,BOM,HYD,3,3,Thursday,714,Clear,0,0
6E,HYD,BOM,10,9,Sunday,1566,Cloudy,26,1
6E,BOM,CCU,14,2,Thursday,811,Clear,0,0
SG,CCU,DEL,23,12,Wednesday,1130,Clear,1,0
QP,BOM,DEL,6,2,Friday,1359,Rain,27,1
6E,DEL,CCU,7,10,Wednesday,1356,Rain,21,1
6E,MAA,BLR,19,11,Thursday,666,Clear,5,0
QP,DEL,CCU,22,4,Sunday,507,Clear,7,0
UK,BOM,CCU,9,6,Wednesday,429,Clear,9,0
UK,BOM,CCU,8,7,Thursday,1654,Clear,10,0
SG,MAA,DEL,17,10,Saturday,566,Cloudy,19,1
AI,CCU,MAA,18,1,Friday,713,Clear,7,0
QP,BOM,HYD,16,3,Wednesday,496,Rain,24,1
6E,BLR,MAA,15,2,Thursday,940,Cloudy,0,0
SG,BLR,BOM,3,4,Thursday,562,Cloudy,17,1
UK,MAA,BLR,6,9,Wednesday,932,Clear,5,0
SG,BLR,BOM,1,5,Wednesday,716,Clear,0,0
SG,HYD,BLR,9,6,Monday,702,Clear,19,1
AI,HYD,BLR,20,6,Thursday,1080,Clear,4,0
AI,DEL,MAA,5,1,Wednesday,1232,Clear,9,0
QP,HYD,BOM,16,2,Saturday,1052,Fog,32,1
UK,HYD,BOM,10,3,Friday,660,Rain,1,0
6E,CCU,MAA,4,1,Friday,317,Clear,0,0
AI,HYD,BLR,5,10,Tuesday,1557,Clear,0,0
AI,CCU,MAA,16,12,Monday,519,Rain,39,1
QP,BLR,CCU,18,6,Wednesday,770,Cloudy,22,1
QP,MAA,CCU,7,8,Thursday,856,Clear,0,0
6E,CCU,BLR,22,1,Thursday,280,Rain,14,0
6E,DEL,BOM,1,1,Monday,540,Rain,27,1
UK,HYD,CCU,13,8,Tuesday,646,Clear,0,0
AI,CCU,BOM,5,10,Saturday,704,Cloudy,12,0
UK,HYD,MAA,21,12,Sunday,1541,Rain,31,1
SG,CCU,MAA,18,5,Sunday,708,Cloudy,32,1
QP,BLR,BOM,1,6,Thursday,1541,Cloudy,15,1
6E,CCU,DEL,9,10,Friday,471,Clear,0,0
AI,HYD,BLR,17,2,Friday,886,Cloudy,35,1
AI,BLR,DEL,13,12,Wednesday,1397,Rain,16,1
6E,BOM,BLR,11,4,Wednesday,1885,Clear,0,0
SG,BOM,BLR,3,1,Monday,495,Clear,0,0
AI,BOM,HYD,13,10,Monday,1164,Cloudy,5,0
SG,MAA,BOM,2,12,Wednesday,999,Cloudy,13,0
UK,BLR,CCU,7,6,Wednesday,1545,Rain,18,1
SG,BLR,DEL,5,2,Thursday,1536,Rain,33,1
UK,BLR,CCU,15,2,Sunday,1419,Cloudy,2,0
AI,BLR,BOM,11,4,Sunday,365,Storm,49,1
AI,MAA,BLR,10,7,Tuesday,898,Clear,17,1
UK,BLR,CCU,20,8,Thursday,807,Clear,0,0
UK,BLR,HYD,9,9,Thursday,1262,Clear,9,0
QP,HYD,DEL,18,9,Sunday,1299,Clear,15,1
QP,HYD,MAA,21,3,Wednesday,1157,Clear,0,0
AI,BLR,HYD,3,3,Wednesday,790,Clear,0,0
6E,DEL,CCU,17,12,Saturday,594,Clear,14,0
6E,MAA,HYD,1,2,Monday,1267,Storm,35,1
AI,HYD,CCU,15,7,Monday,1919,Rain,33,1
AI,HYD,DEL,5,4,Friday,1348,Rain,11,0
AI,HYD,BOM,6,9,Wednesday,748,Clear,10,0
UK,HYD,BLR,20,4,Tuesday,1883,Clear,4,0
AI,CCU,BOM,4,2,Saturday,935,Clear,0,0
AI,DEL,BLR,12,4,Tuesday,1846,Clear,13,0
AI,DEL,BLR,18,2,Monday,1565,Clear,21,1
SG,CCU,DEL,19,3,Monday,556,Clear,6,0
SG,CCU,MAA,4,6,Sunday,642,Clear,15,1
QP,BLR,HYD,8,12,Thursday,1545,Cloudy,0,0
AI,HYD,MAA,13,3,Monday,451,Fog,29,1
6E,BLR,CCU,14,10,Tuesday,622,Clear,0,0
UK,CCU,MAA,3,7,Wednesday,1036,Clear,0,0
SG,BLR,MAA,14,12,Sunday,1080,Clear,0,0
AI,MAA,CCU,0,7,Thursday,913,Cloudy,13,0
6E,BLR,CCU,15,2,Saturday,1075,Clear,0,0
UK,BLR,CCU,17,5,Thursday,671,Clear,0,0
AI,MAA,CCU,11,1,Saturday,498,Clear,0,0
6E,BLR,BOM,5,3,Monday,1051,Clear,0,0
SG,DEL,MAA,5,7,Wednesday,952,Clear,19,1
UK,BOM,MAA,16,11,Thursday,969,Cloudy,13,0
UK,CCU,MAA,10,8,Monday,1563,Rain,23,1
UK,BLR,BOM,22,5,Tuesday,413,Fog,13,0
QP,DEL,HYD,23,8,Friday,718,Clear,13,0
UK,CCU,DEL,10,3,Friday,1625,Rain,27,1
UK,CCU,DEL,6,2,Monday,1276,Clear,0,0
QP,BLR,CCU,19,9,Tuesday,985,Clear,12,0
AI,HYD,MAA,17,11,Thursday,1988,Clear,12,0
AI,MAA,DEL,3,8,Tuesday,1133,Clear,6,0
UK,DEL,HYD,22,6,Monday,744,Rain,15,1
6E,BOM,BLR,4,6,Monday,1883,Fog,25,1
6E,HYD,MAA,13,5,Thursday,499,Clear,0,0
AI,HYD,DEL,4,12,Wednesday,1350,Rain,22,1
QP,BOM,BLR,11,7,Thursday,915,Clear,9,0
SG,DEL,BLR,14,11,Friday,1657,Cloudy,8,0
SG,CCU,HYD,2,1,Thursday,484,Clear,5,0
AI,HYD,BOM,6,5,Thursday,924,Clear,2,0
6E,MAA,CCU,18,3,Saturday,582,Rain,22,1
SG,BLR,CCU,22,2,Tuesday,1274,Clear,0,0
UK,HYD,MAA,21,12,Tuesday,1077,Clear,0,0
SG,BLR,BOM,18,1,Saturday,800,Storm,65,1
SG,BLR,BOM,23,7,Tuesday,1274,Clear,2,0
UK,MAA,DEL,3,3,Sunday,543,Clear,0,0
SG,CCU,MAA,4,1,Wednesday,1359,Clear,0,0
6E,MAA,BOM,9,12,Monday,628,Cloudy,6,0
AI,MAA,BOM,22,4,Friday,630,Clear,0,0
QP,DEL,MAA,19,5,Wednesday,783,Fog,35,1
AI,HYD,DEL,8,3,Monday,1362,Clear,0,0
6E,CCU,MAA,0,9,Tuesday,1468,Cloudy,19,1
AI,BLR,DEL,14,12,Sunday,1478,Clear,0,0
6E,HYD,BOM,7,5,Thursday,942,Clear,13,0
6E,BOM,MAA,5,10,Tuesday,1455,Clear,8,0
AI,BOM,BLR,5,5,Thursday,1665,Clear,14,0
UK,MAA,CCU,5,7,Monday,901,Cloudy,0,0
QP,BOM,CCU,7,10,Wednesday,1445,Rain,21,1
AI,HYD,DEL,14,12,Friday,1213,Rain,6,0
QP,HYD,BLR,3,8,Sunday,1033,Cloudy,14,0
UK,CCU,MAA,11,5,Tuesday,1440,Clear,0,0
UK,CCU,DEL,22,6,Saturday,1550,Clear,10,0
UK,HYD,CCU,23,11,Wednesday,924,Clear,0,0
6E,DEL,MAA,19,5,Sunday,528,Clear,17,1
AI,HYD,DEL,6,6,Monday,616,Cloudy,9,0
UK,CCU,HYD,3,10,Monday,1707,Cloudy,0,0
QP,BLR,BOM,21,11,Thursday,475,Rain,23,1
UK,HYD,CCU,9,6,Saturday,1647,Clear,3,0
UK,MAA,BLR,11,11,Wednesday,981,Clear,0,0
SG,BLR,BOM,10,11,Monday,1693,Storm,56,1
6E,BLR,CCU,3,6,Tuesday,1527,Clear,3,0
AI,BLR,DEL,17,4,Wednesday,1357,Storm,50,1
UK,CCU,BLR,5,3,Wednesday,1277,Clear,0,0
QP,BLR,BOM,5,2,Friday,1125,Clear,0,0
6E,BOM,DEL,18,3,Saturday,456,Clear,7,0
QP,HYD,BOM,17,1,Monday,1010,Clear,9,0
QP,MAA,BOM,19,4,Saturday,1728,Rain,19,1
6E,CCU,BLR,16,12,Sunday,902,Clear,17,1
UK,CCU,BLR,0,3,Wednesday,893,Clear,0,0
SG,MAA,DEL,10,5,Tuesday,1772,Clear,6,0
UK,MAA,DEL,9,5,Sunday,422,Clear,0,0
SG,BLR,DEL,7,7,Sunday,1234,Cloudy,21,1
QP,BLR,HYD,11,7,Monday,1349,Clear,0,0
SG,HYD,CCU,11,7,Saturday,1416,Cloudy,13,0
QP,MAA,DEL,14,2,Saturday,477,Clear,0,0
QP,HYD,DEL,23,4,Wednesday,1640,Rain,14,0
QP,BOM,MAA,15,11,Sunday,1849,Clear,11,0
QP,DEL,MAA,22,12,Tuesday,1328,Rain,19,1
6E,DEL,MAA,19,1,Friday,1235,Clear,9,0
AI,BLR,BOM,17,8,Friday,1270,Cloudy,32,1
AI,MAA,CCU,6,2,Monday,1023,Cloudy,0,0
6E,MAA,HYD,13,7,Sunday,1730,Clear,12,0
SG,MAA,DEL,2,1,Sunday,925,Clear,18,1
UK,MAA,DEL,22,10,Wednesday,1535,Cloudy,0,0
UK,DEL,HYD,4,12,Thursday,540,Clear,0,0
AI,CCU,MAA,5,2,Wednesday,590,Clear,11,0
SG,CCU,MAA,22,5,Tuesday,1032,Cloudy,7,0
6E,CCU,HYD,2,3,Sunday,542,Clear,0,0
SG,BLR,HYD,13,3,Sunday,1227,Clear,2,0
AI,BOM,MAA,13,10,Friday,1178,Clear,16,1
6E,CCU,DEL,5,2,Wednesday,668,Clear,4,0
AI,BOM,BLR,9,2,Friday,1227,Fog,40,1
6E,MAA,DEL,18,5,Thursday,1376,Rain,38,1
QP,CCU,BOM,17,4,Saturday,734,Clear,1,0
UK,CCU,HYD,14,12,Thursday,982,Clear,0,0
UK,HYD,MAA,13,5,Tuesday,1572,Rain,2,0
6E,CCU,BLR,8,7,Sunday,585,Cloudy,19,1
6E,MAA,CCU,14,2,Wednesday,1278,Clear,0,0
SG,CCU,BLR,0,5,Thursday,694,Rain,17,1
QP,BLR,HYD,1,3,Friday,1418,Fog,32,1
SG,HYD,CCU,18,5,Sunday,800,Clear,6,0
SG,MAA,HYD,4,4,Wednesday,1534,Rain,28,1
UK,BOM,MAA,17,2,Tuesday,1737,Cloudy,19,1
AI,BOM,BLR,0,7,Monday,1313,Rain,33,1
SG,BLR,CCU,6,7,Friday,1097,Clear,11,0
QP,BLR,BOM,22,7,Wednesday,1379,Clear,9,0
UK,MAA,DEL,6,6,Thursday,1843,Clear,1,0
AI,CCU,HYD,23,7,Saturday,1298,Clear,5,0
SG,DEL,CCU,6,9,Wednesday,1344,Clear,16,1
QP,BOM,MAA,15,4,Friday,1114,Clear,1,0
6E,CCU,DEL,16,3,Tuesday,599,Clear,10,0
AI,HYD,BOM,15,9,Friday,462,Rain,22,1
SG,BOM,MAA,7,2,Monday,681,Clear,7,0
6E,HYD,DEL,18,5,Tuesday,437,Rain,23,1
SG,CCU,BLR,7,7,Tuesday,1268,Clear,18,1
SG,BLR,HYD,19,8,Tuesday,1077,Clear,18,1
6E,BLR,CCU,9,9,Friday,280,Rain,32,1
AI,HYD,BLR,20,6,Wednesday,1090,Clear,13,0
UK,CCU,DEL,23,6,Tuesday,1390,Clear,0,0
UK,HYD,DEL,18,1,Tuesday,720,Clear,0,0
QP,CCU,BOM,11,10,Saturday,1728,Cloudy,11,0
6E,MAA,CCU,10,3,Thursday,887,Rain,23,1
6E,BLR,MAA,9,11,Sunday,910,Clear,0,0
QP,BLR,DEL,8,8,Thursday,1826,Clear,17,1
SG,MAA,CCU,11,11,Friday,1518,Fog,43,1
SG,DEL,CCU,11,11,Sunday,945,Cloudy,11,0
QP,BOM,CCU,17,5,Saturday,1651,Clear,15,1
SG,BOM,DEL,21,5,Saturday,1310,Rain,36,1
QP,MAA,DEL,21,11,Friday,687,Clear,7,0
SG,MAA,HYD,14,11,Sunday,1170,Cloudy,13,0
UK,MAA,BLR,23,9,Sunday,1062,Clear,6,0
AI,DEL,MAA,21,12,Monday,550,Clear,13,0
SG,BOM,HYD,11,8,Saturday,822,Clear,17,1
SG,BOM,BLR,9,1,Monday,1446,Rain,32,1
QP,DEL,CCU,11,7,Wednesday,956,Rain,32,1
SG,BOM,HYD,0,5,Saturday,1363,Clear,1,0
UK,BLR,BOM,7,1,Saturday,383,Clear,0,0
UK,CCU,DEL,9,7,Friday,897,Clear,0,0
AI,BOM,HYD,18,7,Friday,834,Clear,33,1
AI,CCU,BOM,6,9,Tuesday,1295,Cloudy,23,1
AI,MAA,DEL,15,10,Saturday,1585,Cloudy,0,0
QP,DEL,HYD,7,4,Monday,1149,Clear,0,0
SG,BOM,MAA,8,12,Wednesday,1628,Clear,8,0
6E,BLR,CCU,1,6,Monday,1733,Clear,5,0
UK,CCU,DEL,12,6,Thursday,848,Clear,0,0
UK,MAA,BLR,2,3,Sunday,902,Cloudy,2,0
6E,CCU,HYD,4,12,Sunday,509,Cloudy,5,0
UK,BOM,HYD,12,5,Monday,1017,Cloudy,2,0
6E,CCU,DEL,16,3,Sunday,1516,Cloudy,20,1
SG,CCU,BOM,9,11,Tuesday,1515,Rain,41,1
SG,HYD,MAA,6,12,Wednesday,1515,Cloudy,0,0
AI,DEL,BLR,21,3,Tuesday,1079,Rain,20,1
UK,BOM,MAA,8,8,Thursday,775,Clear,0,0
QP,DEL,HYD,7,11,Monday,1176,Clear,4,0
QP,MAA,BOM,1,8,Wednesday,1698,Clear,0,0
SG,BOM,MAA,8,6,Wednesday,1664,Clear,5,0
SG,MAA,BOM,5,7,Saturday,1654,Rain,35,1
AI,BOM,BLR,8,2,Sunday,1078,Cloudy,9,0
QP,CCU,HYD,4,12,Monday,590,Clear,0,0
SG,MAA,DEL,4,7,Wednesday,1504,Clear,0,0
QP,BLR,HYD,17,1,Sunday,1081,Clear,7,0
QP,BLR,HYD,11,5,Sunday,408,Clear,21,1
6E,DEL,MAA,16,5,Thursday,860,Cloudy,15,1
AI,DEL,BLR,13,12,Saturday,1739,Clear,5,0
SG,CCU,HYD,12,11,Tuesday,797,Clear,0,0
UK,MAA,BLR,11,4,Saturday,1193,Clear,0,0
AI,CCU,BOM,9,3,Monday,910,Storm,57,1
6E,HYD,BLR,6,1,Thursday,1188,Fog,20,1
QP,BOM,CCU,21,7,Thursday,733,Clear,21,1
6E,DEL,MAA,9,6,Tuesday,1038,Clear,5,0
6E,MAA,DEL,21,7,Friday,1554,Fog,15,1
SG,BOM,CCU,18,4,Sunday,561,Rain,47,1
SG,DEL,HYD,14,10,Friday,1144,Cloudy,21,1
6E,DEL,BLR,20,7,Tuesday,1442,Cloudy,26,1
QP,HYD,CCU,15,12,Thursday,1489,Cloudy,0,0
UK,CCU,HYD,19,3,Friday,1687,Cloudy,12,0
AI,BLR,CCU,19,4,Thursday,1204,Rain,35,1
6E,CCU,DEL,15,8,Tuesday,516,Cloudy,10,0
QP,BLR,BOM,17,9,Wednesday,1225,Cloudy,28,1
AI,MAA,CCU,19,4,Thursday,1834,Fog,33,1
AI,BOM,BLR,5,7,Tuesday,1323,Fog,25,1
SG,HYD,DEL,21,7,Wednesday,1412,Clear,5,0
UK,BOM,HYD,12,8,Tuesday,589,Storm,47,1
6E,MAA,CCU,2,8,Monday,1561,Clear,0,0
UK,BLR,DEL,3,3,Wednesday,482,Clear,0,0
AI,DEL,MAA,18,2,Monday,854,Clear,14,0
6E,BOM,MAA,19,4,Saturday,936,Clear,18,1
6E,BLR,MAA,15,2,Monday,392,Clear,5,0
UK,BLR,HYD,15,7,Monday,1322,Fog,13,0
SG,BOM,DEL,20,7,Wednesday,625,Clear,29,1
QP,HYD,BOM,23,1,Friday,1743,Fog,40,1
AI,CCU,HYD,19,10,Thursday,1685,Clear,11,0
6E,MAA,BLR,3,9,Monday,784,Clear,12,0
6E,BOM,BLR,19,6,Wednesday,1103,Clear,24,1
UK,MAA,HYD,12,2,Monday,488,Clear,0,0
UK,CCU,BLR,19,2,Wednesday,611,Storm,46,1
QP,BOM,MAA,17,12,Tuesday,1645,Clear,2,0
QP,BOM,HYD,16,3,Sunday,947,Clear,11,0
SG,DEL,BLR,20,11,Wednesday,1172,Rain,47,1
AI,CCU,DEL,3,8,Friday,1771,Clear,11,0
AI,MAA,DEL,20,8,Tuesday,649,Clear,19,1
QP,BLR,HYD,8,11,Thursday,838,Clear,10,0
QP,CCU,BLR,4,11,Sunday,385,Cloudy,16,1
6E,HYD,MAA,17,4,Monday,1454,Clear,6,0
AI,CCU,HYD,23,12,Wednesday,824,Cloudy,3,0
SG,CCU,BOM,2,2,Wednesday,1130,Rain,27,1
UK,CCU,MAA,23,10,Thursday,607,Clear,0,0
QP,BLR,HYD,8,5,Wednesday,1115,Cloudy,4,0
UK,HYD,CCU,23,8,Sunday,1619,Fog,30,1
SG,BOM,CCU,1,11,Monday,988,Clear,0,0
SG,CCU,MAA,14,6,Tuesday,460,Clear,10,0
AI,BOM,DEL,12,1,Thursday,949,Cloudy,5,0
AI,BLR,HYD,19,10,Friday,1554,Cloudy,20,1
SG,HYD,DEL,11,2,Monday,1676,Clear,7,0
AI,MAA,CCU,1,9,Saturday,1360,Fog,40,1
6E,MAA,BOM,4,6,Thursday,1452,Clear,0,0
SG,CCU,BOM,6,6,Tuesday,565,Clear,19,1
6E,MAA,HYD,20,4,Wednesday,1483,,10,0
AI,MAA,HYD,2,7,Monday,1818,Rain,31,1
AI,HYD,DEL,20,3,Friday,1674,Clear,13,0
UK,BLR,HYD,12,3,Saturday,1742,Cloudy,2,0
SG,CCU,HYD,13,6,Sunday,1210,Fog,41,1
SG,BLR,MAA,23,10,Wednesday,1700,Clear,5,0
QP,HYD,BLR,18,7,Tuesday,924,Clear,22,1
SG,BOM,MAA,15,11,Wednesday,800,Rain,34,1
SG,BLR,DEL,19,4,Monday,1601,Clear,11,0
6E,BLR,BOM,11,1,Wednesday,1209,Clear,1,0
6E,BOM,DEL,22,4,Monday,1299,,0,0
6E,MAA,CCU,19,2,Monday,1092,Cloudy,11,0
AI,MAA,DEL,23,7,Wednesday,1856,Clear,14,0
QP,MAA,CCU,13,12,Saturday,1042,Rain,10,0
6E,DEL,MAA,15,6,Sunday,1413,Rain,34,1
UK,BOM,CCU,10,3,Sunday,1084,Clear,6,0
6E,BOM,MAA,22,8,Sunday,855,Clear,17,1
AI,MAA,BLR,15,9,Sunday,1375,Cloudy,12,0
QP,CCU,MAA,3,11,Friday,675,Clear,7,0
6E,BLR,CCU,12,6,Tuesday,690,Clear,0,0
AI,BOM,CCU,3,6,Saturday,1405,Clear,8,0
6E,HYD,MAA,15,7,Sunday,1030,Cloudy,8,0
AI,CCU,MAA,16,3,Thursday,668,Clear,12,0
QP,BLR,HYD,19,2,Friday,1738,Clear,21,1
AI,BOM,CCU,3,10,Wednesday,1571,Cloudy,29,1
6E,HYD,BLR,11,2,Friday,1286,Storm,37,1
6E,CCU,HYD,8,9,Monday,936,Clear,8,0
AI,MAA,CCU,9,7,Saturday,1806,Cloudy,31,1
AI,HYD,BOM,22,6,Thursday,631,Clear,20,1
UK,MAA,CCU,13,5,Saturday,397,Clear,0,0
6E,DEL,BOM,10,12,Wednesday,1395,Clear,7,0
AI,MAA,HYD,21,10,Wednesday,1162,Rain,9,0
6E,DEL,HYD,12,2,Tuesday,778,Clear,0,0
6E,BLR,CCU,10,12,Friday,1471,Rain,13,0
UK,BLR,CCU,12,2,Sunday,838,Clear,0,0
QP,MAA,BOM,20,10,Friday,1049,Cloudy,30,1
6E,BOM,DEL,10,6,Sunday,616,Clear,7,0
SG,BOM,HYD,14,5,Monday,595,Cloudy,7,0
SG,CCU,BLR,4,7,Saturday,588,Fog,43,1
AI,BLR,BOM,0,6,Monday,521,Storm,36,1
UK,MAA,CCU,1,2,Thursday,767,Rain,11,0
UK,HYD,BLR,11,2,Thursday,1176,Clear,0,0
UK,HYD,BLR,17,9,Thursday,888,Rain,26,1
AI,MAA,BLR,5,9,Thursday,560,Fog,20,1
UK,MAA,BOM,22,5,Saturday,610,Clear,0,0
AI,CCU,BLR,3,6,Friday,576,Clear,10,0
QP,MAA,BOM,16,5,Monday,1268,Clear,6,0
UK,BOM,BLR,5,11,Saturday,1493,Cloudy,0,0
AI,BOM,HYD,1,1,Wednesday,929,Clear,19,1
UK,CCU,DEL,17,8,Friday,1544,Clear,21,1
QP,BLR,HYD,12,4,Sunday,1537,Clear,0,0
SG,BOM,DEL,15,3,Tuesday,1590,Cloudy,3,0
6E,DEL,BOM,22,2,Friday,992,Clear,12,0
QP,HYD,MAA,12,5,Friday,1211,Fog,26,1
AI,HYD,DEL,20,2,Thursday,1112,Cloudy,25,1
6E,MAA,BOM,11,9,Tuesday,1000,Clear,5,0
AI,MAA,DEL,8,4,Saturday,1468,Cloudy,8,0
QP,MAA,DEL,9,11,Saturday,1372,Clear,2,0
SG,HYD,MAA,8,2,Sunday,1265,Rain,27,1
UK,CCU,DEL,21,5,Wednesday,1653,Rain,21,1
SG,CCU,DEL,12,5,Monday,720,Clear,4,0
6E,MAA,BOM,22,9,Sunday,1505,Clear,12,0
AI,BLR,CCU,6,4,Friday,1464,Clear,0,0
QP,BOM,DEL,18,3,Monday,663,Cloudy,17,1
QP,DEL,HYD,2,5,Saturday,1542,Clear,0,0
AI,CCU,BLR,6,11,Friday,886,Rain,38,1
AI,MAA,HYD,0,10,Saturday,1464,,0,0
UK,CCU,HYD,21,7,Thursday,1330,Rain,19,1
AI,MAA,DEL,7,12,Thursday,768,Clear,0,0
SG,BLR,DEL,19,10,Monday,1138,Cloudy,31,1
QP,DEL,HYD,10,10,Thursday,1085,Clear,29,1
6E,DEL,HYD,2,5,Thursday,1598,Clear,18,1
6E,MAA,HYD,8,6,Sunday,898,Clear,13,0
QP,BOM,DEL,8,12,Tuesday,731,Cloudy,5,0
6E,BLR,CCU,12,12,Monday,1113,Storm,31,1
6E,CCU,MAA,7,9,Wednesday,1309,Clear,4,0
AI,BLR,BOM,16,2,Tuesday,723,Fog,23,1
QP,CCU,BLR,17,2,Thursday,1413,Clear,6,0
QP,HYD,BOM,3,6,Friday,785,Storm,53,1
AI,MAA,DEL,12,7,Wednesday,1537,Clear,0,0
QP,DEL,CCU,13,8,Wednesday,1417,Clear,12,0
AI,BLR,DEL,6,4,Wednesday,1327,Rain,17,1
AI,BOM,DEL,18,10,Sunday,1934,Clear,16,1
6E,DEL,HYD,5,11,Wednesday,1788,Storm,46,1
UK,CCU,BOM,20,3,Saturday,1347,Fog,45,1
QP,HYD,DEL,10,10,Monday,1411,Clear,0,0
SG,BLR,DEL,8,2,Monday,1309,Clear,18,1
AI,BLR,DEL,15,6,Wednesday,1652,Clear,9,0
UK,BOM,CCU,14,11,Thursday,1423,Clear,0,0
QP,DEL,MAA,12,4,Wednesday,1058,Cloudy,16,1
SG,CCU,HYD,16,9,Tuesday,543,Clear,33,1
6E,DEL,HYD,6,11,Friday,503,Clear,4,0
AI,BLR,HYD,19,6,Tuesday,899,Clear,9,0
UK,DEL,BOM,14,11,Thursday,1209,Rain,5,0
UK,CCU,BOM,5,8,Monday,918,Clear,1,0
6E,BOM,MAA,23,7,Tuesday,1231,Cloudy,15,1
AI,BLR,HYD,20,2,Sunday,1070,Cloudy,28,1
AI,MAA,DEL,4,9,Friday,1832,Clear,0,0
UK,HYD,MAA,18,4,Wednesday,1104,Rain,14,0
QP,BLR,BOM,12,4,Monday,1339,Clear,0,0
UK,HYD,BOM,18,12,Saturday,1307,Cloudy,14,0
UK,BLR,MAA,9,5,Wednesday,1698,Clear,0,0
QP,BOM,CCU,5,5,Thursday,1185,Clear,9,0
SG,HYD,MAA,5,12,Friday,1377,Fog,25,1
SG,BLR,DEL,1,4,Monday,1564,Clear,0,0
UK,CCU,HYD,21,9,Friday,1221,Clear,8,0
SG,BLR,CCU,7,7,Sunday,1341,Clear,12,0
UK,MAA,BOM,22,1,Tuesday,1608,Cloudy,0,0
SG,BOM,HYD,5,7,Sunday,1439,Rain,30,1
SG,HYD,CCU,8,6,Wednesday,573,Clear,12,0
SG,HYD,BOM,21,9,Monday,1596,Clear,8,0
QP,MAA,CCU,8,5,Thursday,1628,Rain,23,1
6E,BLR,CCU,18,3,Tuesday,1145,Rain,33,1
SG,MAA,HYD,2,3,Wednesday,1685,Rain,29,1
AI,DEL,HYD,22,7,Tuesday,407,Clear,19,1
UK,MAA,BLR,14,12,Friday,1851,Clear,0,0
QP,MAA,DEL,18,6,Wednesday,1800,Clear,28,1
SG,BLR,MAA,0,2,Saturday,648,Clear,0,0
6E,DEL,MAA,23,10,Tuesday,1484,Rain,28,1
SG,HYD,BOM,11,4,Monday,1675,Fog,29,1
6E,MAA,CCU,5,6,Wednesday,1355,Cloudy,4,0
UK,BLR,MAA,3,11,Saturday,909,Clear,0,0
6E,DEL,CCU,2,2,Sunday,720,Cloudy,12,0
SG,BLR,BOM,16,2,Sunday,497,Clear,32,1
AI,CCU,BOM,5,3,Monday,1270,Clear,11,0
UK,BOM,BLR,22,5,Sunday,716,Clear,3,0
QP,HYD,BOM,5,11,Wednesday,1335,Cloudy,0,0
SG,BLR,MAA,2,8,Monday,696,Rain,42,1
UK,MAA,BLR,20,10,Tuesday,1175,Storm,46,1
QP,BLR,HYD,18,5,Sunday,954,Clear,5,0
AI,BLR,BOM,12,5,Friday,624,Clear,0,0
QP,HYD,DEL,19,5,Tuesday,1693,Clear,19,1
6E,HYD,CCU,17,2,Saturday,538,Fog,39,1
QP,BLR,BOM,4,7,Wednesday,1345,Clear,13,0
QP,BOM,DEL,9,4,Monday,985,Clear,7,0
SG,DEL,MAA,22,12,Wednesday,1221,Clear,1,0
SG,MAA,DEL,16,9,Saturday,718,Rain,28,1
SG,BLR,CCU,14,11,Wednesday,1582,Clear,0,0
6E,HYD,BLR,4,3,Tuesday,1065,Clear,0,0
AI,BLR,MAA,12,2,Wednesday,1587,Cloudy,24,1
6E,CCU,BOM,3,6,Saturday,852,Cloudy,4,0
UK,MAA,DEL,16,7,Tuesday,1733,Cloudy,11,0
SG,BLR,BOM,5,7,Thursday,1598,Clear,5,0
6E,BOM,BLR,6,8,Friday,1592,Clear,0,0
UK,MAA,BLR,13,10,Monday,588,Clear,0,0
AI,DEL,BLR,0,4,Friday,1620,Storm,64,1
AI,DEL,HYD,16,4,Saturday,1504,Clear,31,1
QP,DEL,CCU,10,4,Friday,484,Clear,19,1
QP,BLR,BOM,12,5,Tuesday,568,Clear,0,0
QP,BLR,CCU,17,8,Thursday,1317,Clear,7,0
6E,BOM,CCU,18,10,Sunday,1228,Clear,24,1
UK,BOM,HYD,22,5,Tuesday,938,Rain,15,1
SG,BOM,BLR,4,6,Tuesday,1666,Rain,40,1
6E,BLR,CCU,10,11,Friday,504,Clear,4,0
SG,BOM,MAA,2,5,Wednesday,1053,Rain,34,1
SG,HYD,BLR,6,2,Friday,665,Clear,9,0
UK,BLR,CCU,13,5,Friday,1830,Clear,0,0
UK,CCU,DEL,3,1,Monday,1122,Clear,0,0
6E,CCU,HYD,10,5,Saturday,680,Clear,0,0
QP,HYD,DEL,22,11,Sunday,1661,Clear,5,0
QP,HYD,BLR,1,10,Monday,1416,Cloudy,8,0
QP,DEL,BLR,5,11,Friday,1062,Rain,14,0
SG,HYD,DEL,6,4,Wednesday,1314,Fog,29,1
6E,BLR,CCU,21,6,Friday,1578,Clear,0,0
SG,BOM,BLR,17,11,Friday,708,Cloudy,18,1
6E,MAA,HYD,4,10,Thursday,763,Rain,13,0
QP,DEL,HYD,16,3,Monday,1712,Clear,14,0
6E,BOM,BLR,0,11,Friday,670,Cloudy,5,0
UK,MAA,HYD,19,2,Friday,1392,Cloudy,16,1
AI,CCU,HYD,5,4,Friday,1575,Clear,3,0
AI,HYD,DEL,17,7,Tuesday,401,Cloudy,13,0
6E,HYD,CCU,11,8,Saturday,944,Clear,0,0
UK,CCU,BOM,17,10,Tuesday,560,Clear,0,0
AI,DEL,BLR,8,9,Tuesday,1277,Storm,54,1
QP,BLR,MAA,12,4,Wednesday,803,Clear,0,0
AI,BOM,BLR,21,5,Tuesday,644,Fog,42,1
QP,BLR,DEL,19,9,Wednesday,1596,Cloudy,25,1
6E,CCU,HYD,13,12,Tuesday,365,Clear,0,0
6E,HYD,BOM,22,11,Monday,1205,Clear,0,0
AI,CCU,BLR,2,12,Sunday,939,Rain,33,1
QP,HYD,BLR,16,9,Friday,863,Clear,13,0
SG,CCU,BLR,15,6,Wednesday,1240,Clear,21,1
AI,BOM,HYD,6,10,Wednesday,1367,Clear,11,0
AI,BOM,MAA,9,1,Wednesday,506,Storm,49,1
SG,BOM,BLR,9,12,Saturday,652,Clear,11,0
QP,MAA,HYD,16,12,Tuesday,1480,Clear,5,0
AI,HYD,MAA,14,7,Monday,671,Rain,28,1
6E,BOM,CCU,18,7,Thursday,414,Cloudy,6,0
UK,BOM,BLR,15,7,Tuesday,617,Clear,6,0
AI,BLR,BOM,23,2,Sunday,1443,Clear,0,0
6E,DEL,CCU,19,3,Wednesday,800,Clear,6,0
AI,MAA,BLR,13,9,Friday,1334,Clear,24,1
UK,CCU,BOM,0,1,Wednesday,1826,Clear,0,0
SG,CCU,DEL,8,9,Tuesday,1134,Cloudy,27,1
UK,BOM,BLR,3,4,Wednesday,1722,Clear,0,0
6E,BLR,BOM,10,2,Saturday,1138,Rain,24,1
UK,HYD,BOM,23,8,Monday,1700,Clear,0,0
UK,BLR,HYD,9,4,Sunday,485,Clear,1,0
AI,BLR,HYD,19,6,Monday,1439,Fog,48,1
AI,BOM,HYD,10,11,Friday,1005,Rain,22,1
AI,DEL,BLR,13,9,Friday,1664,Cloudy,14,0
QP,BLR,BOM,0,12,Friday,858,Cloudy,5,0
SG,DEL,HYD,16,5,Monday,1652,Cloudy,32,1
AI,DEL,BOM,5,5,Friday,619,Clear,11,0
6E,HYD,MAA,11,9,Monday,1195,Cloudy,6,0
UK,CCU,DEL,23,2,Saturday,605,Clear,0,0
AI,HYD,BOM,5,11,Saturday,529,Fog,23,1
QP,DEL,BLR,22,5,Sunday,1430,Clear,8,0
QP,CCU,DEL,19,6,Wednesday,985,Cloudy,18,1
6E,MAA,HYD,1,7,Friday,1731,Clear,3,0
AI,BOM,MAA,8,1,Tuesday,1709,Clear,17,1
6E,BOM,BLR,23,4,Thursday,623,Clear,0,0
UK,CCU,BOM,10,2,Saturday,1669,Clear,0,0
QP,BLR,MAA,19,8,Tuesday,1509,Cloudy,16,1
6E,DEL,BOM,22,9,Saturday,1336,,22,1
6E,BOM,DEL,0,1,Wednesday,1065,Clear,0,0
6E,BOM,DEL,17,1,Sunday,1135,Clear,3,0
AI,BLR,DEL,21,10,Monday,545,Cloudy,0,0
AI,BLR,CCU,13,5,Tuesday,869,Clear,0,0
UK,HYD,CCU,23,11,Saturday,1202,Rain,0,0
SG,BOM,HYD,16,8,Tuesday,1732,Cloudy,36,1
AI,HYD,CCU,15,10,Sunday,1551,Rain,18,1
6E,BLR,MAA,2,5,Sunday,1192,Storm,31,1
QP,CCU,BLR,18,4,Monday,1747,Clear,21,1
QP,MAA,BOM,20,9,Saturday,1579,Clear,12,0
SG,BOM,BLR,7,8,Thursday,1049,Cloudy,20,1
UK,DEL,CCU,3,7,Saturday,565,Cloudy,12,0
UK,HYD,CCU,13,5,Friday,1173,Cloudy,0,0
6E,BLR,CCU,22,8,Wednesday,1469,Fog,20,1
6E,CCU,HYD,17,5,Monday,874,Clear,8,0
6E,BLR,HYD,19,11,Wednesday,1801,Rain,4,0
SG,BOM,DEL,13,9,Thursday,1008,Cloudy,35,1
SG,BLR,HYD,10,5,Thursday,1450,Rain,33,1
SG,CCU,DEL,7,11,Saturday,1135,Clear,3,0
SG,DEL,HYD,19,1,Saturday,1120,Clear,23,1
AI,CCU,DEL,15,10,Wednesday,612,Fog,34,1
SG,BOM,BLR,17,5,Tuesday,744,Rain,43,1
QP,CCU,MAA,20,3,Friday,1275,Clear,21,1
SG,HYD,BOM,23,10,Saturday,1295,Clear,8,0
UK,HYD,BLR,20,8,Friday,871,Clear,22,1
6E,BOM,CCU,10,1,Friday,600,Clear,0,0
SG,MAA,BOM,3,4,Friday,1150,Clear,0,0
UK,HYD,BOM,13,6,Wednesday,1411,Fog,13,0
6E,BLR,DEL,10,8,Tuesday,1410,Clear,8,0
UK,BLR,BOM,22,10,Saturday,747,Clear,0,0
AI,HYD,DEL,0,5,Tuesday,1599,Cloudy,0,0
QP,BLR,CCU,20,10,Monday,857,Cloudy,19,1
SG,CCU,MAA,15,10,Monday,753,Rain,22,1
6E,DEL,BOM,1,5,Wednesday,898,Clear,0,0
SG,BOM,CCU,5,12,Thursday,1545,Clear,19,1
AI,CCU,BLR,1,12,Thursday,1243,Clear,9,0
6E,MAA,HYD,22,4,Tuesday,1379,Cloudy,0,0
SG,BLR,MAA,15,7,Wednesday,1517,Storm,45,1
AI,HYD,MAA,14,11,Friday,1374,Cloudy,6,0
SG,DEL,MAA,12,7,Wednesday,1519,Rain,30,1
QP,BOM,MAA,9,9,Thursday,1448,Fog,40,1
UK,CCU,BLR,4,10,Tuesday,1509,Clear,0,0
6E,HYD,CCU,17,7,Saturday,791,Clear,10,0
SG,DEL,CCU,3,5,Thursday,1073,Clear,4,0
6E,MAA,BLR,4,7,Saturday,598,Fog,19,1
SG,BLR,MAA,23,10,Wednesday,1310,Clear,0,0
SG,HYD,DEL,2,4,Wednesday,1245,Cloudy,18,1
AI,CCU,HYD,22,11,Saturday,1195,Clear,0,0
AI,CCU,BLR,2,3,Wednesday,1649,Rain,31,1
AI,DEL,HYD,11,6,Saturday,1174,Clear,10,0
AI,BLR,CCU,13,2,Monday,1661,Clear,0,0
6E,BOM,HYD,2,11,Saturday,1299,Clear,0,0
AI,CCU,DEL,21,9,Saturday,726,Clear,5,0
QP,MAA,BLR,22,2,Thursday,631,Clear,0,0
QP,HYD,BLR,5,3,Thursday,985,Clear,0,0
AI,DEL,BLR,5,7,Wednesday,1532,Clear,2,0
6E,MAA,CCU,18,6,Wednesday,1088,Clear,9,0
SG,HYD,CCU,8,2,Wednesday,1035,Fog,34,1
SG,BOM,MAA,0,11,Friday,1191,Clear,15,1
UK,BLR,CCU,18,6,Tuesday,1838,Clear,7,0
QP,BLR,CCU,8,9,Tuesday,626,Clear,6,0
SG,BOM,CCU,9,10,Wednesday,1201,Clear,17,1
SG,CCU,BOM,15,3,Thursday,1364,Cloudy,0,0
UK,CCU,BOM,13,5,Tuesday,1677,Fog,29,1
UK,DEL,CCU,19,9,Thursday,1132,Clear,7,0
6E,CCU,DEL,19,10,Saturday,1900,Cloudy,24,1
UK,BLR,DEL,22,3,Tuesday,1566,Rain,21,1
QP,MAA,DEL,22,4,Tuesday,502,Cloudy,0,0
6E,MAA,BOM,15,10,Saturday,785,Rain,19,1
AI,HYD,CCU,13,5,Tuesday,751,Clear,0,0
UK,MAA,DEL,11,1,Friday,1652,Clear,0,0
SG,MAA,DEL,15,6,Sunday,624,Clear,13,0
QP,CCU,BLR,1,2,Thursday,1617,Clear,5,0
UK,BLR,BOM,9,8,Thursday,1693,Clear,0,0
SG,MAA,HYD,6,12,Friday,978,Fog,19,1
6E,CCU,HYD,13,2,Monday,714,Clear,0,0
UK,CCU,MAA,22,4,Monday,1560,Fog,33,1
UK,DEL,BLR,11,7,Tuesday,984,Clear,0,0
6E,BLR,CCU,13,2,Thursday,1306,Rain,25,1
SG,HYD,DEL,9,7,Saturday,753,Clear,19,1
QP,HYD,CCU,8,3,Friday,1245,Clear,10,0
6E,HYD,BOM,16,8,Sunday,1078,Cloudy,19,1
AI,CCU,HYD,5,5,Wednesday,1386,Clear,0,0
QP,HYD,CCU,21,12,Saturday,480,Rain,15,1
QP,MAA,HYD,2,11,Friday,1187,Clear,0,0
QP,CCU,HYD,5,12,Monday,767,Clear,3,0
6E,DEL,BOM,18,2,Thursday,809,Rain,29,1
SG,HYD,MAA,1,12,Friday,1705,Clear,3,0
SG,BLR,BOM,9,1,Wednesday,578,Cloudy,12,0
SG,CCU,MAA,9,3,Saturday,1734,Clear,5,0
QP,HYD,CCU,22,11,Wednesday,1555,Cloudy,0,0
QP,HYD,BLR,3,11,Friday,1016,Cloudy,6,0
UK,MAA,CCU,10,4,Saturday,591,Storm,26,1
AI,BOM,MAA,11,11,Tuesday,1414,Clear,0,0
AI,HYD,BOM,19,1,Monday,1257,Clear,2,0
QP,MAA,BLR,12,5,Sunday,623,Clear,0,0
QP,MAA,BLR,3,1,Saturday,1846,Cloudy,0,0
AI,BOM,DEL,20,7,Sunday,897,Clear,21,1
6E,CCU,BLR,3,11,Monday,1098,Rain,0,0
6E,DEL,BLR,16,8,Friday,1833,Fog,40,1
6E,BOM,BLR,6,7,Monday,1500,Storm,44,1
SG,CCU,BOM,2,3,Thursday,973,Clear,6,0
UK,HYD,BOM,4,8,Saturday,1536,Clear,0,0
UK,HYD,MAA,22,4,Tuesday,827,Clear,0,0
UK,HYD,DEL,23,8,Wednesday,784,Fog,17,1
SG,CCU,DEL,14,2,Thursday,1341,Rain,35,1
SG,BOM,CCU,19,7,Thursday,684,Clear,21,1
AI,BOM,DEL,21,6,Monday,1306,Clear,0,0
AI,BLR,CCU,8,10,Wednesday,1326,Fog,44,1
6E,CCU,MAA,18,11,Saturday,1088,Clear,1,0
UK,HYD,MAA,12,11,Monday,1567,Cloudy,0,0
QP,MAA,BOM,4,5,Wednesday,985,Cloudy,8,0
QP,MAA,DEL,12,8,Friday,1558,Clear,1,0
SG,CCU,HYD,1,8,Wednesday,907,Clear,19,1
AI,BLR,DEL,14,11,Friday,590,Fog,32,1
AI,BLR,BOM,6,10,Tuesday,743,Clear,2,0
UK,DEL,BLR,2,1,Tuesday,1033,Cloudy,2,0
UK,DEL,MAA,16,10,Sunday,603,Rain,30,1
SG,BLR,BOM,8,6,Saturday,1340,Clear,27,1
AI,MAA,BOM,10,12,Wednesday,1908,Clear,10,0
QP,CCU,MAA,2,8,Monday,1105,Cloudy,0,0
UK,BLR,BOM,1,5,Thursday,1326,Clear,0,0
UK,HYD,BLR,22,3,Saturday,576,Clear,0,0
AI,MAA,BOM,14,12,Friday,848,,0,0
QP,BOM,CCU,9,2,Friday,1689,Fog,34,1
UK,DEL,HYD,15,2,Thursday,544,Cloudy,8,0
6E,CCU,DEL,17,2,Sunday,1381,Clear,15,1
6E,HYD,DEL,2,7,Monday,1788,Clear,0,0
6E,DEL,CCU,22,4,Saturday,1546,Rain,26,1
AI,BOM,CCU,15,7,Sunday,1547,Rain,53,1
QP,BOM,MAA,7,10,Saturday,615,Clear,0,0
QP,BOM,DEL,6,4,Tuesday,474,Cloudy,0,0
QP,BLR,MAA,2,1,Sunday,705,Clear,12,0
6E,MAA,HYD,6,5,Sunday,1588,Clear,3,0
UK,MAA,CCU,8,8,Saturday,773,Fog,26,1
UK,CCU,BLR,5,9,Wednesday,543,Clear,0,0
UK,CCU,BLR,16,1,Saturday,1362,Clear,11,0
UK,BOM,HYD,6,11,Saturday,414,Clear,0,0
UK,DEL,HYD,11,8,Tuesday,1746,Clear,9,0
SG,DEL,MAA,13,6,Tuesday,1396,Storm,51,1
AI,MAA,BLR,1,4,Saturday,1692,Clear,0,0
AI,BLR,BOM,4,12,Saturday,1352,Cloudy,21,1
QP,MAA,BOM,1,2,Friday,646,Rain,24,1
QP,BLR,BOM,16,6,Thursday,1440,Rain,51,1
QP,CCU,MAA,16,6,Sunday,1002,Rain,45,1
6E,HYD,BOM,3,7,Wednesday,1857,Cloudy,1,0
UK,CCU,BLR,17,3,Saturday,1201,Clear,0,0
AI,BOM,BLR,19,12,Sunday,1310,Clear,17,1
6E,MAA,CCU,2,5,Tuesday,532,Fog,28,1
SG,HYD,BOM,2,9,Monday,571,Clear,6,0
6E,BOM,CCU,19,8,Tuesday,1353,Clear,6,0
UK,BOM,HYD,7,3,Friday,1861,Clear,0,0
AI,BOM,DEL,8,12,Tuesday,937,Clear,26,1
UK,DEL,BLR,14,6,Friday,1808,Clear,0,0
SG,CCU,HYD,1,8,Thursday,1291,Clear,13,0
UK,BOM,CCU,10,8,Sunday,1469,Clear,17,1
UK,HYD,BLR,8,7,Friday,1300,Cloudy,8,0
QP,HYD,BLR,19,8,Friday,427,Storm,41,1
6E,HYD,DEL,17,7,Tuesday,577,Clear,0,0
6E,HYD,DEL,6,9,Wednesday,693,Storm,32,1
SG,CCU,MAA,15,6,Tuesday,1467,Clear,1,0
UK,CCU,HYD,9,10,Monday,796,Clear,7,0
QP,CCU,HYD,11,7,Wednesday,1431,Clear,11,0
AI,BLR,MAA,17,12,Sunday,1346,Cloudy,33,1
AI,MAA,HYD,6,7,Saturday,1722,Storm,41,1
6E,BOM,CCU,13,8,Tuesday,1558,Clear,3,0
UK,CCU,BOM,10,6,Wednesday,757,Cloudy,18,1
QP,BOM,BLR,15,5,Saturday,1558,Rain,9,0
UK,DEL,BOM,9,10,Monday,1014,Clear,14,0
UK,MAA,DEL,22,8,Saturday,1465,Clear,3,0
AI,MAA,BOM,9,5,Thursday,585,Clear,5,0
UK,DEL,MAA,2,10,Friday,1204,Clear,0,0
UK,CCU,BOM,11,2,Monday,1806,Rain,4,0
UK,DEL,MAA,5,1,Sunday,403,Clear,2,0
SG,DEL,BOM,10,8,Friday,1068,Fog,64,1
UK,CCU,HYD,22,6,Tuesday,887,Rain,22,1
AI,BOM,MAA,2,10,Saturday,1470,Clear,8,0
AI,BOM,CCU,1,8,Monday,1142,Clear,15,1
AI,MAA,DEL,6,10,Tuesday,738,Cloudy,5,0
SG,HYD,CCU,10,4,Saturday,1311,Cloudy,16,1
QP,HYD,MAA,3,4,Saturday,813,Cloudy,11,0
QP,CCU,BOM,16,4,Monday,1166,Clear,15,1
6E,DEL,HYD,14,8,Friday,1104,Fog,39,1
AI,CCU,HYD,16,9,Saturday,1840,Clear,16,1
SG,BOM,BLR,10,12,Monday,1223,Cloudy,25,1
AI,HYD,CCU,22,3,Monday,1808,Clear,0,0
SG,BOM,MAA,16,2,Tuesday,819,Cloudy,26,1
6E,BOM,HYD,22,12,Tuesday,486,Clear,0,0
QP,BOM,BLR,2,7,Tuesday,838,Clear,7,0
SG,HYD,MAA,16,5,Saturday,1256,Clear,15,1
SG,CCU,BOM,8,4,Tuesday,1108,Fog,40,1
UK,DEL,BOM,4,11,Thursday,327,Clear,0,0
QP,HYD,BLR,4,10,Wednesday,515,Clear,0,0
UK,CCU,DEL,4,3,Wednesday,1169,Clear,0,0
SG,MAA,BLR,2,4,Sunday,704,Clear,8,0
6E,CCU,BLR,10,11,Wednesday,884,Fog,22,1
UK,DEL,HYD,18,9,Tuesday,1579,Clear,23,1
QP,BLR,HYD,11,10,Tuesday,975,Fog,11,0
6E,BLR,CCU,3,2,Sunday,1583,Clear,0,0
AI,HYD,BOM,16,7,Saturday,1165,Clear,19,1
6E,BOM,BLR,4,1,Thursday,1565,Rain,19,1
6E,BOM,MAA,20,6,Thursday,1059,Clear,11,0
UK,CCU,BOM,8,2,Thursday,621,Rain,26,1
AI,BOM,HYD,0,4,Friday,776,Clear,0,0
AI,CCU,BOM,7,4,Friday,658,Clear,5,0
6E,DEL,BLR,19,3,Monday,1178,Clear,6,0
UK,BLR,BOM,22,11,Saturday,983,Clear,0,0
AI,HYD,BOM,10,5,Saturday,731,Rain,19,1
6E,CCU,DEL,23,2,Sunday,967,Clear,0,0
6E,MAA,BOM,5,12,Wednesday,915,Clear,0,0
AI,DEL,CCU,10,1,Monday,561,Clear,8,0
6E,MAA,BOM,11,2,Wednesday,1048,Clear,0,0
6E,BOM,CCU,4,11,Wednesday,633,Clear,0,0
AI,CCU,BLR,9,6,Friday,1223,Clear,18,1
SG,MAA,HYD,11,5,Tuesday,972,Clear,0,0
AI,BOM,CCU,16,4,Monday,1015,Cloudy,24,1
UK,BLR,HYD,11,8,Tuesday,1295,Cloudy,0,0
SG,MAA,CCU,2,5,Friday,541,Fog,35,1
QP,CCU,HYD,11,2,Tuesday,687,Clear,0,0
UK,HYD,DEL,20,12,Friday,1059,Clear,0,0
UK,BOM,MAA,0,11,Friday,1008,Clear,0,0
SG,BLR,CCU,23,3,Thursday,951,Cloudy,21,1
QP,MAA,CCU,3,7,Monday,972,Clear,0,0
6E,HYD,BLR,0,6,Monday,793,Rain,20,1
SG,BOM,DEL,3,2,Saturday,505,Clear,0,0
UK,BOM,HYD,6,5,Friday,620,Cloudy,21,1
AI,BOM,CCU,8,8,Saturday,1700,Cloudy,41,1
SG,BLR,CCU,19,2,Sunday,738,Clear,31,1
QP,BLR,HYD,13,5,Wednesday,1967,Clear,13,0
AI,HYD,MAA,15,4,Sunday,1507,Clear,0,0
AI,CCU,DEL,21,5,Wednesday,641,Clear,0,0
QP,HYD,BLR,3,8,Sunday,1606,Clear,26,1
UK,HYD,DEL,5,5,Friday,795,Clear,0,0
6E,BLR,MAA,23,10,Tuesday,1099,Clear,0,0
SG,HYD,DEL,18,7,Monday,283,Rain,43,1
6E,CCU,HYD,1,9,Sunday,493,Cloudy,3,0
6E,DEL,CCU,5,8,Wednesday,1597,Rain,30,1
6E,BLR,DEL,8,10,Sunday,1217,Fog,26,1
UK,DEL,BLR,0,2,Tuesday,1118,Cloudy,8,0
AI,BOM,DEL,13,12,Thursday,1874,Cloudy,5,0
6E,DEL,MAA,15,10,Tuesday,1723,Clear,0,0
6E,HYD,CCU,8,3,Monday,2010,Rain,12,0
AI,MAA,DEL,5,1,Thursday,1192,Clear,0,0
SG,CCU,HYD,10,1,Thursday,1750,Cloudy,13,0
AI,BOM,MAA,22,9,Tuesday,483,Clear,15,1
QP,MAA,DEL,17,6,Wednesday,1603,Cloudy,21,1
AI,BOM,BLR,22,3,Wednesday,1658,Cloudy,15,1
6E,BOM,DEL,13,4,Tuesday,427,Clear,0,0
AI,HYD,CCU,2,6,Saturday,1448,Cloudy,9,0
6E,MAA,HYD,1,1,Wednesday,1692,Clear,0,0
SG,HYD,BLR,4,7,Friday,801,Cloudy,10,0
AI,DEL,CCU,12,1,Saturday,1745,Cloudy,8,0
UK,BLR,MAA,5,8,Wednesday,712,Cloudy,5,0
SG,BOM,CCU,7,1,Monday,1729,Cloudy,1,0
UK,DEL,HYD,21,10,Monday,1637,Clear,0,0
AI,DEL,BOM,1,4,Friday,1149,Cloudy,14,0
SG,BLR,HYD,1,7,Monday,1759,Fog,29,1
AI,DEL,MAA,9,5,Monday,1275,Clear,0,0
AI,MAA,CCU,18,11,Thursday,1528,Rain,32,1
UK,DEL,CCU,19,10,Tuesday,1232,Clear,0,0
6E,BOM,BLR,6,12,Wednesday,655,Clear,0,0
AI,CCU,BOM,6,9,Friday,886,Clear,5,0
SG,MAA,CCU,13,12,Saturday,594,Rain,23,1
UK,HYD,DEL,20,3,Wednesday,673,Clear,1,0
QP,DEL,MAA,4,4,Monday,1381,Cloudy,6,0
UK,DEL,BLR,21,10,Tuesday,549,Clear,1,0
UK,CCU,HYD,19,1,Saturday,535,Clear,8,0
QP,MAA,DEL,6,3,Monday,1694,Fog,15,1
AI,CCU,BOM,16,9,Tuesday,750,Clear,16,1
6E,MAA,BOM,15,5,Sunday,1252,Clear,0,0
SG,DEL,CCU,0,4,Wednesday,580,Clear,16,1
6E,MAA,CCU,9,4,Monday,1518,Clear,0,0
QP,BLR,BOM,5,10,Sunday,1159,Cloudy,23,1
6E,MAA,BLR,1,6,Saturday,582,Clear,0,0
UK,BLR,DEL,11,1,Saturday,1221,Cloudy,0,0
QP,MAA,BLR,16,7,Friday,641,Clear,21,1
6E,CCU,MAA,12,10,Thursday,1712,Rain,31,1
QP,CCU,BOM,2,2,Friday,1132,Clear,16,1
AI,HYD,BLR,19,1,Monday,708,Clear,8,0
6E,BOM,DEL,1,8,Monday,1134,Rain,25,1
UK,HYD,CCU,9,11,Friday,1576,Clear,0,0
UK,BLR,BOM,13,1,Thursday,1533,Clear,4,0
QP,BOM,MAA,22,8,Saturday,901,Rain,34,1
QP,MAA,BOM,18,10,Sunday,1198,Fog,35,1
SG,DEL,HYD,4,2,Tuesday,1667,Clear,15,1
SG,BLR,CCU,10,4,Wednesday,1071,Rain,35,1
6E,MAA,BOM,20,7,Tuesday,1452,Rain,28,1
QP,CCU,BOM,5,8,Saturday,1098,Fog,30,1
SG,HYD,BLR,21,7,Thursday,933,Rain,19,1
AI,CCU,HYD,12,3,Wednesday,635,Clear,9,0
QP,MAA,BLR,15,11,Saturday,1693,Fog,20,1
6E,BOM,MAA,15,6,Thursday,1227,Clear,0,0
UK,CCU,BOM,23,7,Thursday,1375,Clear,9,0
UK,BLR,BOM,16,7,Saturday,530,Clear,10,0
QP,HYD,CCU,9,7,Tuesday,1365,Clear,0,0
6E,BOM,CCU,14,4,Friday,702,Clear,5,0
6E,HYD,DEL,16,4,Sunday,1758,Clear,0,0
AI,MAA,BLR,14,2,Sunday,1402,Rain,17,1
6E,CCU,BOM,0,9,Sunday,1077,Cloudy,16,1
AI,CCU,BLR,21,4,Tuesday,966,Clear,4,0
UK,MAA,BLR,6,1,Friday,613,Rain,6,0
QP,HYD,CCU,15,1,Friday,1382,Fog,16,1
UK,CCU,BLR,13,12,Monday,433,Clear,3,0
QP,DEL,CCU,2,6,Thursday,1932,Clear,20,1
QP,CCU,BOM,21,8,Tuesday,1046,Fog,31,1
AI,BOM,DEL,1,7,Thursday,1739,Clear,10,0
UK,BLR,MAA,22,11,Friday,1699,Clear,0,0
UK,CCU,MAA,22,11,Friday,1082,Clear,0,0
6E,MAA,DEL,13,10,Saturday,1827,Storm,35,1
QP,CCU,MAA,22,12,Friday,1423,Clear,8,0
6E,MAA,DEL,20,3,Thursday,1258,Rain,13,0
AI,HYD,BOM,21,6,Sunday,710,Cloudy,16,1
UK,BOM,BLR,19,4,Wednesday,1410,Clear,18,1
6E,CCU,DEL,22,10,Wednesday,1206,Rain,14,0
6E,HYD,MAA,18,4,Sunday,874,Clear,0,0
UK,MAA,BOM,21,10,Sunday,1182,Rain,21,1
SG,BLR,CCU,2,3,Wednesday,1511,Clear,0,0
6E,CCU,HYD,10,9,Sunday,1216,Rain,24,1
6E,BLR,HYD,11,1,Sunday,1013,Clear,0,0
AI,BOM,DEL,21,10,Saturday,1177,Clear,6,0
6E,BOM,BLR,11,10,Thursday,1187,Cloudy,0,0
UK,MAA,HYD,10,7,Saturday,1348,Rain,9,0
SG,MAA,HYD,18,7,Friday,1961,Rain,48,1
6E,BOM,MAA,15,6,Monday,1344,Clear,0,0
AI,MAA,CCU,14,8,Monday,1511,Clear,9,0
UK,CCU,BOM,21,7,Sunday,834,Clear,5,0
SG,HYD,MAA,19,6,Tuesday,1484,Clear,20,1
AI,CCU,MAA,17,7,Tuesday,465,Fog,43,1
UK,DEL,CCU,22,2,Sunday,1105,Cloudy,11,0
AI,BLR,CCU,1,6,Wednesday,826,Cloudy,1,0
UK,HYD,BOM,13,6,Saturday,650,Cloudy,7,0
SG,BLR,HYD,0,11,Saturday,1789,Clear,1,0
SG,DEL,BLR,19,4,Thursday,873,Clear,18,1
SG,BLR,CCU,3,12,Friday,1167,Fog,37,1
SG,BLR,MAA,13,11,Thursday,959,Clear,11,0
6E,BOM,DEL,18,10,Thursday,1569,Cloudy,20,1
QP,BLR,CCU,15,9,Monday,1633,Clear,0,0
6E,BLR,MAA,1,4,Monday,400,Clear,0,0
6E,CCU,HYD,11,2,Saturday,1478,Clear,4,0
SG,BLR,HYD,18,10,Saturday,1445,Clear,23,1
6E,BLR,DEL,23,9,Monday,1800,Cloudy,9,0
AI,BLR,MAA,21,10,Wednesday,555,Storm,42,1
SG,HYD,MAA,19,7,Wednesday,530,Clear,21,1
SG,BOM,HYD,7,11,Monday,784,Rain,33,1
UK,CCU,DEL,18,1,Wednesday,1029,Clear,3,0
AI,BLR,BOM,4,2,Sunday,1498,Clear,5,0
SG,BLR,CCU,7,1,Friday,1678,Cloudy,15,1
AI,DEL,HYD,6,4,Sunday,1430,Clear,0,0
UK,CCU,DEL,11,2,Wednesday,1008,Clear,0,0
UK,BLR,DEL,21,1,Saturday,584,Clear,0,0
SG,DEL,CCU,20,10,Sunday,720,Clear,38,1
QP,BOM,MAA,21,2,Thursday,998,Rain,22,1
AI,BLR,MAA,22,10,Saturday,1585,Clear,0,0
AI,MAA,DEL,0,8,Tuesday,1846,Clear,1,0
UK,DEL,BLR,23,8,Sunday,538,Rain,8,0
QP,DEL,BLR,21,2,Sunday,1614,Clear,17,1
AI,HYD,BOM,17,1,Thursday,1020,Clear,3,0
UK,BLR,DEL,1,2,Monday,1183,Clear,0,0
UK,CCU,HYD,17,4,Wednesday,1454,Rain,29,1
6E,MAA,CCU,16,12,Wednesday,962,Fog,33,1
SG,HYD,MAA,2,5,Sunday,728,Fog,47,1
6E,BLR,DEL,4,3,Monday,780,Clear,0,0
UK,HYD,MAA,18,4,Monday,1642,Clear,12,0
QP,HYD,BLR,4,5,Saturday,1283,Rain,21,1
6E,BOM,DEL,8,7,Sunday,952,Rain,31,1
AI,BLR,CCU,14,10,Tuesday,1867,Clear,19,1
QP,CCU,BOM,20,1,Monday,1001,Cloudy,30,1
6E,HYD,MAA,6,10,Sunday,1660,Clear,0,0
SG,BLR,MAA,0,1,Saturday,1792,Clear,11,0
SG,MAA,CCU,20,4,Saturday,1027,Clear,15,1
UK,BOM,DEL,22,8,Saturday,621,Rain,23,1
AI,BOM,BLR,20,2,Sunday,1014,Rain,45,1
QP,CCU,BLR,11,4,Friday,1165,Clear,18,1
SG,MAA,CCU,17,8,Monday,1150,Clear,29,1
UK,BLR,HYD,3,9,Saturday,1038,Clear,0,0
QP,CCU,HYD,15,1,Monday,1204,Clear,0,0
SG,BLR,CCU,14,10,Monday,618,Clear,0,0
SG,MAA,BOM,15,5,Thursday,1585,Clear,2,0
AI,DEL,MAA,16,8,Wednesday,755,Rain,50,1
SG,MAA,CCU,21,3,Thursday,1719,Rain,26,1
6E,BOM,DEL,18,12,Wednesday,998,Fog,40,1
AI,BOM,HYD,0,10,Saturday,875,Cloudy,5,0
6E,MAA,DEL,16,8,Sunday,1887,Rain,45,1
AI,BOM,DEL,17,3,Sunday,840,Rain,49,1
AI,BLR,HYD,13,10,Thursday,1329,Cloudy,7,0
SG,CCU,BLR,14,5,Thursday,937,Clear,4,0
UK,CCU,HYD,1,8,Monday,1126,Clear,0,0
6E,BLR,HYD,6,8,Sunday,677,Clear,6,0
AI,DEL,CCU,20,10,Tuesday,1344,Cloudy,28,1
SG,BOM,DEL,0,11,Tuesday,463,Clear,0,0
SG,HYD,BOM,23,5,Saturday,564,Clear,0,0
UK,BLR,DEL,5,1,Sunday,1770,Rain,6,0
AI,MAA,BLR,18,6,Sunday,720,Clear,16,1
AI,CCU,HYD,5,5,Monday,807,Clear,10,0
AI,HYD,BOM,0,5,Sunday,945,Storm,35,1
AI,HYD,DEL,14,6,Wednesday,1178,Clear,0,0
QP,HYD,CCU,18,7,Tuesday,1301,Clear,3,0
6E,BOM,DEL,2,8,Tuesday,664,Cloudy,12,0
SG,HYD,DEL,6,5,Friday,825,Storm,51,1
QP,CCU,BLR,7,8,Saturday,1157,Clear,5,0
QP,MAA,HYD,23,12,Wednesday,627,Clear,0,0
6E,MAA,BOM,7,8,Friday,497,Clear,0,0
UK,CCU,BOM,1,8,Saturday,1386,Clear,11,0
UK,BLR,DEL,23,4,Wednesday,1694,Rain,13,0
AI,BLR,HYD,2,5,Saturday,1510,Storm,27,1
SG,CCU,BLR,11,1,Wednesday,1751,Rain,21,1
UK,BLR,DEL,4,7,Tuesday,1532,Clear,0,0
6E,MAA,HYD,6,1,Thursday,1725,Rain,10,0
UK,HYD,BOM,18,10,Thursday,1473,Cloudy,7,0
SG,DEL,MAA,3,12,Wednesday,665,Clear,5,0
AI,BOM,DEL,15,10,Wednesday,1356,Cloudy,7,0
SG,BOM,MAA,13,2,Wednesday,1652,Clear,22,1
QP,BOM,DEL,17,8,Thursday,1237,Cloudy,29,1
SG,MAA,HYD,3,6,Friday,850,Cloudy,15,1
SG,CCU,MAA,8,1,Wednesday,1724,Clear,17,1
AI,CCU,BOM,0,9,Friday,1289,Cloudy,25,1
SG,BOM,BLR,21,11,Wednesday,1457,Clear,10,0
SG,BLR,BOM,23,6,Tuesday,1657,Clear,30,1
UK,BOM,DEL,10,11,Tuesday,529,Clear,0,0
UK,DEL,BOM,12,1,Saturday,1226,Storm,47,1
SG,HYD,CCU,3,11,Wednesday,1462,Clear,8,0
AI,CCU,HYD,21,9,Friday,1163,Rain,23,1
6E,DEL,HYD,18,9,Friday,699,Clear,25,1
SG,HYD,BOM,2,7,Friday,1246,Clear,3,0
QP,DEL,BOM,12,1,Friday,1659,Clear,6,0
6E,CCU,MAA,4,6,Sunday,1193,Clear,15,1
UK,DEL,BLR,14,12,Sunday,1812,Rain,22,1
QP,BLR,DEL,15,6,Wednesday,1140,Clear,0,0
AI,DEL,BLR,9,1,Wednesday,713,Cloudy,22,1
6E,BLR,HYD,10,6,Wednesday,628,Rain,15,1
AI,BLR,HYD,17,2,Friday,642,Clear,12,0
6E,HYD,BOM,3,6,Thursday,1610,Clear,7,0
SG,MAA,CCU,0,8,Sunday,1698,Clear,3,0
6E,CCU,BOM,9,1,Saturday,373,Cloudy,10,0
QP,BLR,HYD,11,6,Thursday,1461,Rain,20,1
QP,CCU,MAA,6,7,Wednesday,1281,Cloudy,0,0
QP,BLR,CCU,10,10,Saturday,1495,Clear,0,0
SG,DEL,CCU,2,1,Saturday,1105,,9,0
SG,HYD,MAA,17,8,Sunday,1162,Cloudy,20,1
UK,MAA,DEL,18,8,Thursday,504,,6,0
QP,BOM,CCU,6,1,Saturday,1614,Clear,1,0
AI,HYD,DEL,15,2,Sunday,1452,Clear,0,0
SG,BLR,HYD,5,8,Monday,1407,Rain,28,1
AI,DEL,BLR,9,11,Tuesday,1794,Cloudy,23,1
6E,BLR,MAA,7,11,Tuesday,1601,Clear,0,0
6E,BLR,MAA,23,10,Tuesday,880,Rain,24,1
SG,BLR,MAA,11,11,Wednesday,810,Rain,19,1
SG,CCU,BOM,15,8,Monday,798,Clear,8,0
AI,BLR,MAA,5,2,Friday,1059,Clear,0,0
SG,HYD,MAA,22,7,Friday,684,Clear,0,0
6E,DEL,MAA,16,5,Friday,1190,Rain,45,1
AI,BOM,HYD,2,4,Saturday,435,Clear,0,0
UK,CCU,DEL,7,2,Monday,1319,Rain,17,1
UK,CCU,HYD,12,1,Wednesday,1797,Clear,0,0
6E,CCU,BOM,10,10,Thursday,642,Cloudy,5,0
6E,DEL,BLR,19,3,Tuesday,846,Rain,41,1
QP,CCU,BOM,13,8,Wednesday,724,Clear,5,0
6E,BOM,CCU,13,4,Thursday,1561,Rain,3,0
QP,DEL,CCU,9,6,Friday,1702,Rain,36,1
QP,DEL,MAA,20,5,Tuesday,1413,Clear,35,1
6E,MAA,BOM,16,4,Tuesday,1059,Clear,4,0
UK,HYD,BLR,16,6,Tuesday,1187,Rain,27,1
SG,HYD,DEL,15,10,Tuesday,751,,35,1
UK,CCU,HYD,15,7,Saturday,1327,Clear,9,0
UK,DEL,BLR,18,10,Friday,894,Clear,3,0
6E,DEL,BOM,5,11,Saturday,849,Clear,0,0
AI,CCU,BOM,12,6,Monday,1635,Clear,9,0
AI,HYD,DEL,3,10,Friday,1753,Cloudy,0,0
6E,MAA,DEL,8,2,Friday,580,Cloudy,5,0
SG,HYD,BOM,6,7,Saturday,1503,Cloudy,15,1
6E,DEL,CCU,4,6,Thursday,1381,Rain,26,1
AI,HYD,MAA,13,1,Saturday,1697,Clear,12,0
6E,CCU,DEL,10,11,Thursday,1062,Clear,7,0
UK,DEL,BOM,10,9,Saturday,1036,Clear,9,0
6E,DEL,BLR,20,8,Saturday,1799,Rain,41,1
6E,BLR,DEL,8,9,Saturday,1828,Cloudy,20,1
AI,BLR,CCU,2,10,Tuesday,1560,Rain,20,1
6E,HYD,CCU,18,10,Saturday,1811,Clear,0,0
6E,DEL,HYD,5,4,Tuesday,1353,Rain,11,0
QP,CCU,BOM,23,6,Thursday,900,Clear,6,0
QP,DEL,CCU,15,5,Sunday,1535,Clear,15,1
6E,BOM,HYD,6,11,Monday,1822,Rain,17,1
AI,CCU,BLR,13,2,Saturday,1834,Clear,9,0
AI,BLR,CCU,22,11,Wednesday,1621,Rain,25,1
6E,HYD,BOM,21,5,Tuesday,733,Clear,0,0
UK,BLR,HYD,9,10,Monday,1528,Clear,0,0
UK,BOM,MAA,0,3,Saturday,450,Clear,0,0
6E,HYD,CCU,1,11,Saturday,1289,Storm,47,1
6E,MAA,DEL,21,7,Thursday,707,Cloudy,0,0
6E,DEL,BOM,15,12,Tuesday,697,Clear,0,0
UK,CCU,MAA,17,5,Friday,1985,Fog,50,1
SG,BOM,BLR,17,12,Sunday,1529,Clear,27,1
AI,CCU,MAA,18,11,Saturday,1634,Clear,26,1
UK,CCU,MAA,12,1,Saturday,1432,Rain,24,1
SG,CCU,BOM,9,5,Monday,600,Clear,15,1
SG,HYD,BOM,5,5,Sunday,1232,Clear,6,0
UK,CCU,BLR,7,3,Friday,996,Rain,8,0
UK,CCU,DEL,18,11,Friday,1906,Clear,0,0
SG,HYD,MAA,0,2,Wednesday,1226,Clear,0,0
6E,CCU,DEL,3,4,Sunday,1671,Clear,0,0
UK,BLR,CCU,18,4,Thursday,828,Clear,6,0
6E,CCU,MAA,15,6,Tuesday,721,Rain,42,1
UK,CCU,BLR,3,9,Wednesday,1381,Fog,28,1
AI,HYD,DEL,0,1,Tuesday,1917,Cloudy,7,0
6E,DEL,MAA,5,8,Sunday,399,Clear,0,0
AI,BOM,BLR,2,5,Saturday,558,Clear,1,0
6E,BOM,DEL,6,8,Friday,1442,Clear,9,0
UK,HYD,BLR,19,1,Saturday,683,Rain,18,1
UK,BLR,CCU,20,11,Saturday,871,Rain,27,1
QP,MAA,DEL,6,7,Wednesday,1323,Clear,0,0
AI,BOM,MAA,6,4,Tuesday,1055,Clear,4,0
QP,DEL,HYD,19,10,Sunday,1552,Clear,22,1
6E,HYD,DEL,10,6,Wednesday,454,Rain,34,1
SG,DEL,CCU,5,5,Monday,1498,Cloudy,15,1
SG,CCU,MAA,17,3,Saturday,1355,Clear,13,0
QP,DEL,HYD,11,6,Tuesday,891,Cloudy,13,0
AI,BLR,MAA,21,3,Tuesday,1315,Clear,3,0
QP,CCU,BLR,21,9,Friday,1087,Cloudy,9,0
AI,HYD,MAA,18,5,Sunday,1627,Clear,8,0
QP,MAA,CCU,23,2,Monday,1479,Clear,0,0
SG,BLR,HYD,12,9,Friday,1607,Clear,0,0
UK,MAA,DEL,13,11,Wednesday,1125,Cloudy,0,0
6E,MAA,HYD,0,11,Sunday,1350,Fog,21,1
AI,HYD,CCU,4,6,Sunday,490,Clear,10,0
QP,DEL,MAA,3,4,Monday,959,Clear,0,0
SG,CCU,BLR,22,3,Monday,810,Rain,22,1
QP,DEL,BLR,6,5,Wednesday,657,Rain,22,1
SG,BLR,CCU,14,2,Monday,1615,Clear,0,0
QP,HYD,BOM,9,11,Wednesday,1425,Cloudy,0,0
QP,MAA,HYD,18,3,Tuesday,954,Clear,2,0
UK,HYD,CCU,8,10,Sunday,394,Rain,1,0
SG,BLR,CCU,22,5,Friday,1881,Cloudy,6,0
6E,BLR,HYD,12,9,Tuesday,1354,Cloudy,12,0
SG,CCU,HYD,5,11,Friday,1631,Clear,0,0
SG,BLR,HYD,9,5,Saturday,308,Clear,0,0
UK,CCU,HYD,8,12,Saturday,1623,Clear,0,0
SG,DEL,CCU,17,5,Friday,470,Clear,28,1
6E,HYD,BOM,7,4,Friday,1756,Rain,7,0
SG,MAA,DEL,1,9,Saturday,1102,Clear,2,0
UK,MAA,BLR,18,2,Tuesday,1871,,11,0
6E,BLR,MAA,23,2,Sunday,1852,Cloudy,6,0
QP,MAA,DEL,6,5,Tuesday,1797,Clear,0,0
AI,BLR,HYD,20,7,Saturday,1591,Clear,11,0
SG,HYD,BLR,0,6,Sunday,645,Clear,4,0
6E,CCU,DEL,8,1,Tuesday,1328,Fog,38,1
6E,MAA,HYD,0,7,Friday,1226,Storm,47,1
AI,MAA,CCU,9,8,Saturday,1518,Clear,15,1
AI,CCU,BOM,14,4,Wednesday,1801,Clear,7,0
AI,BOM,MAA,23,7,Thursday,1171,Cloudy,23,1
QP,HYD,DEL,20,5,Saturday,778,Rain,24,1
QP,HYD,BOM,22,1,Friday,1416,Clear,0,0
UK,MAA,HYD,15,9,Saturday,872,Clear,0,0
AI,DEL,CCU,9,6,Tuesday,1045,Clear,13,0
QP,MAA,CCU,21,12,Thursday,1408,Clear,0,0
SG,BOM,CCU,1,3,Saturday,1771,Clear,10,0
UK,BLR,CCU,19,1,Tuesday,1533,Clear,9,0
QP,MAA,DEL,23,10,Thursday,1513,Clear,0,0
UK,BOM,BLR,0,11,Thursday,1117,Clear,0,0
6E,DEL,CCU,15,11,Saturday,721,Clear,0,0
SG,MAA,BLR,21,12,Saturday,1758,Clear,0,0
UK,BOM,HYD,16,4,Wednesday,758,Clear,0,0
SG,MAA,HYD,23,9,Sunday,786,Clear,23,1
SG,CCU,MAA,6,1,Friday,1341,Clear,0,0
QP,BLR,DEL,15,6,Friday,1755,Cloudy,21,1
6E,MAA,CCU,19,11,Monday,1142,Rain,36,1
AI,BOM,BLR,1,8,Tuesday,946,Rain,31,1
UK,CCU,BOM,13,11,Monday,660,Fog,18,1
SG,BOM,BLR,23,12,Monday,1621,Clear,8,0
QP,CCU,BLR,11,10,Sunday,1360,Fog,15,1
6E,MAA,BLR,19,9,Tuesday,452,Rain,27,1
SG,BOM,DEL,17,5,Saturday,1310,Clear,30,1
QP,MAA,BOM,6,7,Thursday,1043,Clear,1,0
QP,HYD,BLR,8,1,Tuesday,408,Clear,0,0
QP,MAA,BOM,11,7,Saturday,1387,Rain,24,1
QP,BLR,HYD,10,12,Friday,1076,Clear,0,0
SG,BOM,CCU,14,2,Saturday,749,Clear,0,0
6E,MAA,DEL,15,6,Saturday,1486,Rain,27,1
UK,DEL,MAA,9,11,Saturday,620,Rain,14,0
SG,BLR,HYD,15,5,Friday,695,Cloudy,29,1
6E,DEL,BLR,15,8,Tuesday,748,Clear,2,0
SG,DEL,HYD,23,10,Thursday,1604,Clear,10,0
UK,DEL,BLR,19,10,Saturday,1016,Rain,41,1
SG,DEL,BLR,13,9,Saturday,1291,Rain,39,1
UK,CCU,HYD,4,1,Thursday,1638,Clear,0,0
SG,MAA,CCU,7,1,Monday,1061,Cloudy,2,0
AI,CCU,DEL,7,10,Sunday,684,Clear,0,0
SG,DEL,BOM,6,12,Friday,1869,Clear,10,0
QP,CCU,MAA,22,4,Thursday,1158,Clear,0,0
QP,HYD,DEL,12,7,Thursday,1318,Storm,41,1
QP,MAA,BLR,23,1,Thursday,1038,Clear,4,0
6E,CCU,BLR,2,3,Friday,1797,Clear,12,0
AI,BOM,BLR,17,6,Friday,943,Clear,13,0
SG,MAA,HYD,14,1,Wednesday,1773,Storm,30,1
AI,HYD,DEL,18,8,Wednesday,1457,Storm,60,1
6E,BLR,BOM,9,7,Tuesday,1120,Rain,26,1
SG,BLR,DEL,12,2,Wednesday,1243,Clear,0,0
UK,BOM,CCU,8,8,Sunday,895,Cloudy,14,0
SG,BOM,MAA,16,6,Tuesday,1634,Cloudy,33,1
SG,CCU,BOM,4,2,Sunday,1645,Clear,6,0
AI,MAA,DEL,15,3,Thursday,685,Clear,5,0
SG,HYD,BOM,11,7,Sunday,362,Clear,16,1
UK,MAA,CCU,19,10,Friday,562,Clear,1,0
UK,BLR,MAA,0,6,Saturday,1040,Clear,5,0
UK,BOM,HYD,4,8,Wednesday,1393,Clear,7,0
UK,CCU,HYD,14,6,Monday,1302,Cloudy,5,0
UK,CCU,BOM,8,11,Wednesday,816,Rain,0,0
6E,BOM,HYD,6,12,Friday,1720,Rain,13,0
6E,MAA,BLR,22,6,Tuesday,435,Clear,0,0
AI,BLR,DEL,21,4,Wednesday,1594,Clear,3,0
6E,MAA,BLR,2,7,Monday,1415,Clear,0,0
6E,DEL,BLR,12,11,Wednesday,433,Cloudy,11,0
UK,BLR,BOM,16,8,Monday,1782,Clear,20,1
QP,DEL,BOM,18,5,Tuesday,1475,Rain,39,1
AI,MAA,CCU,4,10,Wednesday,1295,Clear,0,0
6E,BLR,HYD,20,3,Tuesday,1295,Cloudy,18,1
AI,BOM,DEL,15,4,Monday,801,Clear,5,0
QP,MAA,CCU,21,2,Monday,419,Clear,0,0
SG,CCU,HYD,16,11,Friday,943,Rain,41,1
6E,BLR,MAA,20,12,Monday,757,Clear,12,0
UK,MAA,BLR,0,12,Monday,1352,Clear,0,0
SG,MAA,HYD,5,1,Friday,1198,Rain,15,1
QP,BLR,CCU,12,11,Thursday,1937,Clear,0,0
UK,MAA,BLR,7,3,Sunday,1253,Cloudy,1,0
6E,DEL,BLR,4,12,Wednesday,1620,Cloudy,0,0
SG,CCU,BOM,16,5,Wednesday,1273,Storm,64,1
SG,BLR,DEL,23,4,Monday,752,Rain,21,1
SG,DEL,BOM,12,8,Monday,1041,Clear,28,1
AI,CCU,DEL,14,10,Saturday,1561,Cloudy,14,0
SG,MAA,BOM,14,5,Tuesday,1943,Cloudy,9,0
AI,MAA,HYD,10,10,Monday,854,Clear,5,0
QP,DEL,MAA,16,1,Saturday,1406,Rain,37,1
QP,MAA,CCU,19,11,Sunday,531,Clear,0,0
UK,MAA,DEL,2,7,Wednesday,560,Cloudy,0,0
SG,CCU,HYD,6,7,Wednesday,863,Clear,0,0
AI,BLR,DEL,4,11,Friday,1263,Clear,0,0
QP,CCU,HYD,19,1,Monday,668,Clear,11,0
6E,MAA,HYD,15,11,Tuesday,778,Clear,0,0
6E,BOM,CCU,16,3,Sunday,1355,Storm,56,1
SG,BOM,HYD,15,12,Saturday,469,Cloudy,23,1
QP,CCU,BLR,12,9,Tuesday,622,Clear,0,0
UK,HYD,MAA,19,5,Friday,1415,Clear,0,0
UK,DEL,HYD,3,1,Sunday,1013,Fog,35,1
UK,DEL,BLR,16,2,Tuesday,1048,Cloudy,15,1
6E,MAA,BLR,20,2,Tuesday,1279,Clear,4,0
UK,BOM,HYD,4,1,Sunday,1586,Clear,1,0
QP,BOM,CCU,17,8,Sunday,1636,Clear,26,1
6E,HYD,BOM,1,11,Thursday,1383,Clear,0,0
SG,CCU,MAA,3,10,Thursday,1307,Clear,0,0
SG,BLR,MAA,9,9,Tuesday,1169,Cloudy,35,1
QP,HYD,MAA,23,12,Monday,841,Clear,0,0
SG,MAA,CCU,8,8,Thursday,729,Clear,24,1
QP,HYD,BLR,10,2,Tuesday,1336,Fog,26,1
SG,MAA,HYD,18,6,Wednesday,1733,Clear,30,1
QP,BOM,DEL,19,10,Sunday,1371,Clear,11,0
SG,HYD,BLR,16,6,Sunday,775,Clear,10,0
QP,DEL,MAA,0,4,Thursday,1280,Clear,4,0
QP,MAA,DEL,20,6,Wednesday,941,Cloudy,27,1
QP,MAA,HYD,6,10,Sunday,1752,Cloudy,13,0
UK,MAA,BOM,12,5,Sunday,1061,Clear,0,0
SG,DEL,MAA,17,5,Friday,976,Clear,18,1
QP,CCU,BOM,6,6,Saturday,1843,Clear,9,0
6E,BLR,MAA,16,6,Thursday,744,Rain,37,1
AI,DEL,CCU,12,3,Friday,705,Clear,6,0
QP,HYD,MAA,3,4,Thursday,877,Cloudy,0,0
SG,HYD,BOM,5,2,Tuesday,1325,Fog,19,1
UK,BLR,BOM,18,10,Monday,1470,Clear,4,0
SG,MAA,DEL,1,3,Monday,1185,Cloudy,8,0
AI,HYD,CCU,9,12,Saturday,1708,Cloudy,0,0
UK,BOM,HYD,11,12,Sunday,301,Clear,10,0
6E,HYD,DEL,9,9,Thursday,700,Storm,34,1
6E,BOM,HYD,9,12,Thursday,1020,Rain,19,1
QP,DEL,HYD,23,11,Sunday,757,Clear,6,0
UK,BOM,HYD,0,10,Sunday,422,Cloudy,5,0
AI,CCU,HYD,23,5,Saturday,771,Clear,0,0
6E,HYD,DEL,17,11,Thursday,665,Clear,0,0
6E,BOM,BLR,22,5,Thursday,1695,Rain,19,1
QP,BLR,MAA,15,2,Friday,603,Cloudy,5,0
6E,CCU,HYD,22,7,Saturday,747,Clear,12,0
6E,HYD,BOM,1,2,Sunday,739,Rain,7,0
6E,MAA,HYD,17,2,Friday,1596,Clear,9,0
AI,HYD,CCU,17,2,Saturday,1368,Clear,8,0
SG,CCU,HYD,22,11,Monday,1552,Clear,7,0
UK,HYD,BOM,1,1,Wednesday,730,Fog,12,0
UK,BLR,HYD,12,5,Tuesday,1682,Clear,0,0
6E,BOM,DEL,12,9,Saturday,803,,8,0
SG,DEL,BLR,2,10,Tuesday,1406,Clear,17,1
AI,MAA,HYD,14,1,Wednesday,1279,Cloudy,5,0
QP,CCU,DEL,11,11,Friday,1051,Clear,1,0
UK,HYD,BOM,11,12,Thursday,748,Fog,11,0
6E,BLR,CCU,16,12,Wednesday,446,Clear,0,0
UK,DEL,HYD,17,8,Tuesday,843,Clear,16,1
QP,HYD,BLR,15,7,Sunday,813,Storm,49,1
AI,BOM,DEL,9,3,Sunday,1043,Clear,17,1
UK,HYD,DEL,23,2,Monday,1346,Fog,12,0
UK,BOM,BLR,5,10,Sunday,1557,Rain,11,0
QP,CCU,HYD,8,11,Saturday,1635,Rain,20,1
UK,CCU,BOM,11,10,Sunday,1163,Clear,0,0
SG,BOM,MAA,7,8,Thursday,980,Clear,21,1
SG,BOM,BLR,8,7,Wednesday,1049,Clear,7,0
QP,CCU,DEL,22,3,Friday,920,Clear,13,0
6E,DEL,HYD,3,2,Saturday,1522,Rain,4,0
SG,HYD,CCU,12,3,Sunday,1471,Clear,17,1
6E,DEL,BLR,11,5,Tuesday,1726,Clear,0,0
QP,BLR,DEL,2,4,Sunday,868,Clear,10,0
QP,DEL,BOM,4,7,Wednesday,997,Clear,4,0
6E,DEL,MAA,6,10,Friday,1652,Clear,13,0
UK,BLR,MAA,11,9,Saturday,1459,Rain,1,0
QP,DEL,BOM,9,10,Friday,617,Clear,14,0
AI,MAA,CCU,14,4,Monday,1367,Clear,5,0
SG,HYD,BLR,9,12,Sunday,553,Rain,32,1
QP,BLR,BOM,18,11,Monday,354,Cloudy,19,1
QP,BLR,MAA,8,5,Thursday,602,Rain,31,1
AI,CCU,DEL,20,4,Friday,493,Rain,40,1
SG,CCU,HYD,23,11,Tuesday,1047,Clear,0,0
SG,DEL,HYD,16,12,Saturday,429,Clear,9,0
AI,MAA,BOM,2,6,Friday,1159,Rain,37,1
SG,BLR,BOM,21,2,Wednesday,719,Cloudy,16,1
SG,MAA,BOM,19,8,Tuesday,690,Fog,53,1
QP,MAA,BLR,13,10,Friday,452,Clear,2,0
AI,MAA,HYD,8,6,Monday,786,Storm,54,1
QP,MAA,BLR,17,2,Sunday,713,Storm,50,1
UK,BOM,HYD,14,9,Monday,1150,Clear,8,0
6E,CCU,BOM,18,10,Monday,990,Clear,4,0
6E,MAA,BLR,15,11,Tuesday,1695,Clear,0,0
SG,BOM,MAA,19,11,Saturday,1686,Clear,24,1
QP,BOM,BLR,23,6,Saturday,1102,Clear,17,1
6E,HYD,DEL,18,4,Friday,1037,Clear,0,0
QP,BLR,BOM,7,2,Saturday,457,Rain,23,1
SG,MAA,DEL,21,2,Wednesday,1151,Clear,0,0
AI,BLR,CCU,19,10,Sunday,1393,Rain,42,1
UK,BOM,DEL,11,12,Monday,781,Clear,0,0
QP,BLR,MAA,1,8,Friday,784,Rain,23,1
AI,MAA,DEL,22,12,Wednesday,1450,Clear,6,0
AI,MAA,DEL,12,4,Wednesday,1489,Clear,6,0
AI,BOM,HYD,9,10,Saturday,912,Rain,29,1
UK,MAA,DEL,14,5,Saturday,1494,Clear,0,0
AI,DEL,HYD,1,5,Thursday,887,Clear,3,0
QP,CCU,MAA,19,8,Sunday,1056,Clear,24,1
AI,MAA,DEL,4,2,Tuesday,1961,Cloudy,0,0
AI,DEL,HYD,6,5,Monday,1459,Cloudy,8,0
6E,MAA,DEL,13,6,Tuesday,1031,Clear,1,0
SG,BLR,DEL,15,6,Monday,1298,Fog,21,1
QP,CCU,MAA,0,9,Saturday,1159,Clear,6,0
6E,BOM,BLR,13,4,Thursday,610,Rain,21,1
UK,CCU,DEL,3,2,Thursday,574,Cloudy,0,0
SG,CCU,MAA,22,8,Thursday,1608,Clear,22,1
SG,BOM,CCU,8,1,Monday,1635,Cloudy,16,1
AI,BLR,HYD,11,12,Friday,1659,Clear,2,0
QP,HYD,BLR,14,11,Sunday,922,Cloudy,0,0
QP,BOM,CCU,3,5,Monday,988,Cloudy,4,0
SG,CCU,BLR,3,9,Tuesday,1570,Clear,10,0
UK,BOM,HYD,23,7,Saturday,955,Cloudy,2,0
6E,BOM,BLR,13,9,Saturday,1420,Clear,13,0
QP,HYD,MAA,5,3,Tuesday,1193,Cloudy,10,0
QP,BLR,HYD,15,12,Monday,1684,Clear,5,0
UK,DEL,BLR,21,11,Saturday,1618,Fog,29,1
SG,CCU,BLR,18,7,Tuesday,1814,Rain,40,1
6E,BOM,MAA,9,11,Saturday,1710,Clear,3,0
SG,DEL,BLR,15,4,Wednesday,747,Rain,44,1
AI,HYD,DEL,21,10,Sunday,1530,Cloudy,6,0
QP,CCU,BLR,6,11,Sunday,634,Cloudy,11,0
UK,DEL,MAA,18,9,Monday,1384,Clear,3,0
UK,BLR,BOM,23,12,Saturday,1703,Rain,16,1
AI,CCU,BLR,8,3,Saturday,1533,Clear,2,0
UK,CCU,DEL,21,1,Wednesday,905,Rain,10,0
AI,BOM,DEL,0,7,Sunday,1601,Clear,0,0
QP,HYD,MAA,8,4,Saturday,1519,Clear,0,0
SG,CCU,DEL,6,8,Tuesday,665,Cloudy,24,1
UK,MAA,HYD,0,5,Saturday,1076,Clear,0,0
QP,HYD,MAA,14,11,Friday,613,Clear,0,0
QP,MAA,HYD,12,2,Thursday,961,Cloudy,6,0
AI,BLR,CCU,9,12,Sunday,1842,Clear,17,1
AI,DEL,CCU,20,3,Thursday,811,Clear,11,0
6E,HYD,DEL,5,4,Tuesday,1506,Cloudy,5,0
AI,HYD,BLR,19,1,Thursday,1778,Clear,7,0
UK,CCU,DEL,15,9,Thursday,1536,Clear,0,0
UK,CCU,MAA,21,9,Tuesday,539,Clear,0,0
UK,BLR,HYD,0,12,Friday,1777,Clear,0,0
AI,CCU,BLR,23,2,Saturday,1163,Cloudy,0,0
QP,DEL,BOM,0,6,Sunday,1789,Clear,0,0
QP,CCU,BLR,17,11,Saturday,1365,Fog,43,1
UK,DEL,HYD,18,1,Thursday,1568,Clear,10,0
AI,HYD,CCU,3,8,Saturday,971,Rain,23,1
6E,MAA,HYD,0,3,Sunday,741,Clear,0,0
SG,HYD,BOM,0,5,Saturday,836,Cloudy,10,0
SG,CCU,BLR,3,10,Saturday,1143,Clear,0,0
6E,HYD,BOM,3,10,Saturday,564,Clear,0,0
QP,DEL,BLR,23,1,Thursday,511,Clear,6,0
QP,HYD,MAA,4,8,Saturday,698,Cloudy,9,0
UK,BOM,HYD,19,5,Wednesday,1439,Clear,10,0
6E,HYD,DEL,1,10,Sunday,1751,Clear,0,0
UK,BLR,HYD,15,11,Sunday,1524,Cloudy,2,0
AI,DEL,BOM,10,11,Friday,885,Cloudy,28,1
UK,HYD,CCU,12,2,Saturday,1229,Clear,0,0
AI,DEL,MAA,18,10,Saturday,392,Cloudy,19,1
AI,BOM,BLR,5,12,Friday,1219,Rain,31,1
UK,HYD,BLR,0,10,Saturday,1203,Clear,0,0
UK,CCU,MAA,5,5,Saturday,893,Cloudy,0,0
QP,BOM,DEL,19,9,Tuesday,1347,Clear,12,0
UK,BOM,BLR,14,1,Tuesday,998,Clear,5,0
QP,BOM,DEL,22,5,Thursday,1337,Cloudy,5,0
QP,HYD,DEL,20,10,Monday,1467,Cloudy,8,0
6E,BOM,CCU,3,8,Saturday,618,Clear,0,0
QP,HYD,DEL,1,4,Friday,1719,Cloudy,8,0
UK,MAA,CCU,0,7,Monday,1032,Clear,0,0
UK,DEL,MAA,4,1,Wednesday,1278,Rain,4,0
AI,CCU,HYD,11,12,Thursday,1435,Clear,5,0
6E,HYD,MAA,0,7,Saturday,1876,Cloudy,7,0
UK,HYD,BOM,20,7,Monday,1909,Storm,51,1
6E,HYD,DEL,11,5,Thursday,728,Clear,0,0
UK,CCU,BLR,17,3,Tuesday,1281,Clear,1,0
AI,HYD,MAA,20,4,Wednesday,1728,Clear,13,0
6E,CCU,BOM,0,6,Thursday,582,Clear,2,0
SG,BOM,MAA,10,6,Tuesday,1203,Fog,50,1
SG,BOM,MAA,16,5,Wednesday,1727,Rain,53,1
QP,HYD,DEL,23,7,Wednesday,1230,Rain,24,1
QP,DEL,HYD,19,6,Saturday,973,Storm,67,1
QP,DEL,BLR,5,4,Wednesday,971,Clear,0,0
AI,BOM,MAA,6,7,Friday,1349,Rain,28,1
SG,BOM,MAA,19,3,Wednesday,722,Clear,23,1
6E,DEL,BLR,15,12,Tuesday,777,Cloudy,1,0
6E,MAA,DEL,5,9,Monday,646,Cloudy,0,0
6E,HYD,CCU,11,4,Monday,1664,Cloudy,1,0
UK,BOM,DEL,22,9,Wednesday,1536,Clear,8,0
AI,BOM,BLR,4,12,Tuesday,817,Rain,16,1
UK,CCU,BOM,7,10,Saturday,1312,Cloudy,0,0
AI,CCU,BLR,21,10,Thursday,1423,Fog,41,1
UK,DEL,MAA,16,3,Monday,778,Clear,16,1
SG,HYD,BLR,5,3,Saturday,1139,Clear,6,0
AI,BOM,MAA,6,7,Wednesday,1033,Rain,25,1
AI,BLR,HYD,20,4,Friday,1120,Rain,36,1
QP,HYD,BOM,6,2,Monday,1271,Clear,0,0
SG,CCU,BOM,16,11,Monday,649,Clear,23,1
6E,HYD,BLR,11,5,Monday,892,Clear,0,0
QP,CCU,BLR,5,10,Thursday,1534,Rain,40,1
6E,MAA,HYD,8,9,Sunday,860,Clear,12,0
QP,MAA,CCU,17,2,Sunday,1021,Clear,12,0
AI,MAA,CCU,19,3,Saturday,1483,Clear,9,0
SG,MAA,BLR,0,8,Sunday,1000,Clear,12,0
AI,BOM,BLR,21,8,Saturday,1098,Clear,13,0
AI,CCU,BOM,5,4,Saturday,754,Storm,35,1
UK,CCU,BOM,15,2,Wednesday,1175,Storm,25,1
AI,HYD,BOM,6,8,Tuesday,826,Clear,0,0
UK,MAA,BLR,6,3,Friday,873,Fog,17,1
6E,CCU,DEL,21,3,Monday,926,Rain,18,1
AI,DEL,HYD,16,5,Tuesday,1248,Rain,36,1
QP,DEL,CCU,21,5,Thursday,525,Clear,0,0
QP,CCU,BLR,0,5,Friday,637,Cloudy,0,0
QP,HYD,DEL,6,5,Wednesday,1155,Storm,45,1
AI,MAA,BLR,1,7,Saturday,1381,Rain,16,1
6E,HYD,BLR,11,7,Friday,617,Clear,2,0
6E,HYD,BOM,11,1,Tuesday,496,Clear,0,0
6E,DEL,BOM,23,3,Monday,1535,Clear,2,0
UK,BOM,HYD,5,7,Tuesday,1841,Cloudy,20,1
UK,DEL,MAA,15,9,Sunday,1363,Clear,11,0
UK,BLR,BOM,23,1,Tuesday,809,Clear,0,0
6E,DEL,CCU,1,10,Saturday,1169,Cloudy,7,0
QP,MAA,BOM,10,2,Friday,1619,Rain,24,1
QP,BOM,MAA,9,8,Sunday,763,Cloudy,13,0
6E,MAA,DEL,0,3,Sunday,549,Cloudy,8,0
6E,DEL,BOM,10,11,Sunday,1545,Clear,26,1
UK,DEL,BLR,6,9,Wednesday,1470,Cloudy,18,1
6E,BLR,CCU,7,10,Thursday,1865,Rain,7,0
QP,MAA,DEL,5,10,Thursday,1267,Clear,10,0
UK,MAA,BOM,12,1,Friday,1400,Rain,9,0
AI,HYD,CCU,9,11,Tuesday,1078,Clear,0,0
AI,HYD,CCU,17,2,Saturday,1329,Cloudy,11,0
AI,MAA,BLR,8,7,Friday,1308,Rain,37,1
6E,MAA,DEL,16,8,Tuesday,690,Rain,17,1
6E,MAA,BOM,12,11,Monday,1665,Clear,0,0
QP,DEL,CCU,8,9,Monday,969,Clear,22,1
QP,BLR,CCU,19,9,Wednesday,1016,Fog,64,1
AI,CCU,MAA,17,12,Wednesday,597,Clear,0,0
QP,BLR,CCU,12,1,Tuesday,680,Clear,3,0
UK,DEL,MAA,12,1,Thursday,418,Clear,0,0
6E,HYD,MAA,18,3,Monday,1689,Cloudy,7,0
UK,BOM,MAA,18,3,Friday,1111,Cloudy,7,0
UK,HYD,DEL,17,6,Thursday,566,Clear,12,0
AI,HYD,BLR,2,10,Tuesday,809,Cloudy,7,0
QP,MAA,HYD,5,5,Thursday,1441,Cloudy,2,0
AI,CCU,BOM,9,11,Thursday,1395,Cloudy,20,1
AI,MAA,HYD,13,8,Saturday,1459,Clear,9,0
6E,CCU,BLR,9,6,Friday,1769,Rain,26,1
AI,DEL,BLR,19,10,Tuesday,1932,Rain,43,1
AI,MAA,BOM,8,6,Saturday,1106,Clear,5,0
6E,BLR,CCU,13,1,Wednesday,1396,Rain,10,0
6E,MAA,HYD,16,11,Tuesday,540,Cloudy,14,0
AI,DEL,HYD,9,2,Saturday,581,Clear,19,1
QP,HYD,BLR,13,6,Saturday,622,Rain,20,1
QP,DEL,BLR,17,2,Monday,977,Clear,26,1
SG,HYD,CCU,9,10,Sunday,1077,Clear,6,0
UK,BOM,MAA,23,8,Friday,1915,,15,1
QP,DEL,CCU,12,12,Wednesday,1034,Clear,0,0
6E,DEL,BLR,18,11,Saturday,1148,Fog,28,1
UK,BOM,DEL,16,4,Thursday,1127,Cloudy,16,1
AI,CCU,MAA,19,4,Sunday,664,Clear,32,1
SG,CCU,BOM,16,4,Monday,1848,Clear,27,1
AI,DEL,HYD,12,2,Thursday,726,Clear,10,0
SG,CCU,BLR,18,12,Friday,1738,Rain,56,1
SG,HYD,BLR,11,1,Monday,1730,Clear,5,0
6E,BOM,DEL,20,6,Sunday,1280,Cloudy,37,1
SG,CCU,MAA,12,4,Wednesday,1561,Rain,27,1
6E,BOM,MAA,17,1,Monday,686,Fog,32,1
6E,BOM,BLR,4,10,Wednesday,1366,Rain,10,0
UK,BOM,MAA,4,7,Saturday,718,Clear,0,0
6E,DEL,CCU,13,11,Sunday,1924,Clear,0,0
SG,BLR,MAA,20,8,Tuesday,777,Clear,19,1
6E,DEL,CCU,17,6,Wednesday,806,Clear,15,1
UK,BOM,BLR,7,3,Saturday,1556,Storm,43,1
QP,BLR,MAA,20,8,Monday,1176,Rain,37,1
6E,HYD,CCU,15,9,Thursday,1599,Clear,7,0
UK,CCU,HYD,13,1,Thursday,1131,Clear,0,0
QP,DEL,HYD,23,3,Wednesday,1525,Clear,0,0
6E,HYD,BLR,18,5,Wednesday,782,Clear,16,1
AI,DEL,CCU,7,2,Sunday,1645,Clear,18,1
6E,CCU,MAA,1,2,Wednesday,547,Rain,17,1
QP,BOM,MAA,6,3,Friday,863,Clear,0,0
SG,CCU,DEL,4,5,Saturday,1348,Cloudy,28,1
QP,MAA,BLR,4,7,Monday,1391,Clear,2,0
6E,BOM,HYD,12,10,Saturday,580,Clear,3,0
QP,BOM,DEL,23,11,Saturday,751,Clear,11,0
6E,BOM,MAA,15,5,Tuesday,881,Clear,0,0
SG,BLR,MAA,10,7,Tuesday,1358,Clear,7,0
QP,BLR,MAA,5,1,Thursday,929,Cloudy,1,0
6E,HYD,BOM,18,11,Sunday,477,Cloudy,9,0
QP,BLR,BOM,13,3,Sunday,976,Cloudy,7,0
SG,MAA,BLR,1,1,Tuesday,1302,Rain,25,1
SG,BLR,BOM,11,8,Friday,1142,Storm,53,1
SG,BOM,BLR,4,5,Thursday,1754,Rain,26,1
AI,BOM,MAA,11,5,Friday,1281,Clear,8,0
SG,MAA,BOM,1,6,Thursday,776,Clear,0,0
6E,DEL,BOM,5,8,Friday,1420,Rain,29,1
6E,BOM,DEL,19,10,Thursday,1636,Fog,42,1
AI,BOM,MAA,4,7,Monday,1847,Fog,41,1
AI,HYD,BOM,2,8,Thursday,524,Cloudy,3,0
QP,DEL,BOM,5,10,Tuesday,851,Rain,19,1
6E,BLR,MAA,22,10,Thursday,1482,Clear,0,0
6E,MAA,DEL,22,3,Thursday,511,Clear,0,0
UK,CCU,HYD,15,5,Friday,1211,Clear,0,0
SG,BLR,DEL,18,6,Saturday,1221,Clear,20,1
UK,CCU,BOM,21,12,Tuesday,407,Rain,15,1
UK,HYD,MAA,7,8,Friday,649,Clear,0,0
QP,MAA,HYD,9,10,Saturday,1329,Cloudy,0,0
UK,BOM,HYD,0,10,Wednesday,1122,Rain,21,1
SG,CCU,BLR,12,11,Monday,705,Rain,27,1
QP,BOM,CCU,22,7,Sunday,363,Fog,32,1
SG,DEL,MAA,0,4,Saturday,949,Cloudy,7,0
AI,DEL,CCU,17,5,Friday,1805,Cloudy,36,1
6E,HYD,DEL,11,1,Saturday,665,Rain,14,0
SG,HYD,BOM,23,9,Wednesday,990,Clear,11,0
UK,BOM,HYD,14,8,Saturday,607,Cloudy,0,0
6E,CCU,BLR,9,2,Sunday,973,Fog,38,1
6E,BOM,CCU,2,6,Wednesday,676,Clear,0,0
AI,HYD,DEL,13,9,Thursday,832,Clear,0,0
6E,HYD,CCU,23,10,Saturday,1352,Clear,0,0
SG,HYD,MAA,0,10,Tuesday,1163,Clear,3,0
AI,MAA,DEL,0,2,Friday,634,Cloudy,7,0
QP,CCU,BOM,21,5,Monday,577,Rain,20,1
6E,MAA,CCU,6,8,Sunday,1206,Clear,0,0
QP,CCU,MAA,14,2,Monday,1619,Clear,0,0
6E,CCU,DEL,14,3,Monday,811,Cloudy,5,0
QP,BLR,DEL,11,12,Wednesday,803,Fog,26,1
UK,HYD,CCU,11,7,Saturday,693,Clear,0,0
QP,BOM,DEL,16,7,Tuesday,1289,Clear,17,1
AI,CCU,HYD,5,2,Friday,405,Clear,4,0
SG,CCU,HYD,4,8,Wednesday,887,Clear,7,0
6E,CCU,DEL,23,11,Sunday,1262,Clear,4,0
6E,MAA,DEL,0,12,Thursday,1379,Clear,0,0
AI,CCU,MAA,4,3,Thursday,1548,Clear,1,0
QP,MAA,CCU,17,3,Monday,1456,Clear,6,0
SG,BOM,HYD,13,7,Tuesday,444,Clear,14,0
QP,BOM,CCU,7,11,Monday,1279,Fog,8,0
UK,HYD,DEL,2,1,Sunday,713,Fog,18,1
AI,BLR,CCU,8,3,Thursday,1375,Rain,15,1
6E,MAA,HYD,1,2,Wednesday,1748,Clear,0,0
UK,MAA,CCU,13,10,Tuesday,397,Clear,0,0
AI,CCU,MAA,11,6,Friday,1544,Clear,0,0
QP,MAA,BLR,22,9,Friday,1718,Clear,11,0
QP,DEL,BLR,19,1,Wednesday,1680,Rain,36,1
UK,BLR,HYD,11,2,Tuesday,488,Cloudy,0,0
UK,BOM,MAA,12,7,Sunday,1370,Clear,12,0
SG,HYD,DEL,16,6,Monday,847,Clear,20,1
SG,BLR,DEL,7,3,Thursday,432,Cloudy,9,0
AI,CCU,BLR,14,4,Sunday,575,Rain,17,1
UK,BOM,BLR,0,9,Wednesday,755,Cloudy,0,0
SG,BLR,DEL,22,1,Monday,1065,Clear,17,1
QP,MAA,BLR,22,11,Saturday,792,Cloudy,8,0
UK,BLR,HYD,21,2,Sunday,513,Clear,0,0
QP,DEL,BOM,5,10,Monday,960,Rain,15,1
UK,BOM,BLR,18,8,Wednesday,1264,Clear,16,1
6E,BLR,HYD,13,1,Monday,937,Cloudy,0,0
UK,HYD,CCU,23,10,Sunday,1298,Clear,7,0
SG,MAA,CCU,0,6,Saturday,810,Clear,17,1
QP,HYD,CCU,9,4,Saturday,892,Rain,14,0
6E,BLR,MAA,2,2,Wednesday,754,Storm,30,1
6E,HYD,BLR,22,2,Saturday,788,Storm,31,1
SG,DEL,HYD,4,5,Tuesday,1837,Rain,40,1
SG,BOM,DEL,0,4,Tuesday,1430,Cloudy,22,1
6E,HYD,DEL,2,11,Friday,695,Clear,0,0
SG,CCU,MAA,23,7,Sunday,784,Fog,46,1
AI,HYD,CCU,12,1,Tuesday,611,Clear,4,0
6E,DEL,CCU,2,11,Thursday,1622,Cloudy,4,0
QP,CCU,MAA,9,4,Sunday,380,Cloudy,18,1
UK,BOM,HYD,10,8,Wednesday,548,Rain,41,1
QP,MAA,DEL,19,10,Saturday,1494,Cloudy,25,1
6E,CCU,HYD,5,9,Friday,1095,Clear,9,0
6E,CCU,BLR,2,5,Sunday,597,Fog,30,1
QP,DEL,BLR,17,1,Wednesday,1345,Clear,14,0
QP,BOM,HYD,10,3,Saturday,1145,Clear,10,0
QP,HYD,DEL,2,7,Saturday,570,Clear,0,0
6E,MAA,DEL,10,12,Sunday,1001,Clear,9,0
QP,CCU,BOM,10,1,Sunday,1601,Rain,23,1
UK,HYD,BOM,5,2,Wednesday,1789,Clear,0,0
QP,DEL,BLR,4,5,Saturday,1382,Rain,20,1
QP,MAA,HYD,2,10,Friday,763,Clear,7,0
UK,MAA,CCU,20,12,Monday,1427,Clear,6,0
6E,BLR,MAA,0,3,Sunday,786,Rain,21,1
QP,HYD,BLR,12,7,Saturday,675,Clear,2,0
UK,BOM,CCU,0,12,Friday,1509,Clear,0,0
UK,MAA,HYD,19,12,Monday,672,Clear,4,0
SG,DEL,BLR,9,10,Sunday,990,Clear,8,0
QP,CCU,BOM,23,10,Sunday,1240,Cloudy,4,0
AI,CCU,BLR,1,4,Sunday,1024,Clear,28,1
QP,MAA,DEL,7,4,Wednesday,904,Cloudy,4,0
UK,MAA,DEL,9,12,Monday,1179,Rain,16,1
AI,CCU,HYD,1,8,Saturday,697,Cloudy,12,0
6E,DEL,BOM,10,2,Thursday,1455,Cloudy,21,1
UK,HYD,BOM,11,1,Tuesday,1474,Clear,0,0
SG,HYD,DEL,10,11,Tuesday,748,Storm,43,1
UK,CCU,HYD,12,2,Friday,1664,Clear,4,0
AI,MAA,CCU,4,9,Sunday,1768,Rain,31,1
UK,HYD,BLR,5,4,Friday,1577,Clear,0,0
6E,HYD,DEL,11,3,Sunday,644,Rain,10,0
6E,DEL,BLR,15,2,Thursday,1500,Cloudy,10,0
SG,BOM,MAA,9,7,Thursday,854,Clear,14,0
QP,BLR,DEL,10,10,Wednesday,1528,Rain,12,0
AI,CCU,BOM,23,1,Monday,849,Clear,8,0
SG,CCU,MAA,15,9,Tuesday,1834,Rain,27,1
UK,HYD,BOM,1,7,Wednesday,1472,Cloudy,0,0
6E,DEL,CCU,8,10,Friday,1402,Clear,1,0
SG,MAA,CCU,1,7,Tuesday,1306,Cloudy,14,0
6E,BLR,HYD,21,2,Thursday,327,Cloudy,0,0
SG,HYD,CCU,19,5,Thursday,745,Clear,25,1
UK,BLR,DEL,11,12,Thursday,1643,Rain,20,1
AI,MAA,BOM,6,10,Sunday,1655,Clear,2,0
SG,BOM,HYD,17,5,Tuesday,1074,Clear,12,0
QP,DEL,CCU,4,12,Wednesday,1733,Clear,9,0
UK,BOM,HYD,18,1,Wednesday,960,Rain,30,1
SG,CCU,BOM,20,7,Saturday,1172,Clear,19,1
AI,DEL,BOM,4,10,Friday,1085,Rain,31,1
6E,BOM,MAA,12,9,Saturday,448,Rain,26,1
6E,BLR,CCU,3,3,Thursday,809,Cloudy,0,0
SG,CCU,DEL,14,2,Saturday,1220,Clear,0,0
6E,BLR,HYD,16,9,Monday,402,Clear,21,1
SG,CCU,HYD,0,12,Tuesday,1150,Clear,9,0
6E,CCU,BOM,22,10,Friday,1265,Cloudy,5,0
SG,HYD,MAA,6,11,Tuesday,773,Clear,2,0
6E,BLR,MAA,11,11,Wednesday,1109,Clear,0,0
UK,HYD,CCU,6,12,Tuesday,507,Clear,0,0
AI,MAA,BLR,21,10,Monday,1363,Clear,0,0
SG,DEL,CCU,18,10,Wednesday,1068,Clear,33,1
AI,MAA,BLR,23,10,Sunday,983,Clear,0,0
QP,BLR,BOM,9,4,Monday,1669,Storm,60,1
QP,CCU,BOM,13,7,Sunday,1697,Fog,64,1
UK,HYD,CCU,13,3,Thursday,835,Clear,0,0
QP,CCU,HYD,5,7,Saturday,1161,Cloudy,0,0
QP,DEL,BOM,22,7,Saturday,915,Clear,7,0
AI,DEL,MAA,20,1,Monday,1705,Cloudy,25,1
SG,DEL,BOM,23,1,Tuesday,1554,Clear,7,0
6E,CCU,BOM,10,12,Sunday,1515,Clear,15,1
QP,CCU,DEL,3,7,Friday,1286,Clear,6,0
QP,CCU,MAA,3,1,Wednesday,1813,Cloudy,9,0
QP,BOM,MAA,13,5,Thursday,1336,Clear,3,0
UK,BOM,MAA,19,11,Thursday,1213,Cloudy,16,1
AI,BLR,DEL,16,9,Monday,869,Clear,11,0
AI,MAA,DEL,17,10,Sunday,1454,Clear,21,1
AI,BOM,MAA,18,8,Tuesday,1768,Rain,38,1
QP,HYD,DEL,20,9,Sunday,1157,Clear,20,1
UK,HYD,DEL,22,3,Tuesday,1370,Clear,0,0
6E,BLR,BOM,8,11,Friday,864,Clear,0,0
UK,BLR,HYD,17,9,Thursday,568,Clear,0,0
AI,HYD,DEL,6,3,Sunday,941,Clear,0,0
UK,MAA,DEL,16,4,Friday,409,Cloudy,18,1
UK,BOM,BLR,1,10,Friday,2054,Cloudy,9,0
SG,HYD,MAA,1,3,Wednesday,1326,Clear,7,0
AI,DEL,HYD,4,9,Sunday,1632,Clear,24,1
QP,DEL,BOM,13,6,Monday,801,Clear,13,0
AI,HYD,BOM,21,4,Thursday,1301,Rain,18,1
UK,BLR,BOM,14,2,Tuesday,647,Clear,0,0
6E,BOM,CCU,13,9,Thursday,1732,Clear,10,0
SG,DEL,HYD,16,4,Monday,1485,Cloudy,45,1
SG,CCU,DEL,21,7,Friday,882,Clear,9,0
AI,MAA,CCU,14,4,Saturday,1642,Clear,0,0
UK,CCU,BOM,17,2,Friday,1202,Clear,21,1
UK,DEL,CCU,9,1,Friday,1172,Fog,37,1
UK,DEL,MAA,23,12,Monday,1088,Rain,19,1
AI,BOM,BLR,11,4,Friday,1030,Rain,26,1
AI,DEL,BOM,21,7,Wednesday,1069,Clear,13,0
UK,BLR,CCU,23,6,Friday,614,Clear,1,0
6E,HYD,CCU,21,5,Friday,653,Fog,25,1
UK,BOM,HYD,7,10,Wednesday,1474,Fog,14,0
AI,BLR,DEL,8,11,Monday,1361,Clear,23,1
SG,HYD,CCU,18,3,Monday,460,Clear,11,0
AI,BOM,BLR,22,1,Thursday,825,Clear,0,0
SG,BLR,DEL,14,4,Friday,1342,Clear,1,0
QP,HYD,MAA,18,2,Monday,658,Clear,0,0
6E,CCU,DEL,10,1,Saturday,1833,Clear,0,0
AI,BOM,BLR,20,10,Tuesday,910,Clear,13,0
AI,DEL,BOM,9,1,Saturday,1034,Cloudy,24,1
6E,CCU,BLR,14,1,Friday,1279,Clear,0,0
AI,HYD,MAA,12,5,Saturday,1527,Clear,0,0
QP,BLR,DEL,20,7,Tuesday,1128,Rain,23,1
QP,MAA,DEL,19,6,Friday,545,Clear,20,1
QP,CCU,HYD,20,9,Friday,1167,Fog,56,1
QP,DEL,BOM,2,9,Saturday,928,Clear,0,0
UK,CCU,DEL,5,1,Thursday,856,Cloudy,1,0
6E,HYD,CCU,21,10,Saturday,1088,Clear,0,0
UK,HYD,BOM,3,1,Thursday,745,Fog,22,1
6E,CCU,BOM,18,11,Sunday,1438,Clear,27,1
QP,BOM,DEL,15,4,Friday,1554,Clear,0,0
UK,MAA,HYD,8,11,Monday,913,Clear,0,0
6E,HYD,CCU,0,12,Saturday,1041,Rain,19,1
SG,CCU,MAA,0,2,Tuesday,1390,Clear,12,0
6E,BLR,DEL,21,5,Monday,1649,Clear,0,0
6E,MAA,BOM,2,2,Friday,1481,Cloudy,9,0
6E,BLR,DEL,17,12,Thursday,1823,Clear,11,0
AI,BLR,CCU,3,6,Wednesday,627,Clear,12,0
AI,BLR,BOM,9,11,Wednesday,762,Clear,12,0
UK,CCU,DEL,2,8,Wednesday,1645,Clear,0,0
QP,CCU,BLR,15,11,Sunday,753,Clear,8,0
6E,BOM,DEL,2,8,Saturday,1501,Clear,4,0
SG,CCU,DEL,15,1,Saturday,541,Rain,31,1
6E,HYD,BLR,23,6,Thursday,1798,Cloudy,0,0
6E,DEL,CCU,17,8,Saturday,820,Cloudy,28,1
AI,MAA,BOM,15,12,Thursday,1483,Clear,1,0
UK,DEL,CCU,21,10,Sunday,1489,Clear,6,0
SG,CCU,HYD,19,7,Monday,1409,Cloudy,31,1
6E,BLR,DEL,17,10,Saturday,629,Fog,27,1
UK,CCU,MAA,13,12,Thursday,552,Clear,0,0
UK,BLR,BOM,9,11,Wednesday,1860,Cloudy,0,0
6E,DEL,BOM,14,12,Friday,1232,Cloudy,6,0
SG,MAA,BOM,2,5,Sunday,1284,Cloudy,0,0
UK,MAA,DEL,21,6,Tuesday,1058,Clear,0,0
AI,BOM,HYD,21,1,Thursday,1820,Rain,34,1
UK,BOM,DEL,6,2,Tuesday,1391,Clear,0,0
6E,CCU,BOM,18,10,Saturday,1190,Clear,0,0
SG,MAA,DEL,16,4,Thursday,1324,Clear,15,1
6E,BOM,DEL,20,6,Wednesday,626,Rain,57,1
QP,MAA,CCU,21,5,Sunday,1190,Cloudy,1,0
SG,BOM,DEL,17,12,Tuesday,799,Clear,22,1
AI,BOM,HYD,22,11,Monday,1061,Clear,12,0
UK,HYD,BOM,7,9,Tuesday,1223,Cloudy,0,0
QP,MAA,DEL,10,12,Wednesday,448,Rain,24,1
6E,CCU,BOM,3,7,Tuesday,1655,Clear,10,0
SG,BLR,DEL,20,3,Monday,795,Cloudy,19,1
SG,DEL,BOM,6,8,Sunday,997,Clear,7,0
SG,HYD,MAA,12,1,Wednesday,1275,Clear,9,0
AI,MAA,HYD,3,6,Sunday,617,Clear,0,0
6E,CCU,MAA,6,10,Friday,803,Clear,0,0
6E,DEL,MAA,16,3,Saturday,607,Cloudy,6,0
6E,HYD,CCU,6,7,Wednesday,558,Clear,0,0
QP,HYD,DEL,12,10,Friday,1518,Clear,0,0
AI,HYD,DEL,10,10,Wednesday,471,Clear,0,0
UK,DEL,BLR,14,8,Wednesday,761,Rain,17,1
QP,DEL,HYD,6,4,Sunday,1768,Clear,16,1
QP,HYD,MAA,11,3,Sunday,1295,Cloudy,8,0
SG,BOM,DEL,0,2,Wednesday,697,Clear,7,0
QP,HYD,DEL,12,9,Monday,1522,Clear,13,0
UK,DEL,MAA,2,4,Thursday,1773,Clear,8,0
SG,MAA,HYD,17,8,Sunday,999,Clear,17,1
UK,BOM,BLR,20,1,Sunday,499,Clear,1,0
AI,BLR,BOM,9,4,Thursday,1139,Clear,0,0
AI,BLR,MAA,21,5,Thursday,1036,Cloudy,8,0
QP,BLR,MAA,9,10,Sunday,700,Rain,38,1
AI,HYD,DEL,20,2,Tuesday,1047,Rain,23,1
6E,HYD,DEL,12,6,Tuesday,1021,Clear,0,0
SG,MAA,BLR,13,6,Tuesday,913,Clear,6,0
UK,CCU,MAA,9,4,Friday,679,Cloudy,18,1
UK,BOM,HYD,22,10,Sunday,556,Clear,3,0
QP,CCU,MAA,16,12,Wednesday,961,Rain,25,1
SG,HYD,CCU,11,1,Sunday,1661,Rain,32,1
QP,BOM,DEL,19,12,Thursday,1604,Clear,11,0
SG,CCU,BOM,11,11,Tuesday,1835,Clear,7,0
QP,MAA,DEL,21,11,Sunday,822,Clear,0,0
SG,BOM,MAA,11,2,Friday,1609,Clear,0,0
UK,BOM,MAA,19,5,Thursday,469,Clear,2,0
QP,HYD,DEL,6,8,Tuesday,645,Fog,21,1
QP,MAA,BOM,13,3,Thursday,1467,Clear,0,0
AI,DEL,HYD,14,3,Tuesday,526,Clear,0,0
QP,HYD,CCU,12,7,Wednesday,1649,Clear,1,0
SG,HYD,MAA,10,11,Sunday,741,Clear,10,0
QP,CCU,BOM,0,2,Sunday,1415,Cloudy,15,1
SG,MAA,BLR,23,1,Wednesday,1854,Clear,7,0
QP,CCU,DEL,5,12,Wednesday,1243,Clear,8,0
6E,DEL,BOM,4,6,Tuesday,1493,Rain,28,1
AI,MAA,HYD,19,1,Tuesday,1798,Cloudy,9,0
AI,BLR,CCU,1,12,Thursday,1110,Clear,6,0
6E,HYD,DEL,18,4,Sunday,1166,Clear,9,0
6E,CCU,BOM,8,2,Saturday,1072,Rain,29,1
UK,CCU,HYD,17,9,Wednesday,1238,Clear,17,1
AI,BOM,HYD,5,10,Saturday,1600,Clear,2,0
AI,BOM,HYD,16,2,Thursday,750,Clear,13,0
UK,MAA,DEL,23,9,Friday,588,Clear,12,0
SG,CCU,BLR,12,5,Tuesday,1040,Clear,0,0
AI,HYD,DEL,13,4,Saturday,985,Rain,14,0
UK,DEL,CCU,14,9,Thursday,1202,Cloudy,15,1
SG,DEL,BOM,8,1,Saturday,494,Fog,39,1
SG,MAA,BLR,13,3,Tuesday,896,Fog,24,1
AI,MAA,BOM,15,10,Sunday,1706,Clear,8,0
SG,CCU,DEL,0,12,Wednesday,1224,Clear,14,0
AI,HYD,BOM,10,11,Friday,1133,Rain,29,1
6E,BLR,CCU,12,10,Thursday,1347,Fog,10,0
6E,DEL,MAA,5,2,Friday,709,Cloudy,9,0
QP,MAA,BLR,11,4,Tuesday,810,Clear,0,0
AI,CCU,DEL,9,11,Sunday,1702,Clear,4,0
SG,DEL,BLR,13,9,Tuesday,745,Fog,54,1
QP,BLR,CCU,6,10,Wednesday,1661,Clear,1,0
QP,BLR,MAA,21,5,Thursday,629,Fog,17,1
6E,MAA,HYD,15,7,Thursday,1233,Clear,2,0
AI,MAA,BOM,15,9,Tuesday,1669,Fog,38,1
6E,BOM,BLR,19,10,Sunday,1848,Clear,10,0
SG,CCU,DEL,0,9,Friday,629,Storm,47,1
AI,DEL,CCU,6,1,Sunday,798,Clear,5,0
SG,MAA,DEL,4,3,Wednesday,833,Rain,17,1
6E,MAA,HYD,14,6,Wednesday,1515,Clear,1,0
SG,DEL,BOM,8,9,Thursday,683,Clear,17,1
SG,MAA,HYD,17,12,Friday,1439,Clear,21,1
UK,BOM,MAA,22,4,Tuesday,1047,Cloudy,2,0
SG,BOM,MAA,8,10,Saturday,1274,Clear,18,1
QP,DEL,BOM,7,8,Sunday,1559,Cloudy,24,1
6E,MAA,HYD,11,4,Thursday,1158,Clear,0,0
UK,MAA,HYD,11,3,Wednesday,1097,Cloudy,0,0
SG,HYD,DEL,8,8,Wednesday,753,Clear,19,1
QP,MAA,DEL,8,4,Monday,530,Fog,43,1
UK,BLR,HYD,8,3,Monday,1551,Clear,5,0
6E,HYD,MAA,11,3,Wednesday,1499,Fog,8,0
QP,MAA,DEL,10,3,Tuesday,762,Cloudy,19,1
QP,BLR,HYD,10,2,Wednesday,1912,Clear,9,0
UK,HYD,BLR,7,3,Wednesday,566,Rain,15,1
AI,DEL,BLR,15,12,Tuesday,1625,Clear,0,0
6E,HYD,BLR,11,3,Wednesday,1710,Cloudy,0,0
UK,CCU,HYD,5,5,Monday,489,Clear,1,0
SG,MAA,DEL,18,6,Saturday,1522,Rain,39,1
SG,BOM,MAA,21,9,Friday,777,Clear,10,0
QP,HYD,BOM,9,4,Tuesday,934,,0,0
AI,HYD,DEL,12,10,Tuesday,1428,Fog,12,0
UK,CCU,MAA,22,10,Monday,651,Clear,0,0
SG,MAA,CCU,7,7,Tuesday,800,Cloudy,20,1
QP,MAA,BOM,5,11,Friday,812,Rain,22,1
AI,MAA,BLR,8,5,Monday,485,Clear,1,0
QP,BLR,DEL,10,6,Monday,1155,Clear,19,1
AI,BLR,CCU,10,8,Thursday,1251,Clear,23,1
AI,BLR,BOM,14,3,Sunday,1490,Fog,25,1
QP,BLR,MAA,6,1,Thursday,1444,,27,1
SG,CCU,HYD,13,12,Tuesday,1248,Fog,34,1
QP,CCU,BLR,2,1,Saturday,898,Clear,0,0
SG,CCU,MAA,22,1,Saturday,1582,Clear,8,0
SG,HYD,BLR,7,2,Saturday,533,Fog,38,1
UK,BOM,HYD,7,7,Wednesday,724,Rain,6,0
UK,DEL,BOM,3,4,Monday,763,Clear,0,0
UK,BOM,CCU,9,3,Sunday,1831,Clear,5,0
6E,HYD,DEL,23,11,Sunday,513,Clear,0,0
QP,BLR,HYD,14,12,Thursday,1374,Rain,24,1
6E,HYD,CCU,16,11,Saturday,942,Clear,1,0
SG,CCU,MAA,14,4,Sunday,1583,Clear,3,0
SG,BLR,MAA,8,2,Monday,1029,Rain,36,1
UK,CCU,HYD,18,12,Thursday,1456,Clear,0,0
SG,HYD,CCU,8,7,Sunday,610,Clear,10,0
AI,MAA,CCU,19,12,Friday,1730,Cloudy,16,1
6E,DEL,BOM,23,3,Monday,830,Rain,32,1
UK,BOM,HYD,0,12,Monday,689,Cloudy,0,0
6E,CCU,BLR,4,4,Wednesday,973,Storm,27,1
QP,CCU,BOM,18,10,Thursday,943,Rain,34,1
QP,HYD,MAA,2,2,Monday,1073,Clear,0,0
SG,DEL,BOM,17,9,Tuesday,749,Clear,28,1
6E,DEL,CCU,5,6,Thursday,696,Clear,0,0
AI,BLR,DEL,14,12,Saturday,641,Cloudy,0,0
SG,CCU,BOM,15,2,Thursday,1097,Cloudy,16,1
QP,BLR,HYD,7,3,Thursday,1626,Cloudy,0,0
UK,CCU,MAA,20,8,Saturday,536,Clear,19,1
QP,HYD,CCU,21,10,Friday,1213,Clear,0,0
QP,DEL,CCU,5,11,Tuesday,978,Clear,5,0
UK,HYD,MAA,17,2,Tuesday,603,Clear,0,0
6E,BLR,BOM,16,1,Monday,1165,Clear,11,0
AI,BOM,MAA,6,5,Monday,1770,Clear,1,0
SG,MAA,BOM,19,2,Saturday,575,Rain,39,1
UK,BOM,HYD,7,5,Friday,640,Clear,0,0
AI,CCU,DEL,6,6,Friday,1829,Cloudy,21,1
AI,MAA,CCU,17,12,Thursday,1335,Clear,20,1
QP,MAA,CCU,2,1,Monday,938,Fog,23,1
6E,DEL,MAA,22,4,Wednesday,1315,Rain,15,1
6E,CCU,BOM,9,5,Tuesday,1287,Clear,0,0
SG,BLR,BOM,11,7,Sunday,1572,Clear,17,1
6E,MAA,BOM,16,4,Wednesday,826,Rain,34,1
QP,BOM,BLR,21,8,Monday,1291,Cloudy,19,1
SG,MAA,HYD,18,11,Tuesday,682,Rain,47,1
6E,BOM,BLR,9,9,Friday,1080,Clear,16,1
6E,MAA,CCU,17,8,Thursday,536,Rain,28,1
QP,BOM,DEL,9,2,Monday,650,Cloudy,22,1
UK,CCU,BLR,12,11,Wednesday,1420,Clear,0,0
QP,MAA,BOM,16,7,Friday,1057,Rain,34,1
6E,BLR,MAA,13,2,Thursday,349,Clear,0,0
AI,BLR,BOM,1,8,Thursday,536,Clear,0,0
QP,DEL,BOM,1,6,Friday,1814,Clear,17,1
6E,BOM,DEL,3,11,Saturday,1219,Clear,0,0
QP,MAA,CCU,2,8,Wednesday,985,Cloudy,16,1
SG,MAA,BOM,17,12,Saturday,651,Clear,16,1
6E,CCU,BLR,4,12,Sunday,714,Clear,12,0
SG,DEL,CCU,5,3,Monday,1447,Clear,0,0
AI,BOM,CCU,7,4,Saturday,616,Clear,6,0
6E,MAA,BLR,4,3,Tuesday,1014,,0,0
6E,BLR,HYD,20,3,Monday,1476,Cloudy,14,0
SG,BOM,MAA,2,9,Tuesday,1520,Cloudy,17,1
UK,BOM,DEL,4,12,Sunday,1047,Fog,28,1
SG,CCU,DEL,5,6,Friday,1219,Cloudy,7,0
UK,CCU,BOM,2,10,Thursday,1424,Cloudy,0,0
SG,DEL,CCU,6,9,Tuesday,1200,Clear,8,0
AI,CCU,DEL,4,4,Thursday,1474,Clear,0,0
SG,HYD,MAA,8,11,Thursday,1456,Clear,8,0
AI,CCU,BOM,3,6,Wednesday,982,Clear,0,0
AI,HYD,CCU,22,1,Thursday,853,Clear,0,0
SG,MAA,HYD,18,9,Saturday,765,Clear,21,1
AI,HYD,CCU,15,11,Friday,1812,Clear,0,0
SG,MAA,CCU,14,3,Monday,650,Clear,4,0
AI,MAA,HYD,16,4,Wednesday,622,Clear,5,0
AI,HYD,MAA,22,9,Monday,1485,Cloudy,10,0
QP,DEL,BLR,3,12,Sunday,974,Cloudy,8,0
AI,DEL,CCU,12,4,Wednesday,1475,Cloudy,18,1
QP,BLR,MAA,4,6,Sunday,572,Cloudy,3,0
6E,BLR,BOM,10,9,Tuesday,1702,Cloudy,16,1
SG,CCU,MAA,21,11,Wednesday,1419,Rain,38,1
QP,DEL,HYD,15,1,Wednesday,444,Clear,3,0
AI,CCU,DEL,15,3,Sunday,1143,Rain,22,1
6E,DEL,BOM,2,11,Monday,473,Clear,0,0
UK,BLR,DEL,19,7,Saturday,592,Cloudy,10,0
QP,BLR,HYD,17,10,Friday,553,Clear,20,1
AI,HYD,CCU,8,1,Tuesday,1497,Clear,6,0
AI,DEL,BOM,8,2,Saturday,1151,Fog,40,1
6E,MAA,DEL,13,9,Thursday,1737,Clear,9,0
6E,DEL,CCU,18,5,Thursday,1507,Clear,12,0
6E,MAA,HYD,12,12,Wednesday,554,Clear,0,0
AI,HYD,BLR,20,6,Wednesday,1735,Clear,17,1
QP,CCU,BOM,4,11,Saturday,606,Storm,38,1
SG,CCU,MAA,16,7,Sunday,988,Cloudy,34,1
AI,CCU,BLR,19,9,Sunday,662,Cloudy,35,1
UK,BLR,BOM,16,8,Wednesday,960,Clear,14,0
SG,BLR,BOM,8,2,Friday,1279,Clear,4,0
SG,HYD,DEL,11,10,Sunday,615,Cloudy,9,0
QP,HYD,BLR,11,12,Friday,987,Clear,0,0
SG,MAA,BOM,7,5,Monday,1592,Clear,2,0
SG,BLR,MAA,3,5,Saturday,1572,Clear,6,0
AI,BLR,MAA,4,8,Thursday,838,Clear,5,0
AI,DEL,CCU,15,8,Thursday,1113,Fog,31,1
SG,BOM,CCU,5,5,Monday,1322,Cloudy,12,0
QP,MAA,BOM,18,4,Thursday,549,Clear,14,0
6E,CCU,BLR,19,12,Saturday,1546,Clear,0,0
SG,HYD,BLR,9,10,Thursday,740,Cloudy,21,1
6E,BLR,MAA,8,7,Tuesday,1075,Clear,0,0
UK,DEL,CCU,23,5,Saturday,976,Rain,17,1
SG,DEL,CCU,0,5,Thursday,641,Clear,1,0
SG,MAA,DEL,6,5,Friday,1353,Clear,4,0
AI,HYD,BOM,16,8,Monday,994,Clear,21,1
QP,BOM,DEL,20,1,Tuesday,1418,Cloudy,27,1
QP,BOM,DEL,11,8,Tuesday,861,Clear,16,1
UK,DEL,BLR,17,7,Monday,1429,Rain,25,1
6E,MAA,HYD,5,2,Wednesday,1889,Clear,0,0
UK,HYD,MAA,22,4,Wednesday,531,Clear,0,0
QP,BOM,CCU,13,4,Monday,580,Fog,22,1
UK,MAA,BLR,17,12,Friday,1007,Clear,7,0
AI,CCU,HYD,4,12,Thursday,1557,Clear,7,0
AI,HYD,DEL,11,10,Wednesday,1207,Clear,0,0
QP,BOM,DEL,17,9,Tuesday,1711,Rain,34,1
SG,DEL,CCU,9,12,Wednesday,1312,Clear,12,0
SG,MAA,CCU,23,9,Tuesday,1662,Rain,29,1
AI,HYD,CCU,19,5,Sunday,1155,Cloudy,31,1
AI,BLR,BOM,3,5,Thursday,540,Rain,10,0
6E,DEL,HYD,20,8,Sunday,1037,Fog,46,1
6E,MAA,BOM,9,5,Saturday,1339,Rain,29,1
6E,CCU,MAA,14,6,Thursday,540,,0,0
UK,BLR,CCU,9,12,Wednesday,1163,Fog,29,1
6E,BOM,CCU,16,11,Saturday,1110,Clear,6,0
AI,HYD,BLR,10,8,Wednesday,1093,Rain,28,1
UK,CCU,HYD,11,4,Thursday,1030,Clear,0,0
SG,HYD,DEL,13,6,Wednesday,934,Clear,3,0
SG,DEL,MAA,5,4,Friday,855,Cloudy,11,0
6E,BOM,DEL,10,6,Monday,1563,Cloudy,23,1
6E,DEL,BLR,1,5,Tuesday,1303,Fog,20,1
UK,BLR,BOM,1,6,Friday,1758,Clear,6,0
AI,BLR,BOM,15,6,Thursday,1175,Cloudy,10,0
QP,HYD,MAA,6,8,Friday,1423,Clear,0,0
QP,MAA,BOM,16,11,Friday,1093,Cloudy,24,1
AI,DEL,HYD,18,7,Wednesday,1531,Clear,21,1
QP,CCU,MAA,15,3,Thursday,909,Clear,0,0
AI,BOM,CCU,10,3,Monday,1627,Rain,16,1
UK,HYD,BOM,13,8,Saturday,1661,Cloudy,0,0
SG,BOM,HYD,18,12,Thursday,863,Cloudy,34,1
6E,BLR,HYD,8,4,Tuesday,1187,,29,1
6E,MAA,DEL,10,2,Thursday,1714,Cloudy,13,0
AI,DEL,MAA,5,1,Monday,1334,Cloudy,10,0
SG,BLR,MAA,4,4,Wednesday,1447,Rain,25,1
AI,HYD,BOM,1,12,Sunday,733,Clear,11,0
UK,HYD,BOM,1,10,Wednesday,1670,Clear,0,0
6E,BLR,MAA,3,10,Wednesday,1422,Storm,48,1
QP,BLR,MAA,18,4,Thursday,452,Cloudy,11,0
QP,CCU,DEL,15,12,Tuesday,451,Clear,0,0
QP,BOM,BLR,2,5,Tuesday,701,Clear,0,0
SG,BLR,HYD,18,5,Thursday,1337,Clear,19,1
UK,BLR,DEL,18,12,Friday,1337,Rain,21,1
6E,MAA,CCU,21,10,Tuesday,471,Fog,31,1
AI,MAA,BOM,23,4,Tuesday,863,Rain,6,0
QP,CCU,MAA,2,8,Saturday,1377,Rain,27,1
6E,DEL,CCU,12,5,Thursday,567,Rain,14,0
UK,DEL,CCU,19,8,Wednesday,1122,,16,1
AI,BLR,DEL,5,2,Saturday,1464,Clear,0,0
6E,BLR,MAA,14,1,Sunday,1610,Cloudy,6,0
SG,DEL,BLR,2,12,Saturday,1798,Fog,40,1
UK,CCU,BLR,7,1,Tuesday,950,Clear,0,0
UK,CCU,DEL,23,5,Sunday,1110,Rain,30,1
6E,BLR,MAA,17,3,Wednesday,1280,Rain,27,1
AI,MAA,HYD,6,1,Monday,1068,Clear,0,0
QP,HYD,BOM,23,9,Thursday,1558,Clear,0,0
UK,HYD,BLR,4,4,Sunday,972,Clear,0,0
6E,CCU,HYD,9,10,Monday,728,Clear,7,0
6E,DEL,MAA,10,7,Monday,437,Clear,2,0
SG,BOM,HYD,15,8,Monday,337,Clear,19,1
UK,BLR,DEL,6,9,Saturday,755,Cloudy,0,0
6E,CCU,HYD,6,3,Tuesday,1553,Cloudy,0,0
QP,HYD,BLR,16,6,Thursday,1154,Fog,24,1
QP,BLR,MAA,4,10,Monday,1470,Cloudy,10,0
AI,DEL,BLR,3,3,Sunday,745,Rain,39,1
SG,HYD,BLR,3,2,Saturday,786,Clear,1,0
QP,BOM,MAA,7,5,Thursday,1494,Clear,0,0
UK,BOM,DEL,0,11,Sunday,924,Clear,0,0
AI,CCU,MAA,0,4,Tuesday,1480,Rain,20,1
AI,HYD,BOM,17,5,Wednesday,1077,Clear,15,1
SG,DEL,MAA,12,2,Sunday,632,Rain,30,1
QP,DEL,BLR,3,9,Thursday,616,Cloudy,3,0
AI,BLR,HYD,6,5,Wednesday,601,Clear,0,0
UK,DEL,HYD,16,3,Friday,1203,Clear,12,0
UK,BLR,BOM,19,2,Sunday,874,Cloudy,21,1
6E,BLR,CCU,20,4,Monday,510,Cloudy,16,1
SG,CCU,MAA,5,3,Sunday,702,Clear,1,0
QP,BLR,DEL,20,6,Thursday,1775,Cloudy,24,1
6E,BOM,CCU,10,6,Monday,1243,Clear,18,1
AI,HYD,CCU,7,6,Sunday,1961,Clear,8,0
6E,HYD,DEL,13,5,Thursday,1139,Fog,7,0
6E,DEL,BOM,2,2,Tuesday,1270,Clear,0,0
SG,DEL,BOM,11,10,Tuesday,1033,Clear,0,0
UK,BOM,CCU,10,7,Monday,1121,Rain,30,1
AI,MAA,CCU,14,3,Thursday,661,Clear,6,0
6E,BOM,MAA,4,1,Tuesday,1834,Clear,9,0
SG,CCU,BOM,1,12,Wednesday,509,Cloudy,9,0
UK,BLR,CCU,8,12,Thursday,1529,Rain,11,0
UK,CCU,BLR,23,3,Sunday,1757,Rain,16,1
6E,BOM,CCU,13,6,Sunday,708,Clear,8,0
6E,BLR,DEL,13,7,Monday,1674,Fog,39,1
AI,DEL,MAA,15,6,Wednesday,780,Clear,13,0
AI,CCU,MAA,12,11,Tuesday,1978,Clear,0,0
AI,HYD,DEL,5,7,Wednesday,1299,Cloudy,16,1
SG,DEL,HYD,23,4,Sunday,1013,Rain,18,1
AI,MAA,HYD,5,10,Wednesday,1782,Clear,0,0
UK,CCU,HYD,15,11,Friday,741,Clear,7,0
QP,MAA,BLR,20,1,Saturday,977,Clear,0,0
SG,MAA,CCU,15,11,Tuesday,1329,Clear,0,0
UK,BOM,CCU,22,9,Thursday,635,Clear,0,0
AI,BLR,HYD,4,12,Saturday,615,Cloudy,5,0
UK,CCU,BOM,15,11,Wednesday,1692,Clear,0,0
QP,HYD,MAA,2,1,Friday,781,Clear,0,0
6E,HYD,BOM,13,6,Tuesday,781,Rain,23,1
QP,MAA,CCU,4,1,Sunday,1814,Clear,0,0
SG,HYD,MAA,15,1,Monday,583,Clear,0,0
6E,DEL,CCU,7,12,Friday,1221,Clear,0,0
AI,BOM,BLR,3,3,Sunday,1499,Cloudy,22,1
AI,MAA,DEL,20,1,Monday,465,Rain,32,1
6E,BOM,MAA,21,12,Thursday,1404,Clear,2,0
6E,HYD,DEL,4,5,Sunday,928,Clear,2,0
SG,BLR,HYD,5,2,Monday,1196,Rain,22,1
UK,HYD,MAA,0,4,Wednesday,1075,Cloudy,0,0
UK,BOM,HYD,16,1,Sunday,407,Cloudy,2,0
SG,BOM,DEL,21,9,Monday,1028,Clear,14,0
SG,MAA,CCU,5,12,Sunday,519,Clear,13,0
SG,BOM,CCU,10,5,Saturday,1182,Storm,55,1
QP,BOM,BLR,16,11,Tuesday,1102,Cloudy,14,0
6E,CCU,MAA,10,5,Tuesday,1231,Rain,30,1
QP,DEL,MAA,18,6,Wednesday,1438,Clear,11,0
UK,HYD,BOM,18,3,Thursday,1715,Clear,0,0
AI,DEL,MAA,17,1,Sunday,1598,Clear,17,1
AI,MAA,DEL,17,2,Saturday,1206,Rain,39,1
AI,DEL,BOM,10,8,Monday,1348,Clear,19,1
QP,HYD,BOM,9,2,Friday,1157,Clear,0,0
AI,BLR,BOM,14,10,Wednesday,1058,Cloudy,2,0
QP,MAA,BLR,2,12,Thursday,1200,Storm,38,1
SG,DEL,BOM,14,4,Thursday,543,Clear,7,0
UK,HYD,MAA,0,4,Friday,580,Clear,0,0
QP,HYD,MAA,17,3,Saturday,631,Cloudy,7,0
QP,BOM,BLR,14,5,Tuesday,844,Clear,7,0
QP,BOM,CCU,11,11,Wednesday,1361,Cloudy,19,1
UK,MAA,BLR,7,5,Monday,598,Storm,40,1
6E,HYD,DEL,12,10,Wednesday,1083,Clear,0,0
AI,HYD,CCU,15,4,Sunday,598,Clear,17,1
QP,CCU,DEL,16,6,Saturday,624,Storm,55,1
QP,BLR,DEL,22,6,Friday,1421,Cloudy,10,0
UK,CCU,BLR,4,11,Saturday,963,Clear,0,0
AI,CCU,HYD,1,6,Thursday,1607,Clear,7,0
QP,HYD,BOM,15,8,Monday,1517,Cloudy,0,0
6E,BOM,CCU,3,11,Friday,806,Clear,10,0
UK,BLR,BOM,3,12,Monday,597,Rain,12,0
SG,DEL,CCU,6,11,Tuesday,1836,Clear,6,0
AI,MAA,HYD,17,2,Friday,656,Clear,5,0
AI,BOM,DEL,1,2,Sunday,1361,Clear,0,0
AI,CCU,BLR,9,6,Wednesday,1179,Rain,32,1
QP,HYD,DEL,2,5,Wednesday,1534,Clear,6,0
QP,BLR,CCU,20,9,Friday,1162,Cloudy,36,1
UK,BOM,HYD,18,6,Wednesday,523,Rain,40,1
UK,DEL,BLR,2,5,Tuesday,824,Clear,0,0
UK,MAA,BLR,6,2,Tuesday,1614,Fog,16,1
6E,MAA,HYD,11,5,Saturday,1405,Cloudy,0,0
UK,BOM,HYD,10,7,Friday,1466,Clear,5,0
6E,DEL,BLR,4,9,Wednesday,1324,Storm,49,1
SG,BOM,BLR,11,3,Sunday,1812,Rain,26,1
6E,MAA,BOM,20,8,Wednesday,622,Clear,6,0
SG,HYD,MAA,5,7,Friday,511,Rain,24,1
QP,DEL,BLR,3,4,Tuesday,1534,Cloudy,4,0
6E,DEL,BLR,9,11,Sunday,542,Rain,4,0
AI,DEL,MAA,11,6,Tuesday,624,Cloudy,18,1
UK,MAA,HYD,6,4,Thursday,1416,Rain,14,0
AI,MAA,CCU,2,9,Friday,1364,Rain,24,1
6E,BLR,BOM,2,3,Thursday,1594,Rain,24,1
SG,MAA,DEL,19,8,Friday,858,Clear,17,1
UK,DEL,BLR,3,9,Saturday,1232,Cloudy,0,0
UK,HYD,CCU,6,6,Saturday,625,Rain,22,1
SG,BOM,MAA,18,3,Wednesday,1816,Fog,45,1
AI,MAA,HYD,14,4,Friday,1314,Rain,25,1
UK,BLR,CCU,0,3,Thursday,1817,Clear,0,0
AI,CCU,DEL,4,2,Wednesday,1400,Rain,22,1
UK,HYD,BLR,11,12,Thursday,1795,Clear,0,0
6E,BLR,MAA,8,11,Saturday,931,Rain,18,1
QP,CCU,HYD,23,7,Friday,1513,Clear,7,0
6E,CCU,BOM,2,10,Monday,1794,Rain,19,1
6E,BLR,MAA,0,8,Monday,911,Clear,0,0
AI,BLR,CCU,13,8,Friday,806,Clear,13,0
AI,HYD,BOM,23,9,Thursday,1350,Rain,10,0
6E,BOM,HYD,0,7,Thursday,1064,Clear,15,1
6E,BLR,MAA,19,7,Saturday,1348,Clear,12,0
SG,CCU,DEL,23,2,Tuesday,644,,21,1
QP,CCU,DEL,9,8,Tuesday,630,Clear,13,0
QP,BLR,MAA,9,6,Friday,471,Clear,10,0
QP,BLR,MAA,23,3,Saturday,748,Rain,18,1
QP,CCU,DEL,15,6,Sunday,1574,Rain,29,1
UK,BOM,HYD,13,11,Sunday,1429,Clear,2,0
6E,DEL,MAA,6,6,Wednesday,910,Clear,0,0
SG,DEL,CCU,22,6,Tuesday,1467,Clear,16,1
6E,DEL,MAA,6,3,Friday,1222,Storm,41,1
SG,CCU,BOM,9,10,Tuesday,633,Cloudy,2,0
QP,DEL,HYD,20,2,Thursday,1402,Clear,23,1
AI,BOM,MAA,12,11,Wednesday,492,Rain,21,1
SG,HYD,BOM,18,12,Wednesday,548,Cloudy,26,1
QP,HYD,DEL,23,3,Sunday,747,Cloudy,9,0
UK,MAA,BLR,15,7,Wednesday,1159,Cloudy,0,0
6E,CCU,MAA,3,8,Saturday,910,Clear,10,0
6E,BLR,HYD,18,11,Tuesday,962,Clear,4,0
AI,BOM,HYD,14,4,Wednesday,1151,Cloudy,5,0
6E,DEL,HYD,4,9,Tuesday,1615,Clear,0,0
SG,CCU,MAA,2,2,Saturday,968,Clear,0,0
UK,BLR,HYD,22,10,Saturday,1122,Fog,21,1
6E,CCU,DEL,2,10,Monday,641,Cloudy,0,0
UK,BLR,MAA,10,3,Wednesday,1727,Rain,21,1
QP,MAA,BOM,23,2,Sunday,1564,Rain,17,1
AI,HYD,MAA,20,2,Thursday,848,Clear,16,1
AI,MAA,CCU,20,10,Tuesday,1710,Cloudy,15,1
QP,HYD,MAA,17,8,Tuesday,511,Clear,10,0
SG,BOM,MAA,11,5,Thursday,680,Clear,4,0
UK,DEL,MAA,6,7,Tuesday,1232,Cloudy,9,0
QP,DEL,CCU,21,7,Thursday,1179,Clear,8,0
UK,BLR,BOM,13,2,Friday,627,Clear,0,0
UK,CCU,BOM,9,6,Thursday,1146,Storm,61,1
6E,HYD,BLR,23,8,Friday,579,Clear,5,0
QP,MAA,BOM,8,8,Monday,1094,Clear,14,0
SG,BOM,BLR,0,3,Thursday,1045,Cloudy,22,1
6E,BLR,DEL,14,12,Monday,866,Clear,0,0
SG,BLR,MAA,10,2,Friday,697,Storm,60,1
SG,DEL,BLR,14,11,Thursday,1280,Clear,17,1
AI,HYD,MAA,14,12,Friday,1165,Rain,33,1
AI,BLR,DEL,15,10,Wednesday,1565,Clear,7,0
UK,BLR,CCU,8,7,Tuesday,1211,Clear,0,0
SG,HYD,DEL,6,3,Friday,1495,Clear,14,0
SG,DEL,BOM,7,4,Monday,1672,Clear,0,0
6E,CCU,MAA,23,7,Thursday,1018,Rain,19,1
QP,BOM,MAA,17,2,Tuesday,814,Clear,0,0
UK,MAA,BOM,9,9,Wednesday,1322,Clear,0,0
6E,MAA,CCU,21,12,Thursday,1165,Clear,0,0
AI,DEL,CCU,18,9,Thursday,1407,Clear,21,1
QP,BOM,DEL,12,12,Tuesday,1593,Clear,0,0
SG,BLR,BOM,19,6,Monday,1342,Rain,36,1
UK,MAA,DEL,22,4,Thursday,1238,Cloudy,0,0
6E,HYD,DEL,13,1,Tuesday,1722,Clear,0,0
AI,BLR,DEL,2,6,Monday,949,Clear,3,0
AI,CCU,MAA,10,2,Saturday,638,Clear,0,0
AI,BLR,HYD,5,8,Thursday,532,Clear,0,0
UK,CCU,DEL,16,10,Monday,723,Clear,0,0
AI,MAA,BLR,2,2,Wednesday,806,Clear,0,0
AI,BOM,DEL,11,7,Monday,1129,Clear,31,1
6E,BLR,BOM,10,7,Sunday,561,Storm,54,1
SG,DEL,BOM,9,4,Thursday,1499,Clear,19,1
UK,BOM,HYD,15,3,Sunday,1408,Clear,4,0
AI,DEL,HYD,13,9,Wednesday,812,Cloudy,5,0
SG,DEL,MAA,4,3,Sunday,1109,Clear,19,1
UK,DEL,CCU,19,1,Sunday,398,Cloudy,19,1
AI,MAA,CCU,10,8,Friday,923,Clear,22,1
SG,BLR,MAA,3,1,Wednesday,1072,Clear,0,0
QP,BLR,MAA,16,4,Sunday,1681,Cloudy,23,1
UK,MAA,CCU,9,2,Friday,1246,Clear,2,0
AI,MAA,CCU,15,7,Tuesday,1232,Storm,46,1
6E,HYD,BOM,18,3,Monday,1858,Cloudy,2,0
UK,BLR,HYD,15,4,Thursday,1881,Clear,0,0
QP,HYD,BOM,22,5,Tuesday,1178,Clear,0,0
QP,BLR,CCU,14,6,Saturday,968,Clear,7,0
QP,BLR,DEL,9,9,Thursday,952,Clear,3,0
QP,BOM,BLR,23,12,Thursday,1216,Clear,6,0
UK,BOM,BLR,12,8,Tuesday,1624,Storm,40,1
SG,BOM,CCU,17,6,Tuesday,807,Clear,18,1
SG,HYD,BOM,7,8,Tuesday,1589,Clear,10,0
SG,MAA,CCU,21,7,Friday,1788,Clear,0,0
SG,BLR,DEL,22,1,Saturday,1335,Clear,4,0
AI,DEL,MAA,22,6,Sunday,753,Clear,2,0
QP,HYD,DEL,9,9,Friday,935,Fog,30,1
AI,CCU,BLR,20,11,Thursday,754,Clear,10,0
UK,HYD,BOM,16,2,Friday,800,Clear,8,0
UK,DEL,BOM,2,9,Tuesday,1333,Clear,0,0
QP,DEL,HYD,22,2,Sunday,512,,16,1
AI,HYD,BOM,12,1,Monday,926,Rain,26,1
UK,CCU,BOM,12,1,Sunday,1739,Cloudy,5,0
6E,DEL,CCU,9,2,Monday,1696,Cloudy,10,0
AI,MAA,BOM,20,2,Sunday,530,Rain,35,1
6E,MAA,DEL,2,7,Saturday,579,Rain,8,0
UK,DEL,CCU,9,12,Wednesday,791,Clear,0,0
QP,BOM,BLR,13,10,Thursday,492,Cloudy,8,0
6E,DEL,HYD,4,9,Wednesday,1084,Cloudy,39,1
QP,HYD,DEL,5,2,Tuesday,591,Clear,2,0
SG,BOM,CCU,14,12,Wednesday,782,Cloudy,11,0
QP,CCU,HYD,13,7,Sunday,858,Cloudy,8,0
QP,DEL,BOM,19,1,Tuesday,1798,Clear,18,1
SG,HYD,BLR,19,8,Thursday,1532,Clear,19,1
SG,MAA,BOM,0,9,Friday,1533,Cloudy,21,1
AI,BOM,CCU,9,5,Saturday,1741,Clear,2,0
SG,BOM,MAA,20,9,Wednesday,1856,Clear,15,1
AI,MAA,BLR,22,9,Saturday,1660,Clear,8,0
SG,DEL,CCU,2,7,Tuesday,1852,Rain,33,1
SG,BLR,BOM,18,5,Saturday,1913,Cloudy,23,1
SG,BOM,CCU,5,12,Monday,671,Clear,0,0
SG,DEL,BOM,19,8,Sunday,936,Rain,61,1
6E,BLR,CCU,10,6,Monday,1125,Clear,0,0
6E,BLR,CCU,2,10,Sunday,1256,Fog,32,1
UK,BLR,HYD,4,3,Saturday,1128,Storm,31,1
UK,MAA,DEL,22,12,Monday,827,Cloudy,0,0
6E,DEL,MAA,18,9,Saturday,992,Rain,41,1
UK,BLR,MAA,0,8,Wednesday,1416,Rain,17,1
UK,BOM,CCU,22,4,Sunday,1601,Clear,0,0
6E,MAA,BOM,20,5,Sunday,1695,Clear,9,0
SG,HYD,BOM,13,12,Sunday,1617,Clear,0,0
6E,MAA,BLR,0,9,Friday,685,Clear,3,0
6E,DEL,BLR,10,2,Sunday,739,Clear,17,1
UK,BLR,DEL,3,10,Thursday,1138,Clear,8,0
AI,DEL,BLR,8,2,Monday,1586,Clear,18,1
SG,BOM,BLR,7,5,Sunday,1064,Clear,15,1
SG,CCU,BLR,17,6,Monday,592,Rain,29,1
QP,MAA,DEL,17,5,Friday,1715,Clear,11,0
6E,DEL,BOM,4,6,Thursday,1218,Cloudy,7,0
UK,BLR,CCU,21,2,Wednesday,1853,Clear,0,0
UK,CCU,DEL,16,8,Saturday,801,Clear,18,1
SG,BOM,DEL,15,9,Tuesday,1504,Clear,1,0
SG,MAA,CCU,18,11,Sunday,564,Clear,10,0
QP,BOM,DEL,17,6,Saturday,1568,Clear,7,0
QP,BLR,BOM,18,7,Sunday,1972,Clear,20,1
AI,CCU,DEL,6,2,Saturday,1709,Clear,10,0
6E,MAA,BLR,16,5,Saturday,1095,Rain,17,1
SG,BOM,CCU,23,7,Sunday,1890,Clear,14,0
UK,DEL,CCU,18,5,Sunday,1956,Clear,18,1
UK,BOM,HYD,9,12,Saturday,514,Storm,50,1
AI,BLR,MAA,15,4,Saturday,1152,Clear,0,0
UK,DEL,HYD,21,1,Tuesday,1784,Cloudy,0,0
SG,CCU,MAA,15,11,Tuesday,1642,Clear,2,0
AI,DEL,HYD,18,7,Wednesday,1262,Cloudy,28,1
UK,HYD,BOM,21,1,Wednesday,732,Clear,0,0
QP,CCU,DEL,8,12,Wednesday,936,Rain,16,1
UK,BLR,CCU,8,3,Wednesday,420,Clear,0,0
QP,HYD,DEL,8,12,Tuesday,1223,Cloudy,3,0
6E,DEL,HYD,8,5,Thursday,538,Clear,0,0
AI,MAA,BOM,16,5,Saturday,1118,Clear,14,0
SG,CCU,DEL,11,3,Saturday,772,Clear,16,1
6E,MAA,BOM,22,3,Monday,1213,Cloudy,0,0
AI,DEL,CCU,16,10,Thursday,555,Clear,8,0
AI,BLR,DEL,16,6,Thursday,1022,Cloudy,42,1
QP,MAA,HYD,22,7,Saturday,928,Rain,22,1
SG,MAA,DEL,20,4,Sunday,1205,Clear,23,1
6E,BLR,BOM,0,6,Wednesday,1561,Rain,20,1
UK,CCU,HYD,23,6,Saturday,1521,Rain,16,1
6E,BOM,MAA,21,4,Friday,1203,Cloudy,13,0
AI,MAA,DEL,7,8,Tuesday,503,Cloudy,3,0
QP,BLR,DEL,5,6,Thursday,1753,Fog,30,1
QP,MAA,BOM,12,10,Monday,1373,Rain,15,1
6E,HYD,MAA,23,10,Monday,1243,Clear,0,0
6E,BLR,BOM,14,8,Wednesday,1430,Cloudy,0,0
QP,MAA,BOM,13,2,Sunday,1131,Clear,6,0
UK,CCU,DEL,5,11,Friday,1646,Clear,2,0
6E,MAA,CCU,21,9,Friday,897,Clear,6,0
6E,DEL,MAA,19,9,Saturday,1392,Clear,24,1
UK,BLR,CCU,1,8,Thursday,1840,Clear,0,0
UK,MAA,BLR,6,7,Thursday,1808,Cloudy,0,0
AI,CCU,MAA,21,7,Tuesday,1497,Rain,17,1
UK,BLR,HYD,16,2,Tuesday,1591,Rain,22,1
UK,MAA,HYD,9,12,Sunday,667,Clear,0,0
6E,HYD,BLR,12,10,Friday,1130,Clear,0,0
6E,BOM,HYD,3,11,Monday,1446,Cloudy,9,0
UK,CCU,BLR,20,9,Wednesday,831,Clear,9,0
6E,BLR,HYD,15,4,Saturday,939,Fog,22,1
QP,HYD,BLR,12,5,Saturday,1279,Cloudy,5,0
UK,BOM,CCU,14,11,Friday,1968,Clear,0,0
UK,DEL,CCU,14,3,Monday,1014,Clear,0,0
6E,BLR,DEL,10,8,Wednesday,1571,Cloudy,25,1
QP,MAA,BLR,4,8,Wednesday,1161,Clear,5,0
AI,BOM,MAA,11,3,Tuesday,1380,Clear,0,0
UK,CCU,HYD,19,2,Wednesday,1432,Clear,3,0
AI,MAA,BOM,1,1,Wednesday,1811,Cloudy,6,0
SG,HYD,CCU,9,10,Friday,1581,Cloudy,8,0
6E,MAA,DEL,19,4,Wednesday,1553,Clear,10,0
6E,CCU,HYD,13,3,Wednesday,1176,Cloudy,0,0
AI,MAA,BLR,0,11,Sunday,508,Cloudy,20,1
SG,MAA,BOM,20,8,Wednesday,470,Rain,48,1
6E,MAA,BOM,1,1,Tuesday,1752,Clear,0,0
6E,CCU,DEL,11,4,Saturday,1686,Clear,0,0
QP,DEL,MAA,2,6,Tuesday,970,Rain,31,1
AI,BLR,HYD,6,6,Tuesday,368,Clear,0,0
UK,CCU,HYD,9,10,Saturday,1289,Fog,25,1
AI,BLR,MAA,6,10,Tuesday,923,,5,0
AI,DEL,BOM,21,1,Monday,1329,Clear,7,0
AI,CCU,MAA,13,4,Monday,831,Clear,8,0
AI,HYD,DEL,8,8,Saturday,510,Clear,14,0
QP,CCU,MAA,6,1,Tuesday,981,Rain,27,1
UK,DEL,MAA,11,7,Wednesday,1034,Clear,3,0
QP,DEL,BLR,8,1,Thursday,1305,Rain,30,1
6E,HYD,MAA,19,7,Tuesday,655,Cloudy,11,0
SG,BOM,MAA,5,1,Tuesday,1780,Cloudy,0,0
AI,HYD,MAA,16,9,Monday,1513,Cloudy,25,1
AI,BLR,HYD,10,6,Monday,1447,Fog,32,1
AI,BOM,DEL,6,12,Sunday,946,Rain,29,1
QP,MAA,CCU,11,1,Sunday,1147,Fog,10,0
SG,DEL,CCU,2,11,Friday,1972,Rain,25,1
SG,CCU,MAA,12,5,Thursday,1468,Clear,0,0
QP,DEL,CCU,17,6,Saturday,1261,Clear,45,1
6E,HYD,BLR,14,9,Saturday,1451,Clear,0,0
SG,CCU,MAA,0,8,Thursday,1935,Fog,38,1
UK,DEL,MAA,14,11,Saturday,1123,Fog,23,1
UK,CCU,BOM,0,10,Monday,943,Clear,0,0
SG,BOM,HYD,8,3,Tuesday,1033,Clear,6,0
UK,MAA,DEL,15,4,Saturday,1504,Cloudy,0,0
AI,CCU,BLR,21,11,Thursday,1214,Cloudy,0,0
